 train         node      observed        predicted
     n             6               NA    0.282264E+004
     y             6    0.108700E+004    0.282264E+004
     y             6    0.100000E+004    0.282264E+004
     y             6    0.300000E+003    0.282264E+004
     y             2    0.100000E+002    0.980353E+003
     y           252    0.141304E+006    0.414540E+005
     y             6    0.550000E+002    0.282264E+004
     y             6    0.750000E+002    0.282264E+004
     y             6    0.250000E+002    0.282264E+004
     y             6    0.200000E+002    0.282264E+004
     y             6    0.180000E+005    0.282264E+004
     y             6    0.500000E+003    0.282264E+004
     y             6    0.100000E+001    0.282264E+004
     n             2               NA    0.980353E+003
     y             2    0.300000E+003    0.980353E+003
     y            30    0.100000E+003    0.264654E+004
     n             6               NA    0.282264E+004
     y             6    0.467000E+003    0.282264E+004
     y             6    0.160000E+003    0.282264E+004
     n             6               NA    0.282264E+004
     y            62    0.200000E+003    0.803633E+004
     n             6               NA    0.282264E+004
     n            30               NA    0.264654E+004
     y             6    0.160000E+003    0.282264E+004
     y           252    0.270000E+005    0.414540E+005
     n             6               NA    0.282264E+004
     y             6    0.200000E+002    0.282264E+004
     n             6               NA    0.282264E+004
     n            62               NA    0.803633E+004
     n             6               NA    0.282264E+004
     y            30    0.100000E+004    0.264654E+004
     n             6               NA    0.282264E+004
     y             6    0.100000E+001    0.282264E+004
     n             6               NA    0.282264E+004
     y             2    0.360000E+003    0.980353E+003
     y            62    0.200000E+003    0.803633E+004
     y             6    0.100000E+004    0.282264E+004
     n             6               NA    0.282264E+004
     y            30    0.300000E+003    0.264654E+004
     y             2    0.100000E+003    0.980353E+003
     n             6               NA    0.282264E+004
     n             6               NA    0.282264E+004
     y             6    0.488600E+004    0.282264E+004
     y             2    0.100000E+004    0.980353E+003
     y             6    0.399100E+004    0.282264E+004
     n             6               NA    0.282264E+004
     n             6               NA    0.282264E+004
     y             6    0.150000E+003    0.282264E+004
     n            30               NA    0.264654E+004
     y             6    0.100000E+001    0.282264E+004
     n           253               NA    0.503211E+004
     y             6    0.120000E+002    0.282264E+004
     y             2    0.141304E+006    0.980353E+003
     y           253    0.200000E+005    0.503211E+004
     y            28    0.100000E+001    0.276413E+005
     y             6    0.425000E+003    0.282264E+004
     y             2    0.500000E+002    0.980353E+003
     y             6    0.440000E+004    0.282264E+004
     n             6               NA    0.282264E+004
     y             6    0.500000E+003    0.282264E+004
     y            30    0.100000E+004    0.264654E+004
     y             2    0.200000E+001    0.980353E+003
     y            30    0.140000E+004    0.264654E+004
     y             6    0.100000E+001    0.282264E+004
     y             6    0.120000E+004    0.282264E+004
     y             6    0.350000E+003    0.282264E+004
     n             6               NA    0.282264E+004
     n             2               NA    0.980353E+003
     n             6               NA    0.282264E+004
     y             2    0.150000E+003    0.980353E+003
     y             6    0.800000E+002    0.282264E+004
     y           252    0.160000E+004    0.414540E+005
     y             6    0.300000E+005    0.282264E+004
     y            62    0.100000E+003    0.803633E+004
     n             6               NA    0.282264E+004
     y             6    0.700000E+001    0.282264E+004
     n             6               NA    0.282264E+004
     n             2               NA    0.980353E+003
     n             2               NA    0.980353E+003
     y             6    0.400000E+004    0.282264E+004
     n             6               NA    0.282264E+004
     y             6    0.150000E+003    0.282264E+004
     n             6               NA    0.282264E+004
     y             2    0.450000E+003    0.980353E+003
     n             6               NA    0.282264E+004
     n             6               NA    0.282264E+004
     n            30               NA    0.264654E+004
     y             6    0.100000E+001    0.282264E+004
     y            30    0.150000E+004    0.264654E+004
     y             6    0.700000E+003    0.282264E+004
     y             6    0.200000E+003    0.282264E+004
     y             2    0.150000E+003    0.980353E+003
     n             6               NA    0.282264E+004
     y             6    0.500000E+001    0.282264E+004
     y            62    0.350000E+004    0.803633E+004
     y             2    0.200000E+001    0.980353E+003
     y             6    0.746000E+003    0.282264E+004
     y             6    0.500000E+001    0.282264E+004
     n             6               NA    0.282264E+004
     y            30    0.200000E+002    0.264654E+004
     y             6    0.900000E+002    0.282264E+004
     n             6               NA    0.282264E+004
     n           252               NA    0.414540E+005
     y             6    0.120000E+003    0.282264E+004
     y             2    0.100000E+003    0.980353E+003
     y             2    0.150000E+002    0.980353E+003
     y             6    0.750000E+003    0.282264E+004
     y             6    0.450000E+004    0.282264E+004
     y             2    0.360000E+003    0.980353E+003
     n             6               NA    0.282264E+004
     n             2               NA    0.980353E+003
     n             2               NA    0.980353E+003
     n             6               NA    0.282264E+004
     n             6               NA    0.282264E+004
     n           253               NA    0.503211E+004
     y             6    0.114900E+005    0.282264E+004
     y             2    0.500000E+001    0.980353E+003
     y             2    0.480000E+002    0.980353E+003
     y             6    0.500000E+001    0.282264E+004
     y             6    0.106000E+004    0.282264E+004
     n             6               NA    0.282264E+004
     y             2    0.240000E+002    0.980353E+003
     y            30    0.111570E+005    0.264654E+004
     y             6    0.350000E+005    0.282264E+004
     n             2               NA    0.980353E+003
     y             6    0.770000E+004    0.282264E+004
     n             2               NA    0.980353E+003
     n             6               NA    0.282264E+004
     y             6    0.100000E+004    0.282264E+004
     y             2    0.222800E+004    0.980353E+003
     y            30    0.800000E+004    0.264654E+004
     y             6    0.200000E+004    0.282264E+004
     n             2               NA    0.980353E+003
     y             6    0.350000E+002    0.282264E+004
     y             6    0.250000E+004    0.282264E+004
     n             6               NA    0.282264E+004
     y             6    0.869600E+004    0.282264E+004
     y             6    0.100000E+001    0.282264E+004
     y             6    0.250000E+002    0.282264E+004
     n             6               NA    0.282264E+004
     n            62               NA    0.803633E+004
     n             2               NA    0.980353E+003
     y             6    0.131900E+004    0.282264E+004
     n             6               NA    0.282264E+004
     n             6               NA    0.282264E+004
     y            30    0.250000E+003    0.264654E+004
     n             2               NA    0.980353E+003
     y             6    0.600000E+004    0.282264E+004
     n           253               NA    0.503211E+004
     y             6    0.140000E+002    0.282264E+004
     y             2    0.200000E+003    0.980353E+003
     y             2    0.100000E+002    0.980353E+003
     y             6    0.240000E+002    0.282264E+004
     y             6    0.200000E+005    0.282264E+004
     y             6    0.371700E+004    0.282264E+004
     y            30    0.120000E+004    0.264654E+004
     n            30               NA    0.264654E+004
     n            28               NA    0.276413E+005
     y             6    0.400000E+005    0.282264E+004
     y             6    0.240000E+003    0.282264E+004
     n             6               NA    0.282264E+004
     n             6               NA    0.282264E+004
     y             6    0.450000E+002    0.282264E+004
     y            28    0.400000E+004    0.276413E+005
     n             2               NA    0.980353E+003
     y           252    0.560000E+004    0.414540E+005
     y             6    0.500000E+002    0.282264E+004
     n             6               NA    0.282264E+004
     n             2               NA    0.980353E+003
     y             2    0.100000E+001    0.980353E+003
     y             6    0.200000E+001    0.282264E+004
     n             2               NA    0.980353E+003
     y             6    0.900000E+001    0.282264E+004
     y             6    0.173000E+005    0.282264E+004
     n             2               NA    0.980353E+003
     n            62               NA    0.803633E+004
     y             6    0.100000E+003    0.282264E+004
     y             2    0.800000E+002    0.980353E+003
     n             6               NA    0.282264E+004
     n             6               NA    0.282264E+004
     y             6    0.110000E+002    0.282264E+004
     y            30    0.300000E+002    0.264654E+004
     y           253    0.235540E+005    0.503211E+004
     y             6    0.200000E+002    0.282264E+004
     y             6    0.170000E+005    0.282264E+004
     n             6               NA    0.282264E+004
     y            62    0.100000E+004    0.803633E+004
     y             2    0.100000E+001    0.980353E+003
     y             2    0.100000E+003    0.980353E+003
     n             2               NA    0.980353E+003
     y           253    0.120000E+005    0.503211E+004
     y             6    0.860000E+002    0.282264E+004
     y           127    0.141304E+006    0.124324E+006
     y             6    0.160000E+003    0.282264E+004
     y            62    0.200000E+003    0.803633E+004
     n             6               NA    0.282264E+004
     n            62               NA    0.803633E+004
     y             6    0.500000E+001    0.282264E+004
     n             6               NA    0.282264E+004
     y             6    0.100000E+003    0.282264E+004
     n             6               NA    0.282264E+004
     y            62    0.350000E+003    0.803633E+004
     n             6               NA    0.282264E+004
     y             6    0.440000E+004    0.282264E+004
     n             6               NA    0.282264E+004
     y             2    0.300000E+001    0.980353E+003
     y             6    0.320000E+003    0.282264E+004
     y             6    0.121200E+004    0.282264E+004
     y             2    0.210000E+002    0.980353E+003
     y            62    0.300000E+005    0.803633E+004
     y             6    0.120000E+002    0.282264E+004
     y             2    0.130000E+002    0.980353E+003
     n             6               NA    0.282264E+004
     y             6    0.120000E+004    0.282264E+004
     n             2               NA    0.980353E+003
     y             6    0.100000E+001    0.282264E+004
     y             6    0.100000E+001    0.282264E+004
     n             2               NA    0.980353E+003
     n             6               NA    0.282264E+004
     y             6    0.200000E+004    0.282264E+004
     y             6    0.100000E+001    0.282264E+004
     y            30    0.400000E+002    0.264654E+004
     y             6    0.120000E+002    0.282264E+004
     n             6               NA    0.282264E+004
     y            30    0.400000E+002    0.264654E+004
     y             6    0.500000E+003    0.282264E+004
     n             2               NA    0.980353E+003
     y             6    0.400000E+002    0.282264E+004
     y            28    0.120000E+004    0.276413E+005
     n           253               NA    0.503211E+004
     y            62    0.202100E+004    0.803633E+004
     y             6    0.100000E+002    0.282264E+004
     y             2    0.150000E+002    0.980353E+003
     n             6               NA    0.282264E+004
     y             6    0.300000E+004    0.282264E+004
     n             2               NA    0.980353E+003
     y             6    0.100000E+003    0.282264E+004
     y             6    0.150000E+002    0.282264E+004
     y             2    0.100000E+001    0.980353E+003
     y             6    0.200000E+001    0.282264E+004
     n             6               NA    0.282264E+004
     n             6               NA    0.282264E+004
     n             6               NA    0.282264E+004
     y             6    0.400000E+002    0.282264E+004
     y             6    0.100000E+001    0.282264E+004
     n            62               NA    0.803633E+004
     y             6    0.302000E+003    0.282264E+004
     n             6               NA    0.282264E+004
     y            62    0.226100E+004    0.803633E+004
     n             2               NA    0.980353E+003
     y             6    0.202000E+003    0.282264E+004
     n             6               NA    0.282264E+004
     y             2    0.250000E+002    0.980353E+003
     y            30    0.200000E+002    0.264654E+004
     y             6    0.125000E+003    0.282264E+004
     y             2    0.500000E+001    0.980353E+003
     n            62               NA    0.803633E+004
     y             2    0.392800E+004    0.980353E+003
     y             6    0.100000E+001    0.282264E+004
     y             6    0.100000E+003    0.282264E+004
     y             6    0.650000E+004    0.282264E+004
     y             6    0.350000E+004    0.282264E+004
     y             6    0.100000E+001    0.282264E+004
     y            30    0.100000E+002    0.264654E+004
     y             2    0.600000E+002    0.980353E+003
     n             6               NA    0.282264E+004
     y            62    0.400000E+003    0.803633E+004
     y             2    0.300000E+003    0.980353E+003
     y            62    0.141304E+006    0.803633E+004
     y            30    0.600000E+002    0.264654E+004
     n             6               NA    0.282264E+004
     y            30    0.196400E+004    0.264654E+004
     n            30               NA    0.264654E+004
     y             6    0.150000E+002    0.282264E+004
     y             6    0.240000E+004    0.282264E+004
     y             2    0.500000E+001    0.980353E+003
     y             6    0.210000E+005    0.282264E+004
     n             6               NA    0.282264E+004
     y             6    0.489000E+003    0.282264E+004
     y             6    0.100000E+001    0.282264E+004
     y            30    0.400000E+001    0.264654E+004
     n             6               NA    0.282264E+004
     y             2    0.400000E+001    0.980353E+003
     n           253               NA    0.503211E+004
     n             6               NA    0.282264E+004
     n             6               NA    0.282264E+004
     n             6               NA    0.282264E+004
     y             6    0.200000E+003    0.282264E+004
     n           253               NA    0.503211E+004
     n             6               NA    0.282264E+004
     y             6    0.600000E+001    0.282264E+004
     y            62    0.400000E+005    0.803633E+004
     n             2               NA    0.980353E+003
     y             2    0.400000E+003    0.980353E+003
     y             6    0.560000E+004    0.282264E+004
     y             6    0.200000E+001    0.282264E+004
     y             6    0.250000E+003    0.282264E+004
     y             6    0.900000E+003    0.282264E+004
     y             6    0.965000E+003    0.282264E+004
     n            30               NA    0.264654E+004
     y             2    0.280000E+004    0.980353E+003
     y            30    0.290000E+003    0.264654E+004
     y            30    0.350000E+004    0.264654E+004
     y             6    0.100000E+001    0.282264E+004
     n            30               NA    0.264654E+004
     y             6    0.100000E+004    0.282264E+004
     n             6               NA    0.282264E+004
     n             2               NA    0.980353E+003
     y             6    0.100000E+001    0.282264E+004
     y             6    0.500000E+001    0.282264E+004
     y             6    0.179400E+004    0.282264E+004
     y             6    0.200000E+002    0.282264E+004
     y             6    0.100000E+001    0.282264E+004
     y            62    0.500000E+003    0.803633E+004
     y             2    0.160000E+002    0.980353E+003
     n           127               NA    0.124324E+006
     y             2    0.360000E+004    0.980353E+003
     y             6    0.500000E+001    0.282264E+004
     n             6               NA    0.282264E+004
     n             6               NA    0.282264E+004
     n             2               NA    0.980353E+003
     y             6    0.100000E+001    0.282264E+004
     n             2               NA    0.980353E+003
     n             6               NA    0.282264E+004
     n             6               NA    0.282264E+004
     y             2    0.500000E+001    0.980353E+003
     y             2    0.500000E+003    0.980353E+003
     n            30               NA    0.264654E+004
     y             2    0.100000E+001    0.980353E+003
     n             6               NA    0.282264E+004
     n            28               NA    0.276413E+005
     n             2               NA    0.980353E+003
     y             6    0.100000E+002    0.282264E+004
     n             2               NA    0.980353E+003
     n             6               NA    0.282264E+004
     y             6    0.400000E+003    0.282264E+004
     y            30    0.250000E+002    0.264654E+004
     y           252    0.260830E+005    0.414540E+005
     y             6    0.500000E+002    0.282264E+004
     y             6    0.100000E+001    0.282264E+004
     y             2    0.500000E+001    0.980353E+003
     n             6               NA    0.282264E+004
     y             6    0.250000E+002    0.282264E+004
     y             6    0.260000E+004    0.282264E+004
     n            30               NA    0.264654E+004
     y             6    0.500000E+003    0.282264E+004
     y             6    0.250000E+002    0.282264E+004
     y             6    0.220000E+002    0.282264E+004
     n            62               NA    0.803633E+004
     y             2    0.500000E+002    0.980353E+003
     y             2    0.500000E+002    0.980353E+003
     n             6               NA    0.282264E+004
     y             6    0.500000E+001    0.282264E+004
     y             6    0.400000E+003    0.282264E+004
     y             6    0.250000E+003    0.282264E+004
     y             2    0.230000E+005    0.980353E+003
     y            30    0.500000E+001    0.264654E+004
     y             2    0.100000E+002    0.980353E+003
     y             2    0.400000E+003    0.980353E+003
     n             6               NA    0.282264E+004
     n             6               NA    0.282264E+004
     n             6               NA    0.282264E+004
     y             2    0.500000E+003    0.980353E+003
     y             6    0.222800E+004    0.282264E+004
     y             6    0.120000E+004    0.282264E+004
     n             6               NA    0.282264E+004
     y            30    0.300000E+002    0.264654E+004
     y             6    0.982000E+003    0.282264E+004
     y             6    0.100000E+001    0.282264E+004
     y             6    0.600000E+003    0.282264E+004
     n             2               NA    0.980353E+003
     n            62               NA    0.803633E+004
     n             6               NA    0.282264E+004
     y             6    0.100000E+001    0.282264E+004
     y             6    0.200000E+002    0.282264E+004
     y             6    0.800000E+004    0.282264E+004
     n             6               NA    0.282264E+004
     y             6    0.399100E+004    0.282264E+004
     y             2    0.110000E+004    0.980353E+003
     n             6               NA    0.282264E+004
     n             6               NA    0.282264E+004
     y             6    0.480000E+002    0.282264E+004
     n            28               NA    0.276413E+005
     n             6               NA    0.282264E+004
     y             2    0.500000E+001    0.980353E+003
     y             6    0.300000E+001    0.282264E+004
     y             6    0.850000E+002    0.282264E+004
     n           253               NA    0.503211E+004
     n             6               NA    0.282264E+004
     n            62               NA    0.803633E+004
     n             6               NA    0.282264E+004
     n            30               NA    0.264654E+004
     n             2               NA    0.980353E+003
     n             6               NA    0.282264E+004
     y            29    0.141304E+006    0.858593E+005
     y             2    0.150000E+002    0.980353E+003
     n            62               NA    0.803633E+004
     n             6               NA    0.282264E+004
     y             6    0.100000E+002    0.282264E+004
     y             6    0.200000E+004    0.282264E+004
     y             6    0.560000E+002    0.282264E+004
     y             6    0.300000E+004    0.282264E+004
     y             2    0.100000E+001    0.980353E+003
     n             6               NA    0.282264E+004
     y             6    0.368800E+004    0.282264E+004
     y             6    0.100000E+002    0.282264E+004
     n            30               NA    0.264654E+004
     n             2               NA    0.980353E+003
     y             2    0.150000E+002    0.980353E+003
     n            30               NA    0.264654E+004
     y            30    0.700000E+001    0.264654E+004
     n             6               NA    0.282264E+004
     y             2    0.200000E+001    0.980353E+003
     n             6               NA    0.282264E+004
     y             6    0.200000E+004    0.282264E+004
     y             6    0.400000E+002    0.282264E+004
     y             6    0.122000E+003    0.282264E+004
     y            62    0.141304E+006    0.803633E+004
     y             6    0.200000E+002    0.282264E+004
     n             6               NA    0.282264E+004
     y             6    0.360000E+002    0.282264E+004
     n             6               NA    0.282264E+004
     y             6    0.713900E+004    0.282264E+004
     n             6               NA    0.282264E+004
     n             6               NA    0.282264E+004
     y             2    0.500000E+001    0.980353E+003
     n             2               NA    0.980353E+003
     y            28    0.170000E+002    0.276413E+005
     n             6               NA    0.282264E+004
     y             6    0.300000E+002    0.282264E+004
     y             6    0.100000E+001    0.282264E+004
     y             2    0.100000E+001    0.980353E+003
     y             6    0.180000E+004    0.282264E+004
     y             6    0.100000E+002    0.282264E+004
     y             6    0.680000E+003    0.282264E+004
     n            30               NA    0.264654E+004
     n             6               NA    0.282264E+004
     y             6    0.180000E+005    0.282264E+004
     y             6    0.600000E+002    0.282264E+004
     n             6               NA    0.282264E+004
     y             2    0.200000E+002    0.980353E+003
     n             6               NA    0.282264E+004
     y           253    0.900000E+004    0.503211E+004
     y            28    0.550000E+002    0.276413E+005
     y             6    0.400000E+003    0.282264E+004
     y            30    0.900000E+002    0.264654E+004
     y             6    0.100000E+004    0.282264E+004
     n             6               NA    0.282264E+004
     n            62               NA    0.803633E+004
     y             2    0.300000E+004    0.980353E+003
     y             6    0.130000E+002    0.282264E+004
     n             2               NA    0.980353E+003
     n            62               NA    0.803633E+004
     y             6    0.160000E+002    0.282264E+004
     n             6               NA    0.282264E+004
     n             6               NA    0.282264E+004
     y             6    0.800000E+001    0.282264E+004
     n             6               NA    0.282264E+004
     n             6               NA    0.282264E+004
     n             6               NA    0.282264E+004
     y           253    0.420000E+002    0.503211E+004
     y             2    0.200000E+002    0.980353E+003
     n             6               NA    0.282264E+004
     n             6               NA    0.282264E+004
     n            30               NA    0.264654E+004
     y             2    0.200000E+001    0.980353E+003
     n             6               NA    0.282264E+004
     n             6               NA    0.282264E+004
     y             6    0.240000E+002    0.282264E+004
     n             6               NA    0.282264E+004
     y           253    0.500000E+004    0.503211E+004
     n             6               NA    0.282264E+004
     y             6    0.300000E+003    0.282264E+004
     n             6               NA    0.282264E+004
     y             6    0.800000E+002    0.282264E+004
     y             2    0.300000E+001    0.980353E+003
     y            29    0.640000E+002    0.858593E+005
     y            30    0.100000E+001    0.264654E+004
     y             2    0.108400E+004    0.980353E+003
     n             6               NA    0.282264E+004
     y             6    0.100000E+003    0.282264E+004
     y             2    0.100000E+003    0.980353E+003
     n             6               NA    0.282264E+004
     y             6    0.400000E+005    0.282264E+004
     y             6    0.500000E+003    0.282264E+004
     y             2    0.200000E+001    0.980353E+003
     y             6    0.270000E+005    0.282264E+004
     n             6               NA    0.282264E+004
     n             2               NA    0.980353E+003
     y             6    0.200000E+001    0.282264E+004
     y             2    0.500000E+001    0.980353E+003
     y             6    0.300000E+001    0.282264E+004
     y            62    0.100000E+003    0.803633E+004
     y             2    0.200000E+002    0.980353E+003
     y             6    0.300000E+003    0.282264E+004
     n             6               NA    0.282264E+004
     y             6    0.100000E+002    0.282264E+004
     y             6    0.530000E+004    0.282264E+004
     n             6               NA    0.282264E+004
     y            62    0.500000E+003    0.803633E+004
     n            62               NA    0.803633E+004
     n             6               NA    0.282264E+004
     y            62    0.600000E+001    0.803633E+004
     y             6    0.900000E+002    0.282264E+004
     y             6    0.600000E+002    0.282264E+004
     n             6               NA    0.282264E+004
     y             2    0.150000E+003    0.980353E+003
     y             6    0.300000E+005    0.282264E+004
     y            62    0.350000E+005    0.803633E+004
     n             6               NA    0.282264E+004
     n            30               NA    0.264654E+004
     n             6               NA    0.282264E+004
     y             6    0.100000E+001    0.282264E+004
     n             6               NA    0.282264E+004
     y             2    0.670000E+002    0.980353E+003
     y             6    0.100000E+001    0.282264E+004
     y            30    0.138000E+005    0.264654E+004
     n           252               NA    0.414540E+005
     n            30               NA    0.264654E+004
     y             6    0.900000E+004    0.282264E+004
     y            29    0.141304E+006    0.858593E+005
     y             6    0.200000E+002    0.282264E+004
     y             2    0.100000E+002    0.980353E+003
     n             6               NA    0.282264E+004
     y            30    0.100000E+003    0.264654E+004
     y             6    0.600000E+004    0.282264E+004
     y             2    0.680000E+002    0.980353E+003
     y             2    0.100000E+001    0.980353E+003
     y             6    0.200000E+002    0.282264E+004
     y            29    0.141304E+006    0.858593E+005
     y             6    0.300000E+004    0.282264E+004
     y             6    0.110000E+002    0.282264E+004
     y             6    0.150000E+002    0.282264E+004
     y             6    0.800000E+004    0.282264E+004
     y             6    0.289500E+004    0.282264E+004
     n             6               NA    0.282264E+004
     n             6               NA    0.282264E+004
     n             6               NA    0.282264E+004
     y             6    0.400000E+001    0.282264E+004
     y             2    0.500000E+002    0.980353E+003
     y             2    0.193000E+004    0.980353E+003
     n             6               NA    0.282264E+004
     y             6    0.220000E+005    0.282264E+004
     y             6    0.100000E+003    0.282264E+004
     n             6               NA    0.282264E+004
     y             6    0.500000E+003    0.282264E+004
     y             6    0.400000E+001    0.282264E+004
     y             6    0.100000E+002    0.282264E+004
     y             2    0.200000E+003    0.980353E+003
     y             6    0.180000E+004    0.282264E+004
     y             6    0.480000E+002    0.282264E+004
     y             6    0.300000E+004    0.282264E+004
     y             2    0.200000E+001    0.980353E+003
     n           253               NA    0.503211E+004
     n             2               NA    0.980353E+003
     y             2    0.100000E+001    0.980353E+003
     n           253               NA    0.503211E+004
     n             6               NA    0.282264E+004
     n            62               NA    0.803633E+004
     y             6    0.250000E+003    0.282264E+004
     y             6    0.300000E+002    0.282264E+004
     y             6    0.100000E+002    0.282264E+004
     n             6               NA    0.282264E+004
     y             6    0.100000E+001    0.282264E+004
     y             6    0.900000E+004    0.282264E+004
     y            62    0.240000E+003    0.803633E+004
     y             6    0.500000E+001    0.282264E+004
     y           252    0.420000E+005    0.414540E+005
     y             6    0.980000E+004    0.282264E+004
     y           253    0.120000E+002    0.503211E+004
     y             2    0.100000E+001    0.980353E+003
     y             6    0.107000E+003    0.282264E+004
     y             6    0.800000E+003    0.282264E+004
     n            62               NA    0.803633E+004
     y             2    0.185000E+003    0.980353E+003
     y             6    0.100000E+001    0.282264E+004
     y            30    0.100000E+002    0.264654E+004
     y            30    0.100000E+002    0.264654E+004
     n             6               NA    0.282264E+004
     y             2    0.600000E+002    0.980353E+003
     n             2               NA    0.980353E+003
     n             6               NA    0.282264E+004
     n             6               NA    0.282264E+004
     y             6    0.360000E+004    0.282264E+004
     y             2    0.300000E+003    0.980353E+003
     y             6    0.200000E+002    0.282264E+004
     y             6    0.477500E+004    0.282264E+004
     y             2    0.120000E+003    0.980353E+003
     n           253               NA    0.503211E+004
     y             2    0.300000E+004    0.980353E+003
     y             6    0.200000E+004    0.282264E+004
     n             6               NA    0.282264E+004
     y             6    0.100000E+004    0.282264E+004
     y             6    0.100000E+003    0.282264E+004
     n             6               NA    0.282264E+004
     y             2    0.400000E+002    0.980353E+003
     n             6               NA    0.282264E+004
     y             2    0.400000E+002    0.980353E+003
     y             2    0.400000E+002    0.980353E+003
     y             2    0.210000E+002    0.980353E+003
     y             2    0.150000E+002    0.980353E+003
     y             6    0.348000E+004    0.282264E+004
     y             2    0.100000E+002    0.980353E+003
     y             6    0.100000E+001    0.282264E+004
     y            30    0.200000E+002    0.264654E+004
     y             6    0.100000E+002    0.282264E+004
     n             6               NA    0.282264E+004
     y             2    0.200000E+001    0.980353E+003
     y             6    0.200000E+002    0.282264E+004
     y             6    0.180000E+005    0.282264E+004
     y             6    0.170000E+005    0.282264E+004
     y            28    0.350000E+002    0.276413E+005
     n            62               NA    0.803633E+004
     y             2    0.110000E+004    0.980353E+003
     y             2    0.334200E+004    0.980353E+003
     y            30    0.100000E+002    0.264654E+004
     y             6    0.180000E+003    0.282264E+004
     y             2    0.100000E+002    0.980353E+003
     y             6    0.300000E+001    0.282264E+004
     y             2    0.480000E+004    0.980353E+003
     y             2    0.200000E+003    0.980353E+003
     n             6               NA    0.282264E+004
     y             2    0.320000E+004    0.980353E+003
     y             2    0.660000E+004    0.980353E+003
     n           253               NA    0.503211E+004
     y             6    0.254300E+004    0.282264E+004
     n             2               NA    0.980353E+003
     y            62    0.450000E+003    0.803633E+004
     y             6    0.120000E+003    0.282264E+004
     y            30    0.480000E+003    0.264654E+004
     n             6               NA    0.282264E+004
     n           253               NA    0.503211E+004
     y             6    0.150000E+005    0.282264E+004
     n             6               NA    0.282264E+004
     y            28    0.280000E+005    0.276413E+005
     y             2    0.228000E+004    0.980353E+003
     y            62    0.180000E+004    0.803633E+004
     y             6    0.130000E+004    0.282264E+004
     n           252               NA    0.414540E+005
     y             6    0.190000E+003    0.282264E+004
     n             6               NA    0.282264E+004
     n            30               NA    0.264654E+004
     y             2    0.250000E+003    0.980353E+003
     y             2    0.200000E+001    0.980353E+003
     y             2    0.270000E+004    0.980353E+003
     n           253               NA    0.503211E+004
     n             6               NA    0.282264E+004
     y            28    0.141304E+006    0.276413E+005
     y            30    0.141304E+006    0.264654E+004
     n             6               NA    0.282264E+004
     y            62    0.200000E+003    0.803633E+004
     y             6    0.200000E+003    0.282264E+004
     n             6               NA    0.282264E+004
     n            30               NA    0.264654E+004
     n             6               NA    0.282264E+004
     n             6               NA    0.282264E+004
     n             6               NA    0.282264E+004
     n           252               NA    0.414540E+005
     y           253    0.108100E+004    0.503211E+004
     y             6    0.100000E+001    0.282264E+004
     y             6    0.100000E+004    0.282264E+004
     y             6    0.200000E+003    0.282264E+004
     n           253               NA    0.503211E+004
     y            30    0.100000E+001    0.264654E+004
     n            62               NA    0.803633E+004
     y            62    0.250000E+003    0.803633E+004
     y            30    0.200000E+002    0.264654E+004
     y            28    0.195480E+005    0.276413E+005
     y             6    0.900000E+002    0.282264E+004
     y            28    0.200000E+005    0.276413E+005
     n             2               NA    0.980353E+003
     y             6    0.800000E+003    0.282264E+004
     y             6    0.540000E+002    0.282264E+004
     y             6    0.200000E+004    0.282264E+004
     y            30    0.250000E+003    0.264654E+004
     y             2    0.200000E+004    0.980353E+003
     y            30    0.100000E+002    0.264654E+004
     y            30    0.300000E+004    0.264654E+004
     n             2               NA    0.980353E+003
     y             2    0.100000E+001    0.980353E+003
     y             2    0.200000E+002    0.980353E+003
     n             6               NA    0.282264E+004
     y            28    0.300000E+005    0.276413E+005
     y             6    0.160000E+003    0.282264E+004
     n             6               NA    0.282264E+004
     n             6               NA    0.282264E+004
     y            62    0.500000E+004    0.803633E+004
     n             6               NA    0.282264E+004
     n             2               NA    0.980353E+003
     n            30               NA    0.264654E+004
     y             6    0.982900E+004    0.282264E+004
     n             2               NA    0.980353E+003
     y             2    0.100000E+001    0.980353E+003
     n             6               NA    0.282264E+004
     y             6    0.150000E+005    0.282264E+004
     y             2    0.200000E+003    0.980353E+003
     n             6               NA    0.282264E+004
     n             2               NA    0.980353E+003
     y             2    0.400000E+002    0.980353E+003
     y             6    0.140000E+003    0.282264E+004
     n            28               NA    0.276413E+005
     y            62    0.220000E+004    0.803633E+004
     n             6               NA    0.282264E+004
     n             6               NA    0.282264E+004
     y             2    0.350000E+004    0.980353E+003
     n             6               NA    0.282264E+004
     y             6    0.350000E+002    0.282264E+004
     y             2    0.140000E+005    0.980353E+003
     y             6    0.100000E+001    0.282264E+004
     y             6    0.120000E+002    0.282264E+004
     y             6    0.533000E+003    0.282264E+004
     y             2    0.300000E+001    0.980353E+003
     y             6    0.100000E+001    0.282264E+004
     y            30    0.200000E+004    0.264654E+004
     y            29    0.141304E+006    0.858593E+005
     y             6    0.600000E+001    0.282264E+004
     n             6               NA    0.282264E+004
     n             6               NA    0.282264E+004
     n            62               NA    0.803633E+004
     n             6               NA    0.282264E+004
     y            62    0.100000E+003    0.803633E+004
     y             6    0.265000E+003    0.282264E+004
     y             2    0.300000E+003    0.980353E+003
     n             6               NA    0.282264E+004
     y             6    0.200000E+001    0.282264E+004
     y             2    0.400000E+003    0.980353E+003
     y             6    0.250000E+002    0.282264E+004
     y             6    0.500000E+001    0.282264E+004
     y            30    0.600000E+003    0.264654E+004
     y             2    0.100000E+001    0.980353E+003
     y             2    0.500000E+003    0.980353E+003
     n             6               NA    0.282264E+004
     n            30               NA    0.264654E+004
     n             2               NA    0.980353E+003
     y             6    0.580000E+002    0.282264E+004
     n             6               NA    0.282264E+004
     y            62    0.100000E+004    0.803633E+004
     n             6               NA    0.282264E+004
     n             6               NA    0.282264E+004
     y           253    0.400000E+003    0.503211E+004
     y             6    0.600000E+004    0.282264E+004
     y            62    0.500000E+004    0.803633E+004
     y             6    0.600000E+004    0.282264E+004
     y             2    0.400000E+004    0.980353E+003
     y             6    0.200000E+005    0.282264E+004
     y             6    0.200000E+003    0.282264E+004
     y             2    0.280000E+002    0.980353E+003
     n             6               NA    0.282264E+004
     y             6    0.100000E+003    0.282264E+004
     y             6    0.890000E+003    0.282264E+004
     y             2    0.876500E+004    0.980353E+003
     y             6    0.100000E+002    0.282264E+004
     n             6               NA    0.282264E+004
     y            30    0.120000E+005    0.264654E+004
     y             6    0.200000E+005    0.282264E+004
     y             6    0.400000E+003    0.282264E+004
     y             6    0.600000E+002    0.282264E+004
     y             6    0.120000E+003    0.282264E+004
     n             6               NA    0.282264E+004
     y             2    0.200000E+001    0.980353E+003
     n             6               NA    0.282264E+004
     n             6               NA    0.282264E+004
     y             6    0.400000E+005    0.282264E+004
     y            30    0.240000E+002    0.264654E+004
     y            62    0.120000E+004    0.803633E+004
     n             6               NA    0.282264E+004
     y             2    0.150000E+004    0.980353E+003
     n             6               NA    0.282264E+004
     y             2    0.100000E+001    0.980353E+003
     n            62               NA    0.803633E+004
     n             2               NA    0.980353E+003
     y             2    0.200000E+004    0.980353E+003
     y            30    0.200000E+004    0.264654E+004
     n             6               NA    0.282264E+004
     y             6    0.100000E+002    0.282264E+004
     y             6    0.150000E+004    0.282264E+004
     y             6    0.150000E+003    0.282264E+004
     y             6    0.400000E+003    0.282264E+004
     y             6    0.100000E+002    0.282264E+004
     y             6    0.400000E+002    0.282264E+004
     y             6    0.200000E+002    0.282264E+004
     n             2               NA    0.980353E+003
     n             6               NA    0.282264E+004
     n             6               NA    0.282264E+004
     y             6    0.200000E+001    0.282264E+004
     y             6    0.560000E+004    0.282264E+004
     y            62    0.120000E+003    0.803633E+004
     n            30               NA    0.264654E+004
     y             6    0.100000E+002    0.282264E+004
     y             6    0.250000E+003    0.282264E+004
     y            30    0.400000E+001    0.264654E+004
     y            62    0.450000E+002    0.803633E+004
     n            30               NA    0.264654E+004
     y            30    0.350000E+002    0.264654E+004
     y           253    0.150000E+002    0.503211E+004
     y            30    0.200000E+003    0.264654E+004
     y             2    0.106000E+004    0.980353E+003
     y             6    0.100000E+002    0.282264E+004
     n            30               NA    0.264654E+004
     y             2    0.250000E+002    0.980353E+003
     n             6               NA    0.282264E+004
     y           252    0.200000E+002    0.414540E+005
     n            62               NA    0.803633E+004
     y             6    0.500000E+002    0.282264E+004
     y            30    0.200000E+004    0.264654E+004
     n             2               NA    0.980353E+003
     n            62               NA    0.803633E+004
     n             6               NA    0.282264E+004
     y             6    0.100000E+003    0.282264E+004
     y             2    0.100000E+003    0.980353E+003
     y             6    0.100000E+002    0.282264E+004
     y            30    0.500000E+001    0.264654E+004
     y             2    0.500000E+001    0.980353E+003
     n             6               NA    0.282264E+004
     n            62               NA    0.803633E+004
     n            30               NA    0.264654E+004
     n             6               NA    0.282264E+004
     n             6               NA    0.282264E+004
     y             2    0.100000E+001    0.980353E+003
     n            30               NA    0.264654E+004
     n             6               NA    0.282264E+004
     y             6    0.150000E+003    0.282264E+004
     n           252               NA    0.414540E+005
     y           253    0.200000E+003    0.503211E+004
     n             6               NA    0.282264E+004
     y             6    0.100000E+005    0.282264E+004
     y             6    0.600000E+004    0.282264E+004
     n             6               NA    0.282264E+004
     y             2    0.120000E+002    0.980353E+003
     n             6               NA    0.282264E+004
     y             6    0.200000E+001    0.282264E+004
     y             6    0.200000E+002    0.282264E+004
     n            30               NA    0.264654E+004
     y             6    0.270000E+002    0.282264E+004
     n             6               NA    0.282264E+004
     n             6               NA    0.282264E+004
     y            62    0.800000E+003    0.803633E+004
     y            30    0.100000E+003    0.264654E+004
     y             6    0.200000E+004    0.282264E+004
     n             2               NA    0.980353E+003
     y             2    0.930000E+004    0.980353E+003
     n             6               NA    0.282264E+004
     n             2               NA    0.980353E+003
     y            30    0.600000E+003    0.264654E+004
     y             2    0.100000E+001    0.980353E+003
     n             6               NA    0.282264E+004
     y           252    0.100000E+004    0.414540E+005
     y             6    0.180000E+004    0.282264E+004
     y             6    0.900000E+001    0.282264E+004
     n             6               NA    0.282264E+004
     y            30    0.100000E+001    0.264654E+004
     y             6    0.360000E+004    0.282264E+004
     n             6               NA    0.282264E+004
     n             2               NA    0.980353E+003
     n             6               NA    0.282264E+004
     y             6    0.145000E+003    0.282264E+004
     n           252               NA    0.414540E+005
     y             6    0.360000E+002    0.282264E+004
     y             6    0.220000E+003    0.282264E+004
     n             6               NA    0.282264E+004
     y            30    0.417020E+005    0.264654E+004
     n            30               NA    0.264654E+004
     n             6               NA    0.282264E+004
     n             6               NA    0.282264E+004
     y             6    0.520000E+004    0.282264E+004
     y             6    0.170000E+004    0.282264E+004
     y            62    0.400000E+004    0.803633E+004
     y             6    0.260000E+005    0.282264E+004
     n             2               NA    0.980353E+003
     y             6    0.170000E+002    0.282264E+004
     y             2    0.100000E+001    0.980353E+003
     y            30    0.160000E+005    0.264654E+004
     n             6               NA    0.282264E+004
     y             2    0.300000E+001    0.980353E+003
     y             6    0.650000E+002    0.282264E+004
     n             6               NA    0.282264E+004
     n             6               NA    0.282264E+004
     n             6               NA    0.282264E+004
     y             2    0.200000E+005    0.980353E+003
     n             6               NA    0.282264E+004
     y             6    0.225500E+004    0.282264E+004
     y             6    0.120000E+004    0.282264E+004
     y             6    0.500000E+001    0.282264E+004
     n            30               NA    0.264654E+004
     y            30    0.400000E+002    0.264654E+004
     y             2    0.500000E+001    0.980353E+003
     y             6    0.130000E+005    0.282264E+004
     n             6               NA    0.282264E+004
     n             6               NA    0.282264E+004
     y            30    0.250000E+005    0.264654E+004
     y             2    0.111400E+004    0.980353E+003
     y            62    0.150000E+003    0.803633E+004
     n             6               NA    0.282264E+004
     y            29    0.141304E+006    0.858593E+005
     y             2    0.100000E+003    0.980353E+003
     n             6               NA    0.282264E+004
     n            62               NA    0.803633E+004
     y             2    0.212310E+005    0.980353E+003
     y           252    0.113000E+003    0.414540E+005
     y             6    0.100000E+003    0.282264E+004
     y             6    0.400000E+002    0.282264E+004
     y             2    0.100000E+002    0.980353E+003
     y             6    0.110000E+002    0.282264E+004
     n             2               NA    0.980353E+003
     n             6               NA    0.282264E+004
     y             6    0.840000E+003    0.282264E+004
     n             6               NA    0.282264E+004
     n             6               NA    0.282264E+004
     y             6    0.200000E+003    0.282264E+004
     y             6    0.800000E+003    0.282264E+004
     y             6    0.200000E+003    0.282264E+004
     n           253               NA    0.503211E+004
     n             6               NA    0.282264E+004
     y             6    0.150000E+002    0.282264E+004
     y             6    0.100000E+002    0.282264E+004
     y             6    0.400000E+003    0.282264E+004
     n             6               NA    0.282264E+004
     y            30    0.160000E+004    0.264654E+004
     n             2               NA    0.980353E+003
     n             6               NA    0.282264E+004
     y             2    0.442000E+003    0.980353E+003
     y            30    0.300000E+003    0.264654E+004
     n            30               NA    0.264654E+004
     y             6    0.240260E+005    0.282264E+004
     y            30    0.110700E+004    0.264654E+004
     n             6               NA    0.282264E+004
     y             2    0.400000E+003    0.980353E+003
     n             2               NA    0.980353E+003
     y             6    0.100000E+001    0.282264E+004
     y            30    0.800000E+001    0.264654E+004
     y             2    0.300000E+004    0.980353E+003
     n             6               NA    0.282264E+004
     n            62               NA    0.803633E+004
     n            30               NA    0.264654E+004
     y             2    0.250000E+003    0.980353E+003
     y             6    0.230000E+002    0.282264E+004
     y             6    0.100000E+003    0.282264E+004
     y             2    0.120000E+002    0.980353E+003
     n            30               NA    0.264654E+004
     y             6    0.653500E+004    0.282264E+004
     y             2    0.240000E+003    0.980353E+003
     n             6               NA    0.282264E+004
     y             6    0.200000E+004    0.282264E+004
     n            30               NA    0.264654E+004
     n             6               NA    0.282264E+004
     n            30               NA    0.264654E+004
     n            30               NA    0.264654E+004
     y             6    0.200000E+003    0.282264E+004
     y             6    0.300000E+003    0.282264E+004
     y           252    0.141304E+006    0.414540E+005
     y             6    0.230000E+003    0.282264E+004
     y             6    0.100000E+002    0.282264E+004
     y             6    0.200000E+001    0.282264E+004
     n             6               NA    0.282264E+004
     n             6               NA    0.282264E+004
     n             2               NA    0.980353E+003
     y             6    0.220000E+004    0.282264E+004
     n             6               NA    0.282264E+004
     y             6    0.120000E+002    0.282264E+004
     n             2               NA    0.980353E+003
     y             2    0.100000E+002    0.980353E+003
     y             6    0.300000E+001    0.282264E+004
     n             6               NA    0.282264E+004
     n             6               NA    0.282264E+004
     y             2    0.200000E+003    0.980353E+003
     y             2    0.100000E+001    0.980353E+003
     n             6               NA    0.282264E+004
     n            28               NA    0.276413E+005
     y             2    0.500000E+003    0.980353E+003
     y             6    0.100000E+004    0.282264E+004
     y             6    0.100000E+001    0.282264E+004
     y             6    0.950000E+002    0.282264E+004
     y             6    0.160000E+004    0.282264E+004
     y             6    0.450000E+003    0.282264E+004
     y             6    0.200000E+002    0.282264E+004
     n             6               NA    0.282264E+004
     y             2    0.100000E+001    0.980353E+003
     y           252    0.200000E+001    0.414540E+005
     y            30    0.252000E+003    0.264654E+004
     n             6               NA    0.282264E+004
     y             6    0.100000E+002    0.282264E+004
     y           253    0.220000E+004    0.503211E+004
     n             6               NA    0.282264E+004
     n            62               NA    0.803633E+004
     n            62               NA    0.803633E+004
     y             6    0.530000E+002    0.282264E+004
     y             6    0.600000E+002    0.282264E+004
     y             6    0.800000E+004    0.282264E+004
     y            28    0.217580E+005    0.276413E+005
     n           252               NA    0.414540E+005
     y             6    0.500000E+001    0.282264E+004
     n            62               NA    0.803633E+004
     n             6               NA    0.282264E+004
     y             6    0.100000E+005    0.282264E+004
     y            62    0.220000E+004    0.803633E+004
     y             6    0.100000E+004    0.282264E+004
     y            30    0.220000E+004    0.264654E+004
     n             6               NA    0.282264E+004
     n             6               NA    0.282264E+004
     n             6               NA    0.282264E+004
     n             6               NA    0.282264E+004
     y             6    0.732000E+003    0.282264E+004
     y             6    0.300000E+001    0.282264E+004
     y             6    0.300000E+004    0.282264E+004
     y             6    0.101000E+003    0.282264E+004
     y            62    0.500000E+003    0.803633E+004
     y             6    0.650000E+002    0.282264E+004
     y            62    0.500000E+002    0.803633E+004
     y             6    0.410000E+003    0.282264E+004
     n             2               NA    0.980353E+003
     y             6    0.240000E+003    0.282264E+004
     y             6    0.800000E+004    0.282264E+004
     y             6    0.600000E+001    0.282264E+004
     n             6               NA    0.282264E+004
     n             6               NA    0.282264E+004
     y             6    0.200000E+003    0.282264E+004
     y             6    0.400000E+004    0.282264E+004
     n             6               NA    0.282264E+004
     n           253               NA    0.503211E+004
     y             6    0.250000E+003    0.282264E+004
     n             2               NA    0.980353E+003
     y             6    0.120000E+002    0.282264E+004
     n             6               NA    0.282264E+004
     n             6               NA    0.282264E+004
     n             2               NA    0.980353E+003
     y             6    0.140000E+004    0.282264E+004
     y             6    0.750000E+004    0.282264E+004
     n             6               NA    0.282264E+004
     y             6    0.100000E+004    0.282264E+004
     y             6    0.200000E+001    0.282264E+004
     y             6    0.900000E+003    0.282264E+004
     y             2    0.150000E+003    0.980353E+003
     y            30    0.200000E+003    0.264654E+004
     n             6               NA    0.282264E+004
     y             2    0.300000E+004    0.980353E+003
     y            30    0.200000E+002    0.264654E+004
     y             6    0.105000E+004    0.282264E+004
     y             6    0.150000E+002    0.282264E+004
     y             2    0.800000E+004    0.980353E+003
     n             6               NA    0.282264E+004
     y             6    0.150000E+003    0.282264E+004
     y            30    0.900000E+003    0.264654E+004
     n            30               NA    0.264654E+004
     n             6               NA    0.282264E+004
     y             6    0.250000E+004    0.282264E+004
     n             6               NA    0.282264E+004
     n            62               NA    0.803633E+004
     y            30    0.500000E+004    0.264654E+004
     y             6    0.800000E+004    0.282264E+004
     y             2    0.600000E+002    0.980353E+003
     n             6               NA    0.282264E+004
     n             6               NA    0.282264E+004
     n            62               NA    0.803633E+004
     y             6    0.250000E+002    0.282264E+004
     y            29    0.107121E+006    0.858593E+005
     y            62    0.100000E+003    0.803633E+004
     n             2               NA    0.980353E+003
     y            28    0.107121E+006    0.276413E+005
     n             6               NA    0.282264E+004
     y             6    0.168000E+004    0.282264E+004
     y             6    0.100000E+001    0.282264E+004
     y             2    0.500000E+002    0.980353E+003
     n             6               NA    0.282264E+004
     n            30               NA    0.264654E+004
     y             2    0.100000E+005    0.980353E+003
     n            62               NA    0.803633E+004
     n             6               NA    0.282264E+004
     n             2               NA    0.980353E+003
     n            30               NA    0.264654E+004
     n             6               NA    0.282264E+004
     y             6    0.200000E+004    0.282264E+004
     y             2    0.100000E+002    0.980353E+003
     y             6    0.100000E+002    0.282264E+004
     y             6    0.200000E+003    0.282264E+004
     y             6    0.100000E+001    0.282264E+004
     y             6    0.100000E+001    0.282264E+004
     n            30               NA    0.264654E+004
     y             6    0.289500E+004    0.282264E+004
     y             2    0.100000E+002    0.980353E+003
     n             6               NA    0.282264E+004
     n             6               NA    0.282264E+004
     n             2               NA    0.980353E+003
     y             6    0.100000E+002    0.282264E+004
     y             2    0.240000E+004    0.980353E+003
     y             2    0.120000E+002    0.980353E+003
     n             2               NA    0.980353E+003
     y             6    0.200000E+002    0.282264E+004
     n             6               NA    0.282264E+004
     y             6    0.500000E+002    0.282264E+004
     y            30    0.120000E+003    0.264654E+004
     y             2    0.100000E+001    0.980353E+003
     y             2    0.300000E+002    0.980353E+003
     y             6    0.300000E+003    0.282264E+004
     y           252    0.200000E+001    0.414540E+005
     y             6    0.500000E+002    0.282264E+004
     n             6               NA    0.282264E+004
     y           252    0.220000E+004    0.414540E+005
     y             6    0.180000E+002    0.282264E+004
     n             6               NA    0.282264E+004
     y             2    0.900000E+003    0.980353E+003
     y             6    0.270000E+002    0.282264E+004
     y            62    0.500000E+003    0.803633E+004
     y            30    0.500000E+003    0.264654E+004
     y             6    0.450000E+004    0.282264E+004
     y             6    0.150000E+003    0.282264E+004
     n             6               NA    0.282264E+004
     y             2    0.300000E+001    0.980353E+003
     y             6    0.200000E+004    0.282264E+004
     y             6    0.100000E+002    0.282264E+004
     n             6               NA    0.282264E+004
     y            28    0.120000E+002    0.276413E+005
     y             6    0.385000E+004    0.282264E+004
     n            28               NA    0.276413E+005
     y            62    0.100000E+005    0.803633E+004
     y             2    0.600000E+002    0.980353E+003
     n             6               NA    0.282264E+004
     n             2               NA    0.980353E+003
     y            30    0.110000E+005    0.264654E+004
     n             6               NA    0.282264E+004
     n             6               NA    0.282264E+004
     y           252    0.100000E+005    0.414540E+005
     n             6               NA    0.282264E+004
     y            30    0.600000E+001    0.264654E+004
     n             6               NA    0.282264E+004
     n             6               NA    0.282264E+004
     y            30    0.100000E+001    0.264654E+004
     y             6    0.330000E+002    0.282264E+004
     n             6               NA    0.282264E+004
     y            28    0.107121E+006    0.276413E+005
     n             6               NA    0.282264E+004
     y             6    0.300000E+002    0.282264E+004
     y            30    0.400000E+003    0.264654E+004
     n             2               NA    0.980353E+003
     y             6    0.200000E+002    0.282264E+004
     n             6               NA    0.282264E+004
     y            62    0.500000E+004    0.803633E+004
     y             6    0.165000E+003    0.282264E+004
     y            62    0.200000E+004    0.803633E+004
     n             6               NA    0.282264E+004
     y             6    0.500000E+001    0.282264E+004
     y            28    0.368000E+003    0.276413E+005
     y             2    0.100000E+002    0.980353E+003
     y            30    0.120000E+003    0.264654E+004
     n            62               NA    0.803633E+004
     y             6    0.120000E+002    0.282264E+004
     n             2               NA    0.980353E+003
     y             6    0.200000E+003    0.282264E+004
     n             6               NA    0.282264E+004
     y           252    0.700000E+003    0.414540E+005
     n             2               NA    0.980353E+003
     y             6    0.450000E+003    0.282264E+004
     n             6               NA    0.282264E+004
     n             6               NA    0.282264E+004
     y           252    0.600000E+002    0.414540E+005
     y             2    0.100000E+003    0.980353E+003
     n             6               NA    0.282264E+004
     y             2    0.982000E+003    0.980353E+003
     y             6    0.500000E+002    0.282264E+004
     y            30    0.700000E+003    0.264654E+004
     y             6    0.190000E+004    0.282264E+004
     y             6    0.300000E+005    0.282264E+004
     y             6    0.200000E+003    0.282264E+004
     y            30    0.120000E+004    0.264654E+004
     y             6    0.440000E+004    0.282264E+004
     n             6               NA    0.282264E+004
     y            62    0.100000E+005    0.803633E+004
     n             2               NA    0.980353E+003
     y             6    0.360000E+002    0.282264E+004
     n             6               NA    0.282264E+004
     y             6    0.800000E+004    0.282264E+004
     y             6    0.400000E+002    0.282264E+004
     y             6    0.160000E+004    0.282264E+004
     n             6               NA    0.282264E+004
     n            30               NA    0.264654E+004
     y             6    0.550000E+003    0.282264E+004
     y             6    0.100000E+005    0.282264E+004
     n             2               NA    0.980353E+003
     y             2    0.100000E+001    0.980353E+003
     n             6               NA    0.282264E+004
     n            62               NA    0.803633E+004
     n           253               NA    0.503211E+004
     y             6    0.290400E+005    0.282264E+004
     y             6    0.120000E+002    0.282264E+004
     n             6               NA    0.282264E+004
     y            28    0.107121E+006    0.276413E+005
     y            62    0.210000E+004    0.803633E+004
     n            30               NA    0.264654E+004
     n             6               NA    0.282264E+004
     n            30               NA    0.264654E+004
     n            30               NA    0.264654E+004
     n             6               NA    0.282264E+004
     y            30    0.150000E+002    0.264654E+004
     n             6               NA    0.282264E+004
     y             6    0.200000E+001    0.282264E+004
     n            30               NA    0.264654E+004
     n             6               NA    0.282264E+004
     y             2    0.200000E+003    0.980353E+003
     n            62               NA    0.803633E+004
     y             6    0.200000E+002    0.282264E+004
     y             6    0.100000E+002    0.282264E+004
     y            30    0.185000E+004    0.264654E+004
     y             6    0.100000E+001    0.282264E+004
     y             6    0.400000E+001    0.282264E+004
     n             2               NA    0.980353E+003
     y             6    0.200000E+004    0.282264E+004
     y             6    0.990000E+002    0.282264E+004
     n             6               NA    0.282264E+004
     y             6    0.200000E+002    0.282264E+004
     y             2    0.500000E+003    0.980353E+003
     y            62    0.280000E+004    0.803633E+004
     y             6    0.200000E+004    0.282264E+004
     n             6               NA    0.282264E+004
     y             6    0.100000E+002    0.282264E+004
     n             2               NA    0.980353E+003
     y             2    0.200000E+003    0.980353E+003
     y             6    0.400000E+003    0.282264E+004
     y             6    0.193000E+004    0.282264E+004
     n             6               NA    0.282264E+004
     n             6               NA    0.282264E+004
     y             2    0.240000E+003    0.980353E+003
     y             2    0.200000E+001    0.980353E+003
     y            62    0.450000E+004    0.803633E+004
     n             6               NA    0.282264E+004
     n             6               NA    0.282264E+004
     n           253               NA    0.503211E+004
     y             6    0.140000E+002    0.282264E+004
     n             2               NA    0.980353E+003
     n             2               NA    0.980353E+003
     n            30               NA    0.264654E+004
     y             6    0.500000E+001    0.282264E+004
     y            62    0.550000E+003    0.803633E+004
     n             6               NA    0.282264E+004
     y             6    0.109800E+004    0.282264E+004
     n             6               NA    0.282264E+004
     y             2    0.100000E+004    0.980353E+003
     y            28    0.107121E+006    0.276413E+005
     y             6    0.280000E+004    0.282264E+004
     y             6    0.500000E+001    0.282264E+004
     y             6    0.109650E+005    0.282264E+004
     y             6    0.800000E+001    0.282264E+004
     n             6               NA    0.282264E+004
     n            62               NA    0.803633E+004
     y             6    0.100000E+001    0.282264E+004
     y           253    0.750000E+004    0.503211E+004
     y             6    0.150000E+002    0.282264E+004
     y             6    0.220000E+002    0.282264E+004
     y             2    0.100000E+002    0.980353E+003
     n             6               NA    0.282264E+004
     n             6               NA    0.282264E+004
     y             2    0.200000E+003    0.980353E+003
     n             6               NA    0.282264E+004
     y             2    0.100000E+001    0.980353E+003
     n            62               NA    0.803633E+004
     y             2    0.300000E+003    0.980353E+003
     y             2    0.150000E+004    0.980353E+003
     y             6    0.160000E+004    0.282264E+004
     n             6               NA    0.282264E+004
     y            29    0.107121E+006    0.858593E+005
     y             2    0.400000E+002    0.980353E+003
     y             6    0.400000E+003    0.282264E+004
     y             6    0.740000E+002    0.282264E+004
     y             6    0.400000E+001    0.282264E+004
     n             2               NA    0.980353E+003
     y             6    0.300000E+001    0.282264E+004
     y             6    0.800000E+004    0.282264E+004
     y             6    0.480000E+004    0.282264E+004
     n             6               NA    0.282264E+004
     y             6    0.400000E+003    0.282264E+004
     y             2    0.132800E+004    0.980353E+003
     n            30               NA    0.264654E+004
     y            62    0.200000E+004    0.803633E+004
     y             2    0.400000E+003    0.980353E+003
     n            30               NA    0.264654E+004
     n             6               NA    0.282264E+004
     n             6               NA    0.282264E+004
     y             6    0.149000E+003    0.282264E+004
     y             6    0.500000E+002    0.282264E+004
     y             2    0.500000E+002    0.980353E+003
     y           253    0.200000E+002    0.503211E+004
     n             6               NA    0.282264E+004
     n           253               NA    0.503211E+004
     y           253    0.600000E+002    0.503211E+004
     y             2    0.320000E+004    0.980353E+003
     y             6    0.800000E+002    0.282264E+004
     y             2    0.100000E+003    0.980353E+003
     y             6    0.120630E+005    0.282264E+004
     y            62    0.100000E+004    0.803633E+004
     n            30               NA    0.264654E+004
     y            30    0.200000E+001    0.264654E+004
     y             2    0.100000E+001    0.980353E+003
     n             6               NA    0.282264E+004
     y            30    0.400000E+002    0.264654E+004
     n             6               NA    0.282264E+004
     y             2    0.200000E+004    0.980353E+003
     n             6               NA    0.282264E+004
     n             6               NA    0.282264E+004
     n            62               NA    0.803633E+004
     y             2    0.350000E+003    0.980353E+003
     n             6               NA    0.282264E+004
     y            30    0.390000E+003    0.264654E+004
     y             6    0.170000E+002    0.282264E+004
     y            62    0.210000E+003    0.803633E+004
     n             6               NA    0.282264E+004
     y             6    0.700000E+003    0.282264E+004
     n             2               NA    0.980353E+003
     n           253               NA    0.503211E+004
     n             2               NA    0.980353E+003
     n             6               NA    0.282264E+004
     n            30               NA    0.264654E+004
     y             6    0.320000E+002    0.282264E+004
     n             6               NA    0.282264E+004
     n             2               NA    0.980353E+003
     y             6    0.150000E+004    0.282264E+004
     n             6               NA    0.282264E+004
     n             6               NA    0.282264E+004
     y             6    0.600000E+004    0.282264E+004
     n             6               NA    0.282264E+004
     n            30               NA    0.264654E+004
     y             6    0.100000E+002    0.282264E+004
     y             6    0.100000E+002    0.282264E+004
     n             6               NA    0.282264E+004
     y             6    0.150000E+003    0.282264E+004
     y             6    0.200000E+002    0.282264E+004
     n             6               NA    0.282264E+004
     y             2    0.110000E+003    0.980353E+003
     y             6    0.450000E+002    0.282264E+004
     y             2    0.159200E+004    0.980353E+003
     n             6               NA    0.282264E+004
     y             6    0.240000E+004    0.282264E+004
     y             2    0.800000E+004    0.980353E+003
     y            30    0.800000E+001    0.264654E+004
     y             6    0.200000E+003    0.282264E+004
     n            28               NA    0.276413E+005
     y            30    0.100000E+003    0.264654E+004
     n             6               NA    0.282264E+004
     n             2               NA    0.980353E+003
     y             2    0.200000E+002    0.980353E+003
     y             6    0.130000E+002    0.282264E+004
     n             6               NA    0.282264E+004
     n             6               NA    0.282264E+004
     y             6    0.500000E+001    0.282264E+004
     y            62    0.107121E+006    0.803633E+004
     n             2               NA    0.980353E+003
     y             6    0.700000E+004    0.282264E+004
     n             6               NA    0.282264E+004
     y             6    0.150000E+002    0.282264E+004
     y            29    0.107121E+006    0.858593E+005
     n             6               NA    0.282264E+004
     y             6    0.400000E+004    0.282264E+004
     y             2    0.500000E+002    0.980353E+003
     n             6               NA    0.282264E+004
     y             6    0.150000E+004    0.282264E+004
     y             6    0.250000E+002    0.282264E+004
     n             2               NA    0.980353E+003
     y             6    0.250000E+004    0.282264E+004
     n             6               NA    0.282264E+004
     n             6               NA    0.282264E+004
     y             6    0.100000E+001    0.282264E+004
     y            62    0.300000E+003    0.803633E+004
     y             6    0.200000E+002    0.282264E+004
     y             2    0.200000E+003    0.980353E+003
     y             6    0.300000E+001    0.282264E+004
     n             6               NA    0.282264E+004
     n             2               NA    0.980353E+003
     n             6               NA    0.282264E+004
     n            30               NA    0.264654E+004
     n             6               NA    0.282264E+004
     n             6               NA    0.282264E+004
     y             6    0.150000E+002    0.282264E+004
     y             6    0.100000E+002    0.282264E+004
     n             2               NA    0.980353E+003
     n             6               NA    0.282264E+004
     n             6               NA    0.282264E+004
     n            30               NA    0.264654E+004
     n            30               NA    0.264654E+004
     n             6               NA    0.282264E+004
     n             6               NA    0.282264E+004
     n             6               NA    0.282264E+004
     y             6    0.120000E+002    0.282264E+004
     y             6    0.800000E+001    0.282264E+004
     n             2               NA    0.980353E+003
     y             6    0.120000E+002    0.282264E+004
     n             6               NA    0.282264E+004
     y             6    0.540000E+003    0.282264E+004
     n            30               NA    0.264654E+004
     y           253    0.200000E+003    0.503211E+004
     y             6    0.140000E+005    0.282264E+004
     y            62    0.400000E+004    0.803633E+004
     y             6    0.960000E+004    0.282264E+004
     y             6    0.800000E+001    0.282264E+004
     n             6               NA    0.282264E+004
     y             6    0.200000E+002    0.282264E+004
     n             2               NA    0.980353E+003
     y             6    0.110000E+003    0.282264E+004
     n            62               NA    0.803633E+004
     y             2    0.560000E+003    0.980353E+003
     n             6               NA    0.282264E+004
     n             6               NA    0.282264E+004
     n             6               NA    0.282264E+004
     n             6               NA    0.282264E+004
     y            62    0.200000E+004    0.803633E+004
     y             6    0.200000E+003    0.282264E+004
     y             2    0.500000E+002    0.980353E+003
     n             2               NA    0.980353E+003
     y             6    0.200000E+003    0.282264E+004
     y             6    0.100000E+001    0.282264E+004
     y             2    0.160000E+004    0.980353E+003
     y            29    0.107121E+006    0.858593E+005
     y             6    0.400000E+001    0.282264E+004
     n             2               NA    0.980353E+003
     y             6    0.100000E+001    0.282264E+004
     n            30               NA    0.264654E+004
     y            62    0.800000E+003    0.803633E+004
     n           253               NA    0.503211E+004
     y             6    0.330000E+002    0.282264E+004
     y             6    0.120000E+002    0.282264E+004
     n             6               NA    0.282264E+004
     y             2    0.200000E+003    0.980353E+003
     y           252    0.107121E+006    0.414540E+005
     y             2    0.120000E+002    0.980353E+003
     n             2               NA    0.980353E+003
     y             2    0.200000E+002    0.980353E+003
     n            30               NA    0.264654E+004
     y             6    0.120000E+005    0.282264E+004
     n             6               NA    0.282264E+004
     y             2    0.400000E+001    0.980353E+003
     n             6               NA    0.282264E+004
     y            62    0.150000E+002    0.803633E+004
     n             6               NA    0.282264E+004
     n             6               NA    0.282264E+004
     y             6    0.500000E+003    0.282264E+004
     n             6               NA    0.282264E+004
     n             6               NA    0.282264E+004
     y            30    0.500000E+003    0.264654E+004
     y            30    0.150000E+002    0.264654E+004
     y            30    0.120000E+003    0.264654E+004
     y            30    0.337000E+003    0.264654E+004
     y             6    0.305000E+005    0.282264E+004
     y             6    0.200000E+003    0.282264E+004
     y            30    0.300000E+004    0.264654E+004
     n             2               NA    0.980353E+003
     y            62    0.150000E+003    0.803633E+004
     y            30    0.270000E+004    0.264654E+004
     n             6               NA    0.282264E+004
     n             2               NA    0.980353E+003
     n             2               NA    0.980353E+003
     y           252    0.107121E+006    0.414540E+005
     y             6    0.500000E+004    0.282264E+004
     n            28               NA    0.276413E+005
     y             6    0.100000E+002    0.282264E+004
     y             6    0.120000E+003    0.282264E+004
     y             2    0.200000E+003    0.980353E+003
     y             6    0.300000E+001    0.282264E+004
     y            28    0.107121E+006    0.276413E+005
     y             2    0.100000E+003    0.980353E+003
     y           253    0.400000E+004    0.503211E+004
     y             2    0.100000E+001    0.980353E+003
     n             6               NA    0.282264E+004
     n             6               NA    0.282264E+004
     y             6    0.400000E+001    0.282264E+004
     y             2    0.200000E+001    0.980353E+003
     n             6               NA    0.282264E+004
     y             6    0.100000E+002    0.282264E+004
     y             2    0.110000E+002    0.980353E+003
     y            62    0.400000E+004    0.803633E+004
     y             2    0.300000E+002    0.980353E+003
     y             2    0.200000E+002    0.980353E+003
     y             2    0.100000E+003    0.980353E+003
     y            62    0.500000E+004    0.803633E+004
     y             6    0.230000E+004    0.282264E+004
     y             2    0.150000E+003    0.980353E+003
     y             2    0.600000E+003    0.980353E+003
     n             6               NA    0.282264E+004
     y            62    0.500000E+003    0.803633E+004
     y             6    0.500000E+001    0.282264E+004
     y            30    0.380000E+003    0.264654E+004
     n             6               NA    0.282264E+004
     y           253    0.100000E+003    0.503211E+004
     n             6               NA    0.282264E+004
     n             2               NA    0.980353E+003
     y            30    0.200000E+003    0.264654E+004
     y             2    0.500000E+001    0.980353E+003
     y            29    0.107121E+006    0.858593E+005
     y             6    0.220000E+002    0.282264E+004
     n             6               NA    0.282264E+004
     y            30    0.200000E+003    0.264654E+004
     n            28               NA    0.276413E+005
     y             6    0.200000E+003    0.282264E+004
     y             6    0.346000E+003    0.282264E+004
     n             6               NA    0.282264E+004
     y            62    0.146110E+005    0.803633E+004
     n             6               NA    0.282264E+004
     n             6               NA    0.282264E+004
     y            62    0.500000E+004    0.803633E+004
     n             6               NA    0.282264E+004
     y             2    0.250000E+002    0.980353E+003
     y             6    0.700000E+003    0.282264E+004
     n             6               NA    0.282264E+004
     y            30    0.350000E+004    0.264654E+004
     y             2    0.100000E+001    0.980353E+003
     y            28    0.198200E+004    0.276413E+005
     n             2               NA    0.980353E+003
     y             6    0.297600E+004    0.282264E+004
     n             6               NA    0.282264E+004
     n             6               NA    0.282264E+004
     y             6    0.150000E+004    0.282264E+004
     n             6               NA    0.282264E+004
     n             6               NA    0.282264E+004
     y             2    0.100000E+001    0.980353E+003
     n             6               NA    0.282264E+004
     y             6    0.150000E+002    0.282264E+004
     y             6    0.100000E+005    0.282264E+004
     n             6               NA    0.282264E+004
     y             6    0.500000E+002    0.282264E+004
     n            30               NA    0.264654E+004
     n             6               NA    0.282264E+004
     y             6    0.600000E+003    0.282264E+004
     n             6               NA    0.282264E+004
     n             6               NA    0.282264E+004
     y             6    0.190000E+004    0.282264E+004
     n             6               NA    0.282264E+004
     n             6               NA    0.282264E+004
     y             2    0.100000E+002    0.980353E+003
     n             6               NA    0.282264E+004
     y             6    0.100000E+001    0.282264E+004
     y            28    0.107121E+006    0.276413E+005
     y             6    0.200000E+003    0.282264E+004
     y            62    0.230000E+002    0.803633E+004
     y             6    0.500000E+002    0.282264E+004
     y             6    0.120000E+003    0.282264E+004
     n            30               NA    0.264654E+004
     y             6    0.600000E+001    0.282264E+004
     y             6    0.400000E+001    0.282264E+004
     y             6    0.300000E+004    0.282264E+004
     y             6    0.250000E+002    0.282264E+004
     n             6               NA    0.282264E+004
     y             6    0.270000E+002    0.282264E+004
     y             6    0.372000E+004    0.282264E+004
     y            62    0.400000E+003    0.803633E+004
     n             2               NA    0.980353E+003
     n             6               NA    0.282264E+004
     y             2    0.124300E+004    0.980353E+003
     n             6               NA    0.282264E+004
     n             6               NA    0.282264E+004
     y             6    0.100000E+003    0.282264E+004
     n             6               NA    0.282264E+004
     n             6               NA    0.282264E+004
     y             2    0.500000E+003    0.980353E+003
     y             6    0.200000E+004    0.282264E+004
     n            30               NA    0.264654E+004
     y             6    0.100000E+002    0.282264E+004
     n             2               NA    0.980353E+003
     n             6               NA    0.282264E+004
     y            30    0.150000E+004    0.264654E+004
     y             6    0.924000E+003    0.282264E+004
     n           253               NA    0.503211E+004
     y             6    0.300000E+002    0.282264E+004
     y             6    0.120000E+004    0.282264E+004
     n             6               NA    0.282264E+004
     y            62    0.400000E+004    0.803633E+004
     y            30    0.300000E+003    0.264654E+004
     y             6    0.220000E+002    0.282264E+004
     n             6               NA    0.282264E+004
     n             6               NA    0.282264E+004
     n           253               NA    0.503211E+004
     n            30               NA    0.264654E+004
     y             6    0.500000E+001    0.282264E+004
     y             2    0.300000E+003    0.980353E+003
     n            62               NA    0.803633E+004
     y            30    0.999000E+003    0.264654E+004
     n             2               NA    0.980353E+003
     n             6               NA    0.282264E+004
     n             6               NA    0.282264E+004
     n             6               NA    0.282264E+004
     y             6    0.120000E+003    0.282264E+004
     y             2    0.200000E+002    0.980353E+003
     y             6    0.300000E+002    0.282264E+004
     n            30               NA    0.264654E+004
     y            29    0.450000E+005    0.858593E+005
     y             6    0.163000E+003    0.282264E+004
     y            30    0.100000E+003    0.264654E+004
     y           252    0.200000E+003    0.414540E+005
     n            62               NA    0.803633E+004
     y            62    0.300000E+003    0.803633E+004
     y             6    0.200000E+003    0.282264E+004
     n             6               NA    0.282264E+004
     y             2    0.120000E+002    0.980353E+003
     n            30               NA    0.264654E+004
     y             6    0.120000E+002    0.282264E+004
     y           252    0.107121E+006    0.414540E+005
     y             2    0.500000E+001    0.980353E+003
     y             6    0.982000E+003    0.282264E+004
     y            30    0.200000E+003    0.264654E+004
     y             6    0.150000E+002    0.282264E+004
     y             2    0.960000E+004    0.980353E+003
     n             6               NA    0.282264E+004
     y            30    0.100000E+003    0.264654E+004
     y             6    0.130000E+003    0.282264E+004
     n            30               NA    0.264654E+004
     y             6    0.300000E+003    0.282264E+004
     n             6               NA    0.282264E+004
     y            29    0.107121E+006    0.858593E+005
     y             6    0.120000E+002    0.282264E+004
     n            28               NA    0.276413E+005
     y           252    0.240000E+004    0.414540E+005
     y            30    0.900000E+003    0.264654E+004
     y             2    0.800000E+002    0.980353E+003
     y             6    0.640000E+002    0.282264E+004
     y             6    0.100000E+002    0.282264E+004
     y           253    0.700000E+002    0.503211E+004
     n             6               NA    0.282264E+004
     y             2    0.133000E+003    0.980353E+003
     y             6    0.320000E+004    0.282264E+004
     y            30    0.120000E+003    0.264654E+004
     y            30    0.100000E+002    0.264654E+004
     y             2    0.200000E+002    0.980353E+003
     n             6               NA    0.282264E+004
     y             6    0.100000E+003    0.282264E+004
     y             2    0.800000E+003    0.980353E+003
     n             6               NA    0.282264E+004
     y             6    0.960000E+003    0.282264E+004
     n             6               NA    0.282264E+004
     n             6               NA    0.282264E+004
     y             6    0.120000E+002    0.282264E+004
     y            30    0.800000E+002    0.264654E+004
     n            62               NA    0.803633E+004
     y             6    0.409000E+003    0.282264E+004
     y             6    0.200000E+002    0.282264E+004
     n             6               NA    0.282264E+004
     n            30               NA    0.264654E+004
     y             6    0.100000E+001    0.282264E+004
     n            30               NA    0.264654E+004
     y            29    0.107121E+006    0.858593E+005
     y            62    0.500000E+001    0.803633E+004
     y             6    0.390000E+004    0.282264E+004
     y            30    0.200000E+002    0.264654E+004
     n             6               NA    0.282264E+004
     y             6    0.100000E+002    0.282264E+004
     n            62               NA    0.803633E+004
     y             2    0.100000E+002    0.980353E+003
     y            30    0.200000E+003    0.264654E+004
     y             6    0.500000E+003    0.282264E+004
     y             6    0.536100E+004    0.282264E+004
     y             6    0.350000E+002    0.282264E+004
     n             2               NA    0.980353E+003
     y             6    0.600000E+001    0.282264E+004
     y             6    0.310000E+002    0.282264E+004
     y             6    0.600000E+004    0.282264E+004
     y             6    0.189000E+003    0.282264E+004
     y             2    0.100000E+003    0.980353E+003
     n             6               NA    0.282264E+004
     y             6    0.100000E+002    0.282264E+004
     y             6    0.900000E+003    0.282264E+004
     y             6    0.720000E+002    0.282264E+004
     n             6               NA    0.282264E+004
     y            30    0.150000E+002    0.264654E+004
     y            62    0.250000E+004    0.803633E+004
     y             2    0.600000E+001    0.980353E+003
     n             6               NA    0.282264E+004
     y             6    0.188280E+005    0.282264E+004
     y             6    0.500000E+001    0.282264E+004
     n            30               NA    0.264654E+004
     y             6    0.100000E+001    0.282264E+004
     y             2    0.196400E+004    0.980353E+003
     y             6    0.500000E+002    0.282264E+004
     y             2    0.480000E+003    0.980353E+003
     n            62               NA    0.803633E+004
     n             6               NA    0.282264E+004
     y            30    0.500000E+002    0.264654E+004
     y             2    0.200000E+002    0.980353E+003
     n             6               NA    0.282264E+004
     n             6               NA    0.282264E+004
     y             6    0.400000E+002    0.282264E+004
     y             6    0.460000E+002    0.282264E+004
     n             6               NA    0.282264E+004
     n             6               NA    0.282264E+004
     y             6    0.400000E+005    0.282264E+004
     n             6               NA    0.282264E+004
     y             6    0.100000E+004    0.282264E+004
     y             6    0.329100E+004    0.282264E+004
     n             6               NA    0.282264E+004
     n             6               NA    0.282264E+004
     n             6               NA    0.282264E+004
     y             6    0.190000E+005    0.282264E+004
     y             6    0.400000E+001    0.282264E+004
     y             2    0.400000E+003    0.980353E+003
     n             2               NA    0.980353E+003
     y             6    0.120000E+005    0.282264E+004
     n            30               NA    0.264654E+004
     y            62    0.500000E+002    0.803633E+004
     y             2    0.174000E+003    0.980353E+003
     n            30               NA    0.264654E+004
     n             6               NA    0.282264E+004
     n             6               NA    0.282264E+004
     y           252    0.259350E+005    0.414540E+005
     y             6    0.100000E+001    0.282264E+004
     y             2    0.120000E+003    0.980353E+003
     y             6    0.170000E+004    0.282264E+004
     y            30    0.200000E+004    0.264654E+004
     y            30    0.280000E+002    0.264654E+004
     n             6               NA    0.282264E+004
     y             2    0.120000E+003    0.980353E+003
     y             6    0.100000E+005    0.282264E+004
     y             6    0.166900E+004    0.282264E+004
     y             6    0.810000E+004    0.282264E+004
     n             6               NA    0.282264E+004
     y            30    0.150000E+003    0.264654E+004
     y            62    0.200000E+003    0.803633E+004
     n             6               NA    0.282264E+004
     n             6               NA    0.282264E+004
     y             6    0.100000E+003    0.282264E+004
     y             6    0.115000E+003    0.282264E+004
     y             6    0.200000E+003    0.282264E+004
     n             6               NA    0.282264E+004
     n           253               NA    0.503211E+004
     y            30    0.330000E+002    0.264654E+004
     y            28    0.920000E+002    0.276413E+005
     n             2               NA    0.980353E+003
     y             2    0.900000E+001    0.980353E+003
     y             2    0.300000E+001    0.980353E+003
     n             6               NA    0.282264E+004
     n             6               NA    0.282264E+004
     y             6    0.600000E+004    0.282264E+004
     y             6    0.450000E+003    0.282264E+004
     y             6    0.112410E+005    0.282264E+004
     n            62               NA    0.803633E+004
     y             6    0.290000E+002    0.282264E+004
     y             6    0.300000E+003    0.282264E+004
     n            62               NA    0.803633E+004
     n             6               NA    0.282264E+004
     n             6               NA    0.282264E+004
     y             6    0.140000E+005    0.282264E+004
     y             2    0.100000E+003    0.980353E+003
     y             6    0.130000E+005    0.282264E+004
     n            62               NA    0.803633E+004
     n            62               NA    0.803633E+004
     n             6               NA    0.282264E+004
     n             6               NA    0.282264E+004
     n             6               NA    0.282264E+004
     y             6    0.240000E+002    0.282264E+004
     y             6    0.700000E+002    0.282264E+004
     y            62    0.120000E+004    0.803633E+004
     n             6               NA    0.282264E+004
     n             6               NA    0.282264E+004
     y             6    0.400000E+004    0.282264E+004
     y             6    0.279700E+004    0.282264E+004
     n             6               NA    0.282264E+004
     y            62    0.100000E+003    0.803633E+004
     y             2    0.500000E+002    0.980353E+003
     n             6               NA    0.282264E+004
     y            62    0.100000E+005    0.803633E+004
     y             6    0.270000E+002    0.282264E+004
     y             6    0.535000E+003    0.282264E+004
     n             2               NA    0.980353E+003
     n             6               NA    0.282264E+004
     n             6               NA    0.282264E+004
     y             6    0.800000E+002    0.282264E+004
     n             6               NA    0.282264E+004
     y             6    0.900000E+003    0.282264E+004
     y             6    0.600000E+002    0.282264E+004
     n            62               NA    0.803633E+004
     n             6               NA    0.282264E+004
     y             2    0.500000E+002    0.980353E+003
     n             2               NA    0.980353E+003
     y            30    0.420000E+004    0.264654E+004
     n             6               NA    0.282264E+004
     y             6    0.100000E+001    0.282264E+004
     y             2    0.800000E+002    0.980353E+003
     y             6    0.600000E+003    0.282264E+004
     n             2               NA    0.980353E+003
     y             6    0.200000E+001    0.282264E+004
     n             2               NA    0.980353E+003
     n            62               NA    0.803633E+004
     n            62               NA    0.803633E+004
     y             2    0.100000E+001    0.980353E+003
     y             6    0.500000E+003    0.282264E+004
     n             6               NA    0.282264E+004
     n             6               NA    0.282264E+004
     y            30    0.120000E+002    0.264654E+004
     y             2    0.625000E+003    0.980353E+003
     n             6               NA    0.282264E+004
     y             6    0.500000E+002    0.282264E+004
     y             2    0.200000E+003    0.980353E+003
     y             2    0.150000E+004    0.980353E+003
     y             6    0.440000E+005    0.282264E+004
     y             6    0.100000E+003    0.282264E+004
     n             2               NA    0.980353E+003
     n             6               NA    0.282264E+004
     y            30    0.500000E+002    0.264654E+004
     n           253               NA    0.503211E+004
     y            28    0.350000E+005    0.276413E+005
     y             6    0.200000E+003    0.282264E+004
     y           253    0.155000E+005    0.503211E+004
     y            28    0.482000E+004    0.276413E+005
     n             6               NA    0.282264E+004
     y             2    0.259000E+003    0.980353E+003
     y             6    0.350000E+004    0.282264E+004
     n            28               NA    0.276413E+005
     y            30    0.200000E+002    0.264654E+004
     y             2    0.100000E+001    0.980353E+003
     y             6    0.248800E+004    0.282264E+004
     y             6    0.100000E+001    0.282264E+004
     y             6    0.220000E+004    0.282264E+004
     y             6    0.100000E+002    0.282264E+004
     n             6               NA    0.282264E+004
     y             6    0.500000E+002    0.282264E+004
     y             2    0.510000E+003    0.980353E+003
     n             6               NA    0.282264E+004
     y             6    0.260000E+005    0.282264E+004
     y            62    0.500000E+002    0.803633E+004
     y             6    0.100000E+002    0.282264E+004
     n            30               NA    0.264654E+004
     y             2    0.200000E+001    0.980353E+003
     y           252    0.100000E+005    0.414540E+005
     n             2               NA    0.980353E+003
     y             6    0.700000E+003    0.282264E+004
     n             6               NA    0.282264E+004
     y             2    0.500000E+002    0.980353E+003
     y             6    0.200000E+003    0.282264E+004
     n             6               NA    0.282264E+004
     n            62               NA    0.803633E+004
     n            30               NA    0.264654E+004
     y             2    0.180000E+004    0.980353E+003
     n             6               NA    0.282264E+004
     y             2    0.200000E+003    0.980353E+003
     y            62    0.100000E+004    0.803633E+004
     y             6    0.160000E+002    0.282264E+004
     y             6    0.500000E+004    0.282264E+004
     y             6    0.500000E+003    0.282264E+004
     y             2    0.300000E+001    0.980353E+003
     n             6               NA    0.282264E+004
     y             6    0.200000E+003    0.282264E+004
     y             6    0.120000E+002    0.282264E+004
     y             6    0.600000E+001    0.282264E+004
     y             6    0.300000E+003    0.282264E+004
     y            62    0.394600E+004    0.803633E+004
     n            62               NA    0.803633E+004
     n             2               NA    0.980353E+003
     y             6    0.630000E+002    0.282264E+004
     n            62               NA    0.803633E+004
     n             6               NA    0.282264E+004
     n            30               NA    0.264654E+004
     y             6    0.300000E+001    0.282264E+004
     y            28    0.200000E+004    0.276413E+005
     y             6    0.500000E+001    0.282264E+004
     y            30    0.140000E+003    0.264654E+004
     n             6               NA    0.282264E+004
     y             6    0.100000E+003    0.282264E+004
     y             6    0.200000E+001    0.282264E+004
     y             2    0.300000E+003    0.980353E+003
     n             6               NA    0.282264E+004
     n             6               NA    0.282264E+004
     y             6    0.150000E+002    0.282264E+004
     y             2    0.770000E+003    0.980353E+003
     y             6    0.100000E+001    0.282264E+004
     y             6    0.350000E+004    0.282264E+004
     n             2               NA    0.980353E+003
     n             6               NA    0.282264E+004
     y            30    0.500000E+001    0.264654E+004
     n             2               NA    0.980353E+003
     y            62    0.100000E+004    0.803633E+004
     y             6    0.500000E+001    0.282264E+004
     y            30    0.160000E+004    0.264654E+004
     y             6    0.120000E+005    0.282264E+004
     n            30               NA    0.264654E+004
     y             6    0.100000E+001    0.282264E+004
     y             6    0.144000E+005    0.282264E+004
     y             6    0.640000E+003    0.282264E+004
     y             6    0.350000E+002    0.282264E+004
     y             6    0.200000E+004    0.282264E+004
     y             6    0.100000E+002    0.282264E+004
     y             2    0.198400E+004    0.980353E+003
     y            30    0.250000E+004    0.264654E+004
     y             6    0.400000E+004    0.282264E+004
     y             2    0.200000E+002    0.980353E+003
     y             6    0.500000E+001    0.282264E+004
     y             6    0.180000E+004    0.282264E+004
     y             6    0.200000E+002    0.282264E+004
     y             2    0.400000E+003    0.980353E+003
     y             2    0.500000E+001    0.980353E+003
     y            62    0.250000E+004    0.803633E+004
     n             6               NA    0.282264E+004
     n           253               NA    0.503211E+004
     y            30    0.360000E+004    0.264654E+004
     y             6    0.100000E+002    0.282264E+004
     n             6               NA    0.282264E+004
     n             6               NA    0.282264E+004
     y             6    0.120000E+005    0.282264E+004
     n             6               NA    0.282264E+004
     y             6    0.100000E+001    0.282264E+004
     y            30    0.300000E+003    0.264654E+004
     y             2    0.200000E+004    0.980353E+003
     y             6    0.816100E+004    0.282264E+004
     y             6    0.300000E+003    0.282264E+004
     y            29    0.240000E+004    0.858593E+005
     y            30    0.500000E+001    0.264654E+004
     n           253               NA    0.503211E+004
     y            62    0.150000E+005    0.803633E+004
     y             6    0.100000E+002    0.282264E+004
     y             2    0.200000E+003    0.980353E+003
     y             6    0.120000E+002    0.282264E+004
     n             2               NA    0.980353E+003
     y             6    0.120000E+004    0.282264E+004
     y             6    0.480000E+005    0.282264E+004
     y             6    0.432000E+005    0.282264E+004
     y             6    0.100000E+002    0.282264E+004
     y            62    0.110000E+005    0.803633E+004
     n            30               NA    0.264654E+004
     n             6               NA    0.282264E+004
     y             6    0.500000E+001    0.282264E+004
     y            30    0.250000E+003    0.264654E+004
     n             6               NA    0.282264E+004
     n             6               NA    0.282264E+004
     n             6               NA    0.282264E+004
     n             6               NA    0.282264E+004
     y             6    0.200000E+003    0.282264E+004
     y             2    0.300000E+003    0.980353E+003
     y             6    0.110000E+004    0.282264E+004
     n             2               NA    0.980353E+003
     y             6    0.200000E+002    0.282264E+004
     y           252    0.450000E+005    0.414540E+005
     n             2               NA    0.980353E+003
     y             6    0.200000E+002    0.282264E+004
     y             6    0.500000E+004    0.282264E+004
     n             6               NA    0.282264E+004
     y             6    0.100000E+001    0.282264E+004
     n           252               NA    0.414540E+005
     n             6               NA    0.282264E+004
     y             2    0.100000E+001    0.980353E+003
     y             6    0.100000E+002    0.282264E+004
     n             6               NA    0.282264E+004
     n             6               NA    0.282264E+004
     n             6               NA    0.282264E+004
     y             2    0.230000E+003    0.980353E+003
     y             6    0.200000E+003    0.282264E+004
     y             2    0.100000E+005    0.980353E+003
     n             6               NA    0.282264E+004
     n             6               NA    0.282264E+004
     n             2               NA    0.980353E+003
     n             6               NA    0.282264E+004
     y             6    0.300000E+003    0.282264E+004
     y             6    0.642100E+004    0.282264E+004
     n             6               NA    0.282264E+004
     y            30    0.230000E+004    0.264654E+004
     y             6    0.200000E+003    0.282264E+004
     y           253    0.120000E+005    0.503211E+004
     y             2    0.150000E+003    0.980353E+003
     n             2               NA    0.980353E+003
     n             6               NA    0.282264E+004
     y             2    0.200000E+002    0.980353E+003
     n             2               NA    0.980353E+003
     y             6    0.450000E+002    0.282264E+004
     y             2    0.100000E+003    0.980353E+003
     y             6    0.300000E+001    0.282264E+004
     y           127    0.107121E+006    0.124324E+006
     n             6               NA    0.282264E+004
     y            62    0.300000E+003    0.803633E+004
     y             6    0.200000E+003    0.282264E+004
     y             6    0.100000E+001    0.282264E+004
     n             2               NA    0.980353E+003
     n             6               NA    0.282264E+004
     y             6    0.100000E+003    0.282264E+004
     n             6               NA    0.282264E+004
     y             6    0.100000E+005    0.282264E+004
     y             6    0.150000E+005    0.282264E+004
     n             6               NA    0.282264E+004
     n           252               NA    0.414540E+005
     y             6    0.107121E+006    0.282264E+004
     y             2    0.150000E+002    0.980353E+003
     y            62    0.100000E+005    0.803633E+004
     y             2    0.180000E+002    0.980353E+003
     y             6    0.500000E+004    0.282264E+004
     y             6    0.200000E+002    0.282264E+004
     n             6               NA    0.282264E+004
     n             6               NA    0.282264E+004
     n             6               NA    0.282264E+004
     y            62    0.220000E+002    0.803633E+004
     n             6               NA    0.282264E+004
     y             2    0.340000E+003    0.980353E+003
     n             6               NA    0.282264E+004
     y            62    0.350000E+004    0.803633E+004
     y             6    0.400000E+003    0.282264E+004
     y             2    0.500000E+004    0.980353E+003
     n             6               NA    0.282264E+004
     y             6    0.120000E+002    0.282264E+004
     y             2    0.870000E+002    0.980353E+003
     y             6    0.120000E+004    0.282264E+004
     n             2               NA    0.980353E+003
     n             6               NA    0.282264E+004
     y             6    0.100000E+001    0.282264E+004
     y             6    0.800000E+004    0.282264E+004
     y             2    0.500000E+004    0.980353E+003
     n             6               NA    0.282264E+004
     y            62    0.180000E+003    0.803633E+004
     n             6               NA    0.282264E+004
     n             6               NA    0.282264E+004
     n            28               NA    0.276413E+005
     y             6    0.200000E+004    0.282264E+004
     y             6    0.250000E+003    0.282264E+004
     y             2    0.100000E+001    0.980353E+003
     y            30    0.500000E+002    0.264654E+004
     y             2    0.500000E+001    0.980353E+003
     n             6               NA    0.282264E+004
     n             6               NA    0.282264E+004
     y             6    0.140000E+005    0.282264E+004
     y             6    0.965000E+003    0.282264E+004
     y            28    0.125000E+004    0.276413E+005
     n             6               NA    0.282264E+004
     n             2               NA    0.980353E+003
     y             2    0.672000E+003    0.980353E+003
     n            62               NA    0.803633E+004
     n             6               NA    0.282264E+004
     y             6    0.108200E+004    0.282264E+004
     y             2    0.100000E+003    0.980353E+003
     n             2               NA    0.980353E+003
     y             2    0.100000E+003    0.980353E+003
     n             6               NA    0.282264E+004
     y             6    0.400000E+003    0.282264E+004
     y             2    0.300000E+003    0.980353E+003
     y             2    0.300000E+001    0.980353E+003
     n             6               NA    0.282264E+004
     y             6    0.500000E+002    0.282264E+004
     y             6    0.600000E+004    0.282264E+004
     y             6    0.120000E+002    0.282264E+004
     y             6    0.800000E+002    0.282264E+004
     n            30               NA    0.264654E+004
     y             2    0.100000E+002    0.980353E+003
     y             6    0.500000E+001    0.282264E+004
     y            30    0.910000E+003    0.264654E+004
     y            62    0.100000E+003    0.803633E+004
     y            30    0.485000E+004    0.264654E+004
     y             6    0.650000E+004    0.282264E+004
     y             6    0.750000E+003    0.282264E+004
     y             6    0.500000E+002    0.282264E+004
     y             2    0.175200E+004    0.980353E+003
     n             6               NA    0.282264E+004
     n             6               NA    0.282264E+004
     y            62    0.600000E+004    0.803633E+004
     n            30               NA    0.264654E+004
     y             6    0.160000E+004    0.282264E+004
     y             6    0.149000E+003    0.282264E+004
     y             6    0.948000E+003    0.282264E+004
     y             2    0.300000E+003    0.980353E+003
     y             2    0.500000E+002    0.980353E+003
     y             6    0.350000E+005    0.282264E+004
     y             6    0.500000E+001    0.282264E+004
     n            62               NA    0.803633E+004
     n             6               NA    0.282264E+004
     n             6               NA    0.282264E+004
     y             2    0.120000E+002    0.980353E+003
     y             2    0.250000E+002    0.980353E+003
     y             6    0.122000E+003    0.282264E+004
     n             6               NA    0.282264E+004
     n             6               NA    0.282264E+004
     y             6    0.120000E+005    0.282264E+004
     y             2    0.300000E+001    0.980353E+003
     n             6               NA    0.282264E+004
     n            62               NA    0.803633E+004
     n           253               NA    0.503211E+004
     y            30    0.348000E+003    0.264654E+004
     y            62    0.205000E+004    0.803633E+004
     y             6    0.200000E+002    0.282264E+004
     y             2    0.300000E+003    0.980353E+003
     y             2    0.200000E+002    0.980353E+003
     n             6               NA    0.282264E+004
     y             6    0.360000E+004    0.282264E+004
     y             6    0.260000E+005    0.282264E+004
     y             6    0.200000E+003    0.282264E+004
     y             2    0.100000E+003    0.980353E+003
     n            28               NA    0.276413E+005
     n             6               NA    0.282264E+004
     y             6    0.300000E+002    0.282264E+004
     y             6    0.364420E+005    0.282264E+004
     y             6    0.150000E+005    0.282264E+004
     y             6    0.100000E+003    0.282264E+004
     y             6    0.300000E+002    0.282264E+004
     y             2    0.500000E+002    0.980353E+003
     n           252               NA    0.414540E+005
     y            30    0.100000E+001    0.264654E+004
     y            29    0.107121E+006    0.858593E+005
     y             6    0.100000E+002    0.282264E+004
     y             6    0.200000E+005    0.282264E+004
     y             6    0.180000E+004    0.282264E+004
     n            28               NA    0.276413E+005
     y             6    0.600000E+003    0.282264E+004
     n             6               NA    0.282264E+004
     n             6               NA    0.282264E+004
     n             2               NA    0.980353E+003
     y             2    0.110000E+003    0.980353E+003
     y             6    0.100000E+002    0.282264E+004
     y             6    0.100000E+001    0.282264E+004
     y             2    0.600000E+002    0.980353E+003
     n             6               NA    0.282264E+004
     n             2               NA    0.980353E+003
     n             6               NA    0.282264E+004
     y             6    0.257300E+004    0.282264E+004
     y            30    0.100000E+002    0.264654E+004
     n            30               NA    0.264654E+004
     n            30               NA    0.264654E+004
     y             2    0.110000E+002    0.980353E+003
     y             2    0.200000E+003    0.980353E+003
     n             6               NA    0.282264E+004
     n             2               NA    0.980353E+003
     y             6    0.100000E+001    0.282264E+004
     n             6               NA    0.282264E+004
     y            30    0.559000E+003    0.264654E+004
     n             6               NA    0.282264E+004
     y            62    0.600000E+004    0.803633E+004
     y             6    0.120000E+004    0.282264E+004
     y             6    0.100000E+004    0.282264E+004
     n             6               NA    0.282264E+004
     y             6    0.120000E+002    0.282264E+004
     y             2    0.100000E+002    0.980353E+003
     y             6    0.180000E+005    0.282264E+004
     y             6    0.100000E+004    0.282264E+004
     n             6               NA    0.282264E+004
     y             6    0.600000E+002    0.282264E+004
     y           253    0.198400E+004    0.503211E+004
     y             2    0.100000E+003    0.980353E+003
     y             6    0.100000E+001    0.282264E+004
     n             6               NA    0.282264E+004
     y             2    0.300000E+001    0.980353E+003
     y            62    0.240000E+003    0.803633E+004
     y             2    0.500000E+003    0.980353E+003
     y             6    0.300000E+005    0.282264E+004
     y             2    0.250000E+002    0.980353E+003
     y             2    0.200000E+004    0.980353E+003
     n             6               NA    0.282264E+004
     n             6               NA    0.282264E+004
     n             6               NA    0.282264E+004
     n            30               NA    0.264654E+004
     y            30    0.250000E+003    0.264654E+004
     y            30    0.650000E+003    0.264654E+004
     y            30    0.356800E+004    0.264654E+004
     y             6    0.110000E+004    0.282264E+004
     y             2    0.519000E+003    0.980353E+003
     y             2    0.700000E+001    0.980353E+003
     n            30               NA    0.264654E+004
     y            28    0.107121E+006    0.276413E+005
     n             6               NA    0.282264E+004
     y             6    0.500000E+001    0.282264E+004
     y             6    0.400000E+001    0.282264E+004
     y             6    0.150000E+002    0.282264E+004
     y             6    0.800000E+004    0.282264E+004
     y             2    0.400000E+003    0.980353E+003
     y             6    0.700000E+002    0.282264E+004
     y             6    0.330000E+004    0.282264E+004
     n            62               NA    0.803633E+004
     y             2    0.100000E+001    0.980353E+003
     y            62    0.100000E+003    0.803633E+004
     n             6               NA    0.282264E+004
     n             6               NA    0.282264E+004
     y             6    0.100000E+001    0.282264E+004
     y             2    0.100000E+002    0.980353E+003
     n             2               NA    0.980353E+003
     y             6    0.240000E+002    0.282264E+004
     y             6    0.100000E+002    0.282264E+004
     y             2    0.110000E+004    0.980353E+003
     y             6    0.500000E+001    0.282264E+004
     y             6    0.229000E+003    0.282264E+004
     n             6               NA    0.282264E+004
     y             6    0.200000E+005    0.282264E+004
     n             6               NA    0.282264E+004
     y             6    0.240000E+004    0.282264E+004
     y            62    0.320000E+004    0.803633E+004
     y             6    0.900000E+004    0.282264E+004
     y             2    0.200000E+003    0.980353E+003
     y             6    0.120000E+002    0.282264E+004
     y            29    0.107121E+006    0.858593E+005
     n             6               NA    0.282264E+004
     n             6               NA    0.282264E+004
     n             2               NA    0.980353E+003
     n             6               NA    0.282264E+004
     n             2               NA    0.980353E+003
     y             6    0.500000E+001    0.282264E+004
     y           253    0.500000E+004    0.503211E+004
     n           253               NA    0.503211E+004
     y             6    0.118000E+003    0.282264E+004
     y             6    0.400000E+001    0.282264E+004
     y             2    0.400000E+001    0.980353E+003
     n             6               NA    0.282264E+004
     y             2    0.400000E+003    0.980353E+003
     n             2               NA    0.980353E+003
     y            30    0.500000E+002    0.264654E+004
     y             2    0.100000E+002    0.980353E+003
     n             6               NA    0.282264E+004
     n             6               NA    0.282264E+004
     n             2               NA    0.980353E+003
     y             6    0.500000E+001    0.282264E+004
     y             6    0.400000E+002    0.282264E+004
     n             6               NA    0.282264E+004
     n             6               NA    0.282264E+004
     y             2    0.100000E+001    0.980353E+003
     n            62               NA    0.803633E+004
     y             2    0.300000E+004    0.980353E+003
     y             6    0.990000E+002    0.282264E+004
     n             6               NA    0.282264E+004
     y            30    0.140000E+003    0.264654E+004
     y             6    0.293470E+005    0.282264E+004
     n            62               NA    0.803633E+004
     n             6               NA    0.282264E+004
     y             6    0.180000E+005    0.282264E+004
     y            30    0.700000E+004    0.264654E+004
     y            30    0.260000E+004    0.264654E+004
     n             6               NA    0.282264E+004
     n             2               NA    0.980353E+003
     y           252    0.107121E+006    0.414540E+005
     y             6    0.200000E+004    0.282264E+004
     n            28               NA    0.276413E+005
     y             6    0.720000E+002    0.282264E+004
     n             6               NA    0.282264E+004
     y             2    0.350000E+003    0.980353E+003
     y             6    0.120000E+004    0.282264E+004
     y            30    0.100000E+003    0.264654E+004
     y             6    0.200000E+001    0.282264E+004
     y             2    0.200000E+002    0.980353E+003
     n             6               NA    0.282264E+004
     n             6               NA    0.282264E+004
     n             2               NA    0.980353E+003
     n            62               NA    0.803633E+004
     y             2    0.100000E+004    0.980353E+003
     y            62    0.350000E+005    0.803633E+004
     y             2    0.500000E+001    0.980353E+003
     n             6               NA    0.282264E+004
     y            62    0.400000E+004    0.803633E+004
     y             6    0.260000E+002    0.282264E+004
     y             6    0.120000E+004    0.282264E+004
     y             2    0.150000E+003    0.980353E+003
     y             2    0.600000E+003    0.980353E+003
     n             6               NA    0.282264E+004
     y             6    0.500000E+001    0.282264E+004
     y            30    0.380000E+003    0.264654E+004
     n             6               NA    0.282264E+004
     y           253    0.100000E+003    0.503211E+004
     n             6               NA    0.282264E+004
     n             2               NA    0.980353E+003
     y            62    0.200000E+003    0.803633E+004
     y             6    0.220000E+002    0.282264E+004
     n             6               NA    0.282264E+004
     y            62    0.200000E+003    0.803633E+004
     n            28               NA    0.276413E+005
     y             6    0.200000E+003    0.282264E+004
     y             6    0.346000E+003    0.282264E+004
     n             6               NA    0.282264E+004
     y            62    0.146110E+005    0.803633E+004
     n             6               NA    0.282264E+004
     n             6               NA    0.282264E+004
     y            30    0.500000E+004    0.264654E+004
     n             6               NA    0.282264E+004
     y             2    0.250000E+002    0.980353E+003
     n             6               NA    0.282264E+004
     y             2    0.100000E+001    0.980353E+003
     y             6    0.297600E+004    0.282264E+004
     y             2    0.360000E+002    0.980353E+003
     n             6               NA    0.282264E+004
     y            62    0.200000E+002    0.803633E+004
     n             6               NA    0.282264E+004
     y             6    0.150000E+004    0.282264E+004
     n             6               NA    0.282264E+004
     y             2    0.100000E+001    0.980353E+003
     n             6               NA    0.282264E+004
     y             6    0.150000E+002    0.282264E+004
     n             6               NA    0.282264E+004
     n            30               NA    0.264654E+004
     n             2               NA    0.980353E+003
     n             6               NA    0.282264E+004
     y            62    0.300000E+003    0.803633E+004
     y             6    0.600000E+003    0.282264E+004
     y             6    0.190000E+004    0.282264E+004
     n             6               NA    0.282264E+004
     n             6               NA    0.282264E+004
     n             6               NA    0.282264E+004
     y             6    0.100000E+001    0.282264E+004
     y             6    0.200000E+003    0.282264E+004
     y            30    0.360000E+002    0.264654E+004
     y             6    0.500000E+002    0.282264E+004
     y             6    0.120000E+003    0.282264E+004
     n            30               NA    0.264654E+004
     n            30               NA    0.264654E+004
     y             6    0.600000E+001    0.282264E+004
     y             6    0.400000E+001    0.282264E+004
     y             6    0.300000E+004    0.282264E+004
     y             6    0.250000E+002    0.282264E+004
     n             6               NA    0.282264E+004
     y             6    0.120000E+003    0.282264E+004
     y             6    0.100000E+001    0.282264E+004
     y           253    0.400000E+003    0.503211E+004
     n             2               NA    0.980353E+003
     n             6               NA    0.282264E+004
     n             6               NA    0.282264E+004
     n             6               NA    0.282264E+004
     y             6    0.100000E+003    0.282264E+004
     n             6               NA    0.282264E+004
     n             6               NA    0.282264E+004
     y             2    0.500000E+003    0.980353E+003
     y             6    0.200000E+004    0.282264E+004
     n            30               NA    0.264654E+004
     n             6               NA    0.282264E+004
     n             2               NA    0.980353E+003
     y            30    0.150000E+004    0.264654E+004
     y             6    0.924000E+003    0.282264E+004
     n           253               NA    0.503211E+004
     y             6    0.120000E+004    0.282264E+004
     n             6               NA    0.282264E+004
     y            62    0.400000E+004    0.803633E+004
     y             6    0.300000E+003    0.282264E+004
     y             6    0.220000E+002    0.282264E+004
     n             6               NA    0.282264E+004
     n             6               NA    0.282264E+004
     n             6               NA    0.282264E+004
     n           253               NA    0.503211E+004
     n            30               NA    0.264654E+004
     y             6    0.500000E+001    0.282264E+004
     y             2    0.300000E+003    0.980353E+003
     y             2    0.200000E+001    0.980353E+003
     y            30    0.999000E+003    0.264654E+004
     n             6               NA    0.282264E+004
     n             6               NA    0.282264E+004
     y             2    0.200000E+002    0.980353E+003
     y             6    0.300000E+002    0.282264E+004
     n            30               NA    0.264654E+004
     y            29    0.450000E+005    0.858593E+005
     y             6    0.163000E+003    0.282264E+004
     y           252    0.200000E+003    0.414540E+005
     n            62               NA    0.803633E+004
     y            62    0.300000E+003    0.803633E+004
     y             2    0.200000E+003    0.980353E+003
     y             6    0.120000E+002    0.282264E+004
     y           252    0.107121E+006    0.414540E+005
     y             2    0.500000E+001    0.980353E+003
     y            30    0.200000E+003    0.264654E+004
     y             6    0.150000E+002    0.282264E+004
     n             6               NA    0.282264E+004
     y            30    0.100000E+003    0.264654E+004
     y             6    0.130000E+003    0.282264E+004
     n             2               NA    0.980353E+003
     y             6    0.300000E+003    0.282264E+004
     n             6               NA    0.282264E+004
     n             6               NA    0.282264E+004
     y            29    0.107121E+006    0.858593E+005
     y             6    0.120000E+002    0.282264E+004
     n             6               NA    0.282264E+004
     y           252    0.240000E+004    0.414540E+005
     y             6    0.640000E+002    0.282264E+004
     y             6    0.100000E+002    0.282264E+004
     y             6    0.250000E+003    0.282264E+004
     n             6               NA    0.282264E+004
     y             2    0.133000E+003    0.980353E+003
     y             6    0.320000E+004    0.282264E+004
     y            30    0.120000E+003    0.264654E+004
     y            30    0.100000E+002    0.264654E+004
     n             6               NA    0.282264E+004
     y             6    0.100000E+003    0.282264E+004
     y             2    0.800000E+003    0.980353E+003
     n             6               NA    0.282264E+004
     y             6    0.960000E+003    0.282264E+004
     y             6    0.600000E+001    0.282264E+004
     n             6               NA    0.282264E+004
     n             6               NA    0.282264E+004
     y            30    0.800000E+002    0.264654E+004
     n             6               NA    0.282264E+004
     n            62               NA    0.803633E+004
     y             6    0.409000E+003    0.282264E+004
     y             6    0.200000E+002    0.282264E+004
     n             6               NA    0.282264E+004
     y             6    0.100000E+001    0.282264E+004
     n            30               NA    0.264654E+004
     y            29    0.107121E+006    0.858593E+005
     y             2    0.300000E+001    0.980353E+003
     y             6    0.390000E+004    0.282264E+004
     y             2    0.200000E+002    0.980353E+003
     n             6               NA    0.282264E+004
     n            62               NA    0.803633E+004
     n             6               NA    0.282264E+004
     y             2    0.100000E+005    0.980353E+003
     y            30    0.200000E+003    0.264654E+004
     y             6    0.500000E+003    0.282264E+004
     y             6    0.536100E+004    0.282264E+004
     y             6    0.350000E+002    0.282264E+004
     y             6    0.310000E+002    0.282264E+004
     y             6    0.600000E+004    0.282264E+004
     y             6    0.189000E+003    0.282264E+004
     y             2    0.100000E+003    0.980353E+003
     n             6               NA    0.282264E+004
     y             6    0.100000E+002    0.282264E+004
     y             6    0.900000E+003    0.282264E+004
     n             6               NA    0.282264E+004
     n             6               NA    0.282264E+004
     y            30    0.150000E+002    0.264654E+004
     y            62    0.250000E+004    0.803633E+004
     y             2    0.100000E+002    0.980353E+003
     n             6               NA    0.282264E+004
     y             6    0.500000E+001    0.282264E+004
     y             6    0.100000E+001    0.282264E+004
     y             2    0.196400E+004    0.980353E+003
     y             6    0.500000E+002    0.282264E+004
     n            62               NA    0.803633E+004
     n             6               NA    0.282264E+004
     y            30    0.500000E+002    0.264654E+004
     y             2    0.200000E+002    0.980353E+003
     n             6               NA    0.282264E+004
     n             6               NA    0.282264E+004
     n             6               NA    0.282264E+004
     y             6    0.400000E+002    0.282264E+004
     y             6    0.460000E+002    0.282264E+004
     n             6               NA    0.282264E+004
     n             6               NA    0.282264E+004
     y             6    0.400000E+005    0.282264E+004
     n             6               NA    0.282264E+004
     y             6    0.100000E+004    0.282264E+004
     y             6    0.329100E+004    0.282264E+004
     n             6               NA    0.282264E+004
     n             6               NA    0.282264E+004
     n             6               NA    0.282264E+004
     n             6               NA    0.282264E+004
     y             6    0.190000E+005    0.282264E+004
     y             6    0.400000E+001    0.282264E+004
     n             6               NA    0.282264E+004
     y             2    0.274000E+003    0.980353E+003
     y             2    0.400000E+003    0.980353E+003
     n             2               NA    0.980353E+003
     y             6    0.120000E+005    0.282264E+004
     n            30               NA    0.264654E+004
     y            62    0.500000E+002    0.803633E+004
     y             6    0.250000E+003    0.282264E+004
     y             6    0.174000E+003    0.282264E+004
     n            30               NA    0.264654E+004
     n             6               NA    0.282264E+004
     n             6               NA    0.282264E+004
     y           252    0.259350E+005    0.414540E+005
     y             6    0.100000E+001    0.282264E+004
     n             2               NA    0.980353E+003
     y             2    0.120000E+003    0.980353E+003
     y             6    0.170000E+004    0.282264E+004
     n           252               NA    0.414540E+005
     y            30    0.280000E+002    0.264654E+004
     n             6               NA    0.282264E+004
     y             2    0.120000E+003    0.980353E+003
     y             6    0.100000E+005    0.282264E+004
     n            62               NA    0.803633E+004
     y             6    0.810000E+004    0.282264E+004
     n             6               NA    0.282264E+004
     y            30    0.150000E+003    0.264654E+004
     y            62    0.200000E+003    0.803633E+004
     n             6               NA    0.282264E+004
     y             6    0.100000E+003    0.282264E+004
     y             6    0.115000E+003    0.282264E+004
     y             6    0.200000E+003    0.282264E+004
     n             2               NA    0.980353E+003
     n             6               NA    0.282264E+004
     n           253               NA    0.503211E+004
     y            30    0.330000E+002    0.264654E+004
     y            28    0.920000E+002    0.276413E+005
     n             2               NA    0.980353E+003
     y             2    0.900000E+001    0.980353E+003
     n             6               NA    0.282264E+004
     n             6               NA    0.282264E+004
     y             6    0.600000E+004    0.282264E+004
     y             6    0.450000E+003    0.282264E+004
     y             6    0.112410E+005    0.282264E+004
     n            62               NA    0.803633E+004
     y             6    0.290000E+002    0.282264E+004
     y             6    0.300000E+003    0.282264E+004
     n             2               NA    0.980353E+003
     n            62               NA    0.803633E+004
     n             6               NA    0.282264E+004
     n             6               NA    0.282264E+004
     y             6    0.140000E+005    0.282264E+004
     y             6    0.130000E+005    0.282264E+004
     n            62               NA    0.803633E+004
     n             6               NA    0.282264E+004
     y             6    0.240000E+002    0.282264E+004
     y             6    0.700000E+002    0.282264E+004
     y            62    0.120000E+004    0.803633E+004
     n             6               NA    0.282264E+004
     n             6               NA    0.282264E+004
     y             6    0.279700E+004    0.282264E+004
     n             2               NA    0.980353E+003
     n             6               NA    0.282264E+004
     y             6    0.270000E+002    0.282264E+004
     y            30    0.535000E+003    0.264654E+004
     n             2               NA    0.980353E+003
     n             6               NA    0.282264E+004
     n             6               NA    0.282264E+004
     y             6    0.200000E+002    0.282264E+004
     n             6               NA    0.282264E+004
     y             2    0.120000E+003    0.980353E+003
     y             6    0.800000E+002    0.282264E+004
     y             6    0.100000E+001    0.282264E+004
     n             6               NA    0.282264E+004
     y             6    0.900000E+003    0.282264E+004
     y             2    0.100000E+001    0.980353E+003
     y             6    0.600000E+002    0.282264E+004
     n            62               NA    0.803633E+004
     n             6               NA    0.282264E+004
     n             2               NA    0.980353E+003
     y            30    0.420000E+004    0.264654E+004
     y             6    0.100000E+001    0.282264E+004
     y             2    0.300000E+003    0.980353E+003
     n             6               NA    0.282264E+004
     y             2    0.800000E+002    0.980353E+003
     y             6    0.600000E+003    0.282264E+004
     n             2               NA    0.980353E+003
     n            62               NA    0.803633E+004
     n            62               NA    0.803633E+004
     y             2    0.600000E+001    0.980353E+003
     y             6    0.500000E+003    0.282264E+004
     y             6    0.100000E+001    0.282264E+004
     y           253    0.300000E+003    0.503211E+004
     y             2    0.625000E+003    0.980353E+003
     n             6               NA    0.282264E+004
     n             6               NA    0.282264E+004
     y             6    0.500000E+002    0.282264E+004
     y             2    0.146000E+003    0.980353E+003
     y             2    0.150000E+004    0.980353E+003
     n             2               NA    0.980353E+003
     n             6               NA    0.282264E+004
     y            30    0.500000E+002    0.264654E+004
     n           253               NA    0.503211E+004
     y            28    0.350000E+005    0.276413E+005
     y             6    0.200000E+003    0.282264E+004
     y           253    0.155000E+005    0.503211E+004
     y            28    0.482000E+004    0.276413E+005
     n             6               NA    0.282264E+004
     y             2    0.259000E+003    0.980353E+003
     y             6    0.350000E+004    0.282264E+004
     n            28               NA    0.276413E+005
     y            30    0.200000E+002    0.264654E+004
     y             2    0.100000E+001    0.980353E+003
     y             6    0.248800E+004    0.282264E+004
     y             6    0.100000E+001    0.282264E+004
     y             6    0.220000E+004    0.282264E+004
     y            30    0.600000E+003    0.264654E+004
     y             6    0.100000E+002    0.282264E+004
     y             2    0.500000E+002    0.980353E+003
     n             2               NA    0.980353E+003
     y             2    0.510000E+003    0.980353E+003
     n             6               NA    0.282264E+004
     y             6    0.260000E+005    0.282264E+004
     y            62    0.500000E+002    0.803633E+004
     y             2    0.200000E+004    0.980353E+003
     n            62               NA    0.803633E+004
     y           252    0.107121E+006    0.414540E+005
     y            30    0.100000E+005    0.264654E+004
     n             2               NA    0.980353E+003
     y             6    0.700000E+003    0.282264E+004
     n             6               NA    0.282264E+004
     y             2    0.500000E+002    0.980353E+003
     y             6    0.200000E+003    0.282264E+004
     n             6               NA    0.282264E+004
     n            62               NA    0.803633E+004
     n             2               NA    0.980353E+003
     y             2    0.200000E+003    0.980353E+003
     y            62    0.100000E+004    0.803633E+004
     n             6               NA    0.282264E+004
     y             6    0.160000E+002    0.282264E+004
     y             6    0.500000E+004    0.282264E+004
     y             6    0.500000E+003    0.282264E+004
     y             2    0.300000E+001    0.980353E+003
     y             6    0.200000E+003    0.282264E+004
     y             6    0.120000E+002    0.282264E+004
     y             6    0.600000E+001    0.282264E+004
     y             6    0.300000E+003    0.282264E+004
     y            62    0.394600E+004    0.803633E+004
     n            62               NA    0.803633E+004
     n             2               NA    0.980353E+003
     y             6    0.630000E+002    0.282264E+004
     y            62    0.500000E+003    0.803633E+004
     n             6               NA    0.282264E+004
     n            30               NA    0.264654E+004
     y             6    0.300000E+001    0.282264E+004
     y            28    0.200000E+004    0.276413E+005
     y             6    0.500000E+001    0.282264E+004
     y            30    0.140000E+003    0.264654E+004
     n             6               NA    0.282264E+004
     y             6    0.100000E+003    0.282264E+004
     y             6    0.200000E+001    0.282264E+004
     y             2    0.300000E+003    0.980353E+003
     n             6               NA    0.282264E+004
     n             6               NA    0.282264E+004
     y             6    0.150000E+002    0.282264E+004
     y             6    0.350000E+004    0.282264E+004
     n             2               NA    0.980353E+003
     y             6    0.105700E+004    0.282264E+004
     n             6               NA    0.282264E+004
     y            30    0.500000E+001    0.264654E+004
     n             6               NA    0.282264E+004
     n            62               NA    0.803633E+004
     y             2    0.250000E+002    0.980353E+003
     y            30    0.160000E+004    0.264654E+004
     y             6    0.120000E+005    0.282264E+004
     n            30               NA    0.264654E+004
     n             2               NA    0.980353E+003
     y             6    0.144000E+005    0.282264E+004
     y             6    0.640000E+003    0.282264E+004
     y             6    0.350000E+002    0.282264E+004
     n             6               NA    0.282264E+004
     y             6    0.100000E+002    0.282264E+004
     y             2    0.198400E+004    0.980353E+003
     y            30    0.250000E+004    0.264654E+004
     y             6    0.400000E+004    0.282264E+004
     y             2    0.300000E+002    0.980353E+003
     y             2    0.200000E+002    0.980353E+003
     y             6    0.500000E+001    0.282264E+004
     y             6    0.180000E+004    0.282264E+004
     y             6    0.200000E+002    0.282264E+004
     y             6    0.100000E+002    0.282264E+004
     n             6               NA    0.282264E+004
     n             6               NA    0.282264E+004
     y             6    0.120000E+005    0.282264E+004
     y            30    0.650000E+004    0.264654E+004
     n             6               NA    0.282264E+004
     y             6    0.100000E+001    0.282264E+004
     y            30    0.300000E+003    0.264654E+004
     y             2    0.200000E+004    0.980353E+003
     y             6    0.816100E+004    0.282264E+004
     y             6    0.300000E+003    0.282264E+004
     y            29    0.240000E+004    0.858593E+005
     y            30    0.500000E+001    0.264654E+004
     n           253               NA    0.503211E+004
     y            62    0.150000E+005    0.803633E+004
     y             2    0.200000E+003    0.980353E+003
     y             6    0.120000E+002    0.282264E+004
     n             2               NA    0.980353E+003
     y             6    0.120000E+004    0.282264E+004
     y             6    0.480000E+005    0.282264E+004
     y             6    0.432000E+005    0.282264E+004
     y             6    0.100000E+002    0.282264E+004
     n            30               NA    0.264654E+004
     n             6               NA    0.282264E+004
     n             6               NA    0.282264E+004
     y             6    0.500000E+001    0.282264E+004
     y            30    0.250000E+003    0.264654E+004
     n             6               NA    0.282264E+004
     n             6               NA    0.282264E+004
     n             6               NA    0.282264E+004
     n             6               NA    0.282264E+004
     y             6    0.200000E+003    0.282264E+004
     y             2    0.300000E+003    0.980353E+003
     y             6    0.110000E+004    0.282264E+004
     n             6               NA    0.282264E+004
     n             2               NA    0.980353E+003
     y           252    0.450000E+005    0.414540E+005
     y             6    0.200000E+002    0.282264E+004
     y             6    0.100000E+001    0.282264E+004
     y             6    0.100000E+001    0.282264E+004
     n             6               NA    0.282264E+004
     y             6    0.100000E+002    0.282264E+004
     n             6               NA    0.282264E+004
     y             2    0.230000E+003    0.980353E+003
     y             6    0.200000E+003    0.282264E+004
     n             6               NA    0.282264E+004
     n             6               NA    0.282264E+004
     n             2               NA    0.980353E+003
     y            30    0.100000E+003    0.264654E+004
     n            62               NA    0.803633E+004
     n             6               NA    0.282264E+004
     y             6    0.300000E+003    0.282264E+004
     y             6    0.642100E+004    0.282264E+004
     n             6               NA    0.282264E+004
     n             6               NA    0.282264E+004
     y            30    0.230000E+004    0.264654E+004
     y             6    0.200000E+003    0.282264E+004
     y           253    0.120000E+005    0.503211E+004
     n             2               NA    0.980353E+003
     n             6               NA    0.282264E+004
     n             2               NA    0.980353E+003
     y             6    0.450000E+002    0.282264E+004
     y             2    0.100000E+003    0.980353E+003
     y             6    0.300000E+001    0.282264E+004
     y           127    0.107121E+006    0.124324E+006
     n             6               NA    0.282264E+004
     y            62    0.300000E+003    0.803633E+004
     y             6    0.200000E+003    0.282264E+004
     y             6    0.100000E+001    0.282264E+004
     n             6               NA    0.282264E+004
     n           253               NA    0.503211E+004
     y             6    0.100000E+003    0.282264E+004
     n             6               NA    0.282264E+004
     y             6    0.100000E+005    0.282264E+004
     y             6    0.150000E+005    0.282264E+004
     n             6               NA    0.282264E+004
     n            30               NA    0.264654E+004
     y             6    0.107121E+006    0.282264E+004
     y            62    0.100000E+005    0.803633E+004
     y             6    0.500000E+004    0.282264E+004
     y             6    0.200000E+002    0.282264E+004
     n             6               NA    0.282264E+004
     y            28    0.150000E+002    0.276413E+005
     n            30               NA    0.264654E+004
     n             6               NA    0.282264E+004
     y            62    0.220000E+002    0.803633E+004
     n             2               NA    0.980353E+003
     y             2    0.340000E+003    0.980353E+003
     y            62    0.350000E+004    0.803633E+004
     y             6    0.400000E+003    0.282264E+004
     y             2    0.500000E+004    0.980353E+003
     y             6    0.120000E+002    0.282264E+004
     y             6    0.120000E+004    0.282264E+004
     n             2               NA    0.980353E+003
     n             6               NA    0.282264E+004
     y             6    0.800000E+004    0.282264E+004
     y             6    0.600000E+003    0.282264E+004
     y            62    0.180000E+003    0.803633E+004
     n             6               NA    0.282264E+004
     n             6               NA    0.282264E+004
     y             6    0.200000E+004    0.282264E+004
     y            30    0.500000E+002    0.264654E+004
     y             2    0.500000E+001    0.980353E+003
     n             6               NA    0.282264E+004
     n             6               NA    0.282264E+004
     n             6               NA    0.282264E+004
     y             6    0.140000E+005    0.282264E+004
     y            28    0.125000E+004    0.276413E+005
     n             6               NA    0.282264E+004
     y             2    0.672000E+003    0.980353E+003
     y             6    0.500000E+001    0.282264E+004
     y             2    0.150000E+002    0.980353E+003
     n             6               NA    0.282264E+004
     y             6    0.300000E+004    0.282264E+004
     y             2    0.500000E+001    0.980353E+003
     n             2               NA    0.980353E+003
     y             6    0.150000E+002    0.282264E+004
     y           252    0.200000E+005    0.414540E+005
     y            62    0.200000E+005    0.803633E+004
     y             6    0.200000E+001    0.282264E+004
     n             6               NA    0.282264E+004
     n             6               NA    0.282264E+004
     y             6    0.300000E+003    0.282264E+004
     y             6    0.400000E+002    0.282264E+004
     y             6    0.100000E+001    0.282264E+004
     y             6    0.190000E+004    0.282264E+004
     y             6    0.302000E+003    0.282264E+004
     n             6               NA    0.282264E+004
     y             6    0.175000E+005    0.282264E+004
     y            62    0.226100E+004    0.803633E+004
     n             2               NA    0.980353E+003
     y             6    0.200000E+002    0.282264E+004
     y             6    0.202000E+003    0.282264E+004
     y             2    0.250000E+002    0.980353E+003
     y            30    0.200000E+002    0.264654E+004
     y             6    0.125000E+003    0.282264E+004
     y             2    0.850000E+002    0.980353E+003
     y             2    0.500000E+001    0.980353E+003
     n            62               NA    0.803633E+004
     y             2    0.392800E+004    0.980353E+003
     y             6    0.100000E+001    0.282264E+004
     y             6    0.100000E+003    0.282264E+004
     y             6    0.200000E+001    0.282264E+004
     y             6    0.100000E+001    0.282264E+004
     y             6    0.399200E+004    0.282264E+004
     y             2    0.600000E+002    0.980353E+003
     n             6               NA    0.282264E+004
     y            62    0.400000E+003    0.803633E+004
     y             2    0.300000E+003    0.980353E+003
     y            30    0.600000E+002    0.264654E+004
     y             6    0.196900E+004    0.282264E+004
     n             6               NA    0.282264E+004
     y             6    0.196400E+004    0.282264E+004
     n            30               NA    0.264654E+004
     y             6    0.150000E+002    0.282264E+004
     y             6    0.965000E+003    0.282264E+004
     y             2    0.500000E+001    0.980353E+003
     y             6    0.210000E+005    0.282264E+004
     n             6               NA    0.282264E+004
     y             6    0.489000E+003    0.282264E+004
     y           253    0.300000E+002    0.503211E+004
     y             6    0.100000E+001    0.282264E+004
     y             6    0.200000E+002    0.282264E+004
     y            30    0.400000E+001    0.264654E+004
     n             6               NA    0.282264E+004
     n             2               NA    0.980353E+003
     n             6               NA    0.282264E+004
     y             2    0.400000E+001    0.980353E+003
     n           253               NA    0.503211E+004
     y             2    0.700000E+003    0.980353E+003
     y            30    0.180000E+004    0.264654E+004
     y             6    0.380000E+003    0.282264E+004
     n             6               NA    0.282264E+004
     y             2    0.100000E+002    0.980353E+003
     n             6               NA    0.282264E+004
     y             2    0.500000E+002    0.980353E+003
     n             6               NA    0.282264E+004
     y             6    0.200000E+003    0.282264E+004
     n           253               NA    0.503211E+004
     n             6               NA    0.282264E+004
     y             6    0.600000E+001    0.282264E+004
     n             2               NA    0.980353E+003
     y             2    0.400000E+003    0.980353E+003
     y             6    0.560000E+004    0.282264E+004
     y             6    0.200000E+001    0.282264E+004
     n             2               NA    0.980353E+003
     y             6    0.100000E+003    0.282264E+004
     y             6    0.250000E+003    0.282264E+004
     y             6    0.900000E+003    0.282264E+004
     y             6    0.965000E+003    0.282264E+004
     y             2    0.200000E+002    0.980353E+003
     n            30               NA    0.264654E+004
     n             6               NA    0.282264E+004
     y             2    0.280000E+004    0.980353E+003
     y            30    0.290000E+003    0.264654E+004
     y             2    0.600000E+002    0.980353E+003
     y            30    0.350000E+004    0.264654E+004
     y             6    0.300000E+003    0.282264E+004
     y             6    0.100000E+001    0.282264E+004
     n             6               NA    0.282264E+004
     y             2    0.193000E+004    0.980353E+003
     n            30               NA    0.264654E+004
     n             6               NA    0.282264E+004
     n             6               NA    0.282264E+004
     n             2               NA    0.980353E+003
     n             2               NA    0.980353E+003
     y             6    0.500000E+001    0.282264E+004
     y             6    0.179400E+004    0.282264E+004
     y             6    0.200000E+002    0.282264E+004
     y             6    0.700000E+001    0.282264E+004
     y             6    0.100000E+001    0.282264E+004
     y            62    0.500000E+003    0.803633E+004
     y             2    0.160000E+002    0.980353E+003
     y             6    0.100000E+001    0.282264E+004
     n           127               NA    0.124324E+006
     y             2    0.360000E+004    0.980353E+003
     n             6               NA    0.282264E+004
     n             6               NA    0.282264E+004
     y             6    0.500000E+001    0.282264E+004
     n             6               NA    0.282264E+004
     n             6               NA    0.282264E+004
     n             2               NA    0.980353E+003
     y             6    0.100000E+001    0.282264E+004
     y             2    0.370000E+004    0.980353E+003
     n             2               NA    0.980353E+003
     n             6               NA    0.282264E+004
     n             6               NA    0.282264E+004
     y             2    0.200000E+001    0.980353E+003
     y             2    0.500000E+001    0.980353E+003
     n             6               NA    0.282264E+004
     y             2    0.110000E+003    0.980353E+003
     y             2    0.500000E+003    0.980353E+003
     y             6    0.150000E+004    0.282264E+004
     y             2    0.100000E+001    0.980353E+003
     n             6               NA    0.282264E+004
     y             6    0.175000E+005    0.282264E+004
     y             2    0.100000E+003    0.980353E+003
     n            28               NA    0.276413E+005
     n             2               NA    0.980353E+003
     y             6    0.100000E+002    0.282264E+004
     n             2               NA    0.980353E+003
     n             6               NA    0.282264E+004
     y             6    0.400000E+003    0.282264E+004
     y            30    0.250000E+002    0.264654E+004
     y           252    0.260830E+005    0.414540E+005
     y             6    0.500000E+002    0.282264E+004
     y             6    0.250000E+002    0.282264E+004
     y             6    0.260000E+004    0.282264E+004
     n            30               NA    0.264654E+004
     y             6    0.500000E+003    0.282264E+004
     y             6    0.220000E+002    0.282264E+004
     n            62               NA    0.803633E+004
     n             6               NA    0.282264E+004
     n             6               NA    0.282264E+004
     y             6    0.500000E+001    0.282264E+004
     y             6    0.400000E+003    0.282264E+004
     n            30               NA    0.264654E+004
     y            30    0.200000E+002    0.264654E+004
     y             6    0.250000E+003    0.282264E+004
     n             6               NA    0.282264E+004
     y             2    0.230000E+005    0.980353E+003
     n            62               NA    0.803633E+004
     y            30    0.500000E+001    0.264654E+004
     y             2    0.100000E+002    0.980353E+003
     y             6    0.100000E+004    0.282264E+004
     y             2    0.400000E+003    0.980353E+003
     y            30    0.150000E+005    0.264654E+004
     n             6               NA    0.282264E+004
     n             6               NA    0.282264E+004
     n             6               NA    0.282264E+004
     n             6               NA    0.282264E+004
     n             6               NA    0.282264E+004
     y             2    0.500000E+003    0.980353E+003
     y             6    0.120000E+004    0.282264E+004
     y             2    0.300000E+002    0.980353E+003
     y            30    0.790000E+003    0.264654E+004
     y             6    0.500000E+001    0.282264E+004
     y             6    0.982000E+003    0.282264E+004
     y             2    0.500000E+001    0.980353E+003
     y             6    0.100000E+001    0.282264E+004
     y             2    0.200000E+004    0.980353E+003
     y             6    0.500000E+001    0.282264E+004
     n             2               NA    0.980353E+003
     n            62               NA    0.803633E+004
     y             6    0.290000E+002    0.282264E+004
     n             6               NA    0.282264E+004
     y             6    0.200000E+002    0.282264E+004
     y           252    0.800000E+004    0.414540E+005
     n             6               NA    0.282264E+004
     y             6    0.399100E+004    0.282264E+004
     y             2    0.110000E+004    0.980353E+003
     n             6               NA    0.282264E+004
     n            62               NA    0.803633E+004
     n            62               NA    0.803633E+004
     n             6               NA    0.282264E+004
     y             6    0.480000E+002    0.282264E+004
     n             6               NA    0.282264E+004
     y             2    0.500000E+001    0.980353E+003
     y             6    0.300000E+001    0.282264E+004
     y            30    0.100000E+003    0.264654E+004
     n             6               NA    0.282264E+004
     n             6               NA    0.282264E+004
     y             2    0.200000E+003    0.980353E+003
     n           253               NA    0.503211E+004
     n             6               NA    0.282264E+004
     n           253               NA    0.503211E+004
     n             2               NA    0.980353E+003
     y             2    0.500000E+001    0.980353E+003
     y            29    0.107121E+006    0.858593E+005
     n            62               NA    0.803633E+004
     y             2    0.150000E+002    0.980353E+003
     n            62               NA    0.803633E+004
     y             6    0.100000E+002    0.282264E+004
     y             6    0.200000E+004    0.282264E+004
     n           253               NA    0.503211E+004
     y             6    0.560000E+002    0.282264E+004
     y             6    0.107121E+006    0.282264E+004
     y             2    0.100000E+001    0.980353E+003
     y             6    0.250000E+003    0.282264E+004
     n             2               NA    0.980353E+003
     n             6               NA    0.282264E+004
     y             6    0.200000E+001    0.282264E+004
     y             6    0.368800E+004    0.282264E+004
     y             6    0.100000E+002    0.282264E+004
     n            30               NA    0.264654E+004
     n            30               NA    0.264654E+004
     y            30    0.700000E+001    0.264654E+004
     n             6               NA    0.282264E+004
     n             6               NA    0.282264E+004
     y             6    0.200000E+004    0.282264E+004
     y             6    0.400000E+002    0.282264E+004
     y             6    0.122000E+003    0.282264E+004
     y            62    0.107121E+006    0.803633E+004
     y             6    0.100000E+002    0.282264E+004
     n             6               NA    0.282264E+004
     y             6    0.360000E+002    0.282264E+004
     n             6               NA    0.282264E+004
     n             6               NA    0.282264E+004
     y             6    0.713900E+004    0.282264E+004
     y             2    0.100000E+002    0.980353E+003
     n            62               NA    0.803633E+004
     y             2    0.500000E+001    0.980353E+003
     n             6               NA    0.282264E+004
     y             6    0.300000E+002    0.282264E+004
     n           253               NA    0.503211E+004
     y             6    0.100000E+001    0.282264E+004
     y             2    0.100000E+001    0.980353E+003
     n            30               NA    0.264654E+004
     y             6    0.600000E+002    0.282264E+004
     y             6    0.180000E+004    0.282264E+004
     y             6    0.107121E+006    0.282264E+004
     y             6    0.100000E+002    0.282264E+004
     y             6    0.680000E+003    0.282264E+004
     n            30               NA    0.264654E+004
     y             6    0.180000E+005    0.282264E+004
     y             6    0.600000E+002    0.282264E+004
     y             2    0.200000E+002    0.980353E+003
     n             6               NA    0.282264E+004
     y           253    0.900000E+004    0.503211E+004
     y            28    0.550000E+002    0.276413E+005
     y             6    0.400000E+003    0.282264E+004
     y            30    0.900000E+002    0.264654E+004
     y             6    0.100000E+004    0.282264E+004
     y            62    0.500000E+004    0.803633E+004
     n            62               NA    0.803633E+004
     y             2    0.300000E+004    0.980353E+003
     y             6    0.130000E+002    0.282264E+004
     n             2               NA    0.980353E+003
     n            62               NA    0.803633E+004
     y             6    0.160000E+002    0.282264E+004
     n             6               NA    0.282264E+004
     y             6    0.800000E+001    0.282264E+004
     n             6               NA    0.282264E+004
     y             2    0.150000E+003    0.980353E+003
     y             2    0.500000E+001    0.980353E+003
     n             6               NA    0.282264E+004
     n             6               NA    0.282264E+004
     y           253    0.420000E+002    0.503211E+004
     y             6    0.400000E+003    0.282264E+004
     y             2    0.200000E+002    0.980353E+003
     n             6               NA    0.282264E+004
     n            30               NA    0.264654E+004
     y             2    0.200000E+001    0.980353E+003
     y             6    0.100000E+001    0.282264E+004
     n             6               NA    0.282264E+004
     y             2    0.200000E+004    0.980353E+003
     n             6               NA    0.282264E+004
     y             6    0.240000E+002    0.282264E+004
     n             6               NA    0.282264E+004
     y           253    0.500000E+004    0.503211E+004
     y             6    0.300000E+003    0.282264E+004
     n             6               NA    0.282264E+004
     y             2    0.200000E+001    0.980353E+003
     y             6    0.800000E+002    0.282264E+004
     y             6    0.180000E+004    0.282264E+004
     n            30               NA    0.264654E+004
     y            29    0.640000E+002    0.858593E+005
     y            30    0.100000E+001    0.264654E+004
     n             2               NA    0.980353E+003
     y             2    0.100000E+003    0.980353E+003
     y             6    0.120000E+002    0.282264E+004
     n             6               NA    0.282264E+004
     n             6               NA    0.282264E+004
     y           253    0.350000E+002    0.503211E+004
     n             6               NA    0.282264E+004
     n             6               NA    0.282264E+004
     y             6    0.150000E+002    0.282264E+004
     y           252    0.100000E+002    0.414540E+005
     n             6               NA    0.282264E+004
     y            62    0.200000E+005    0.803633E+004
     n             6               NA    0.282264E+004
     y             6    0.105000E+005    0.282264E+004
     n             6               NA    0.282264E+004
     n             6               NA    0.282264E+004
     y             6    0.100000E+004    0.282264E+004
     n             2               NA    0.980353E+003
     n            62               NA    0.803633E+004
     n             6               NA    0.282264E+004
     n            30               NA    0.264654E+004
     y             2    0.135000E+003    0.980353E+003
     y             2    0.300000E+002    0.980353E+003
     n             6               NA    0.282264E+004
     y             6    0.120000E+002    0.282264E+004
     y            30    0.650000E+004    0.264654E+004
     y             6    0.451000E+003    0.282264E+004
     y             6    0.420000E+004    0.282264E+004
     y             6    0.812000E+003    0.282264E+004
     y             2    0.100000E+001    0.980353E+003
     y             6    0.780000E+004    0.282264E+004
     y             6    0.200000E+002    0.282264E+004
     n             6               NA    0.282264E+004
     y             2    0.200000E+003    0.980353E+003
     n             2               NA    0.980353E+003
     n             2               NA    0.980353E+003
     y             6    0.200000E+004    0.282264E+004
     y            30    0.150000E+003    0.264654E+004
     y             6    0.400000E+003    0.282264E+004
     y            30    0.500000E+002    0.264654E+004
     y             6    0.600000E+003    0.282264E+004
     y             2    0.300000E+001    0.980353E+003
     y             6    0.100000E+004    0.282264E+004
     n             6               NA    0.282264E+004
     n             6               NA    0.282264E+004
     y             6    0.360000E+004    0.282264E+004
     n             6               NA    0.282264E+004
     n            62               NA    0.803633E+004
     n             6               NA    0.282264E+004
     n             6               NA    0.282264E+004
     n             2               NA    0.980353E+003
     y             6    0.200000E+003    0.282264E+004
     y             6    0.300000E+003    0.282264E+004
     n            62               NA    0.803633E+004
     y             6    0.360000E+002    0.282264E+004
     n             6               NA    0.282264E+004
     y            30    0.130000E+005    0.264654E+004
     n             6               NA    0.282264E+004
     y            62    0.200000E+001    0.803633E+004
     n             6               NA    0.282264E+004
     y             6    0.200000E+003    0.282264E+004
     n             6               NA    0.282264E+004
     n           253               NA    0.503211E+004
     n             2               NA    0.980353E+003
     n             6               NA    0.282264E+004
     n             6               NA    0.282264E+004
     n             6               NA    0.282264E+004
     y             2    0.800000E+004    0.980353E+003
     y            62    0.200000E+004    0.803633E+004
     y             6    0.122400E+004    0.282264E+004
     y           253    0.500000E+001    0.503211E+004
     n             6               NA    0.282264E+004
     y             6    0.100000E+003    0.282264E+004
     y             2    0.800000E+002    0.980353E+003
     n             6               NA    0.282264E+004
     y             2    0.420000E+004    0.980353E+003
     n            30               NA    0.264654E+004
     n            30               NA    0.264654E+004
     y             6    0.100000E+003    0.282264E+004
     n             2               NA    0.980353E+003
     y           253    0.450000E+003    0.503211E+004
     y             2    0.300000E+001    0.980353E+003
     n             2               NA    0.980353E+003
     y            30    0.130000E+002    0.264654E+004
     y             6    0.312000E+005    0.282264E+004
     y             6    0.700000E+004    0.282264E+004
     n            62               NA    0.803633E+004
     y             6    0.100000E+001    0.282264E+004
     n            62               NA    0.803633E+004
     y             2    0.120000E+002    0.980353E+003
     n             6               NA    0.282264E+004
     y             6    0.300000E+002    0.282264E+004
     n             6               NA    0.282264E+004
     y             2    0.400000E+001    0.980353E+003
     y             6    0.170000E+002    0.282264E+004
     y           252    0.141304E+006    0.414540E+005
     y             2    0.240000E+002    0.980353E+003
     n             6               NA    0.282264E+004
     y            62    0.200000E+002    0.803633E+004
     y             2    0.300000E+004    0.980353E+003
     y             2    0.240000E+004    0.980353E+003
     y             6    0.500000E+002    0.282264E+004
     y             6    0.130000E+003    0.282264E+004
     y             6    0.250000E+003    0.282264E+004
     n             6               NA    0.282264E+004
     y             6    0.200000E+002    0.282264E+004
     y             6    0.300000E+001    0.282264E+004
     y             2    0.120000E+002    0.980353E+003
     y            29    0.141304E+006    0.858593E+005
     y             6    0.500000E+001    0.282264E+004
     y             6    0.250000E+003    0.282264E+004
     n             6               NA    0.282264E+004
     y            30    0.120000E+004    0.264654E+004
     n             6               NA    0.282264E+004
     y            30    0.222000E+003    0.264654E+004
     n             2               NA    0.980353E+003
     y             6    0.500000E+004    0.282264E+004
     y             6    0.960000E+002    0.282264E+004
     n             6               NA    0.282264E+004
     n             2               NA    0.980353E+003
     y            28    0.500000E+001    0.276413E+005
     y             6    0.200000E+001    0.282264E+004
     y             6    0.150000E+003    0.282264E+004
     y             6    0.210000E+005    0.282264E+004
     n             2               NA    0.980353E+003
     y             6    0.100000E+002    0.282264E+004
     y             6    0.900000E+003    0.282264E+004
     y             6    0.150000E+005    0.282264E+004
     y             6    0.100000E+003    0.282264E+004
     y             6    0.160000E+003    0.282264E+004
     n             2               NA    0.980353E+003
     y            30    0.300000E+004    0.264654E+004
     y             6    0.300000E+002    0.282264E+004
     n            62               NA    0.803633E+004
     y             6    0.444000E+003    0.282264E+004
     y             2    0.100000E+003    0.980353E+003
     y            62    0.500000E+004    0.803633E+004
     y             6    0.120000E+004    0.282264E+004
     n             2               NA    0.980353E+003
     y             6    0.100000E+001    0.282264E+004
     y            30    0.150000E+002    0.264654E+004
     n             6               NA    0.282264E+004
     y             6    0.813000E+003    0.282264E+004
     y             2    0.300000E+001    0.980353E+003
     n             6               NA    0.282264E+004
     y             2    0.500000E+003    0.980353E+003
     y             6    0.110000E+004    0.282264E+004
     n             6               NA    0.282264E+004
     y             6    0.100000E+002    0.282264E+004
     y            62    0.500000E+004    0.803633E+004
     n             6               NA    0.282264E+004
     n             6               NA    0.282264E+004
     n             6               NA    0.282264E+004
     n             6               NA    0.282264E+004
     n             6               NA    0.282264E+004
     y            30    0.100000E+002    0.264654E+004
     y             6    0.200000E+001    0.282264E+004
     y             6    0.300000E+002    0.282264E+004
     n             6               NA    0.282264E+004
     y             6    0.100000E+001    0.282264E+004
     n           253               NA    0.503211E+004
     n           252               NA    0.414540E+005
     n             6               NA    0.282264E+004
     y             6    0.200000E+001    0.282264E+004
     n             6               NA    0.282264E+004
     n             6               NA    0.282264E+004
     y             2    0.340000E+002    0.980353E+003
     n             6               NA    0.282264E+004
     n           253               NA    0.503211E+004
     y             6    0.100000E+003    0.282264E+004
     n            62               NA    0.803633E+004
     y             6    0.120000E+004    0.282264E+004
     y             6    0.120000E+004    0.282264E+004
     y             6    0.500000E+002    0.282264E+004
     y             6    0.240000E+004    0.282264E+004
     n             6               NA    0.282264E+004
     y            62    0.500000E+002    0.803633E+004
     n             6               NA    0.282264E+004
     y             2    0.950000E+003    0.980353E+003
     y             2    0.150000E+003    0.980353E+003
     n             6               NA    0.282264E+004
     n             2               NA    0.980353E+003
     y            62    0.500000E+002    0.803633E+004
     y             2    0.100000E+002    0.980353E+003
     y            62    0.100000E+002    0.803633E+004
     y             6    0.680000E+002    0.282264E+004
     y             2    0.100000E+002    0.980353E+003
     y            30    0.120000E+004    0.264654E+004
     y           252    0.383250E+005    0.414540E+005
     n             6               NA    0.282264E+004
     n             2               NA    0.980353E+003
     y             6    0.173000E+003    0.282264E+004
     y             6    0.250000E+004    0.282264E+004
     y             6    0.300000E+002    0.282264E+004
     n             6               NA    0.282264E+004
     y             6    0.100000E+001    0.282264E+004
     n             6               NA    0.282264E+004
     n             2               NA    0.980353E+003
     y             6    0.310000E+003    0.282264E+004
     y             6    0.250000E+002    0.282264E+004
     y             6    0.150000E+002    0.282264E+004
     y             2    0.100000E+004    0.980353E+003
     n            62               NA    0.803633E+004
     y             6    0.550000E+004    0.282264E+004
     y             6    0.150000E+004    0.282264E+004
     n             6               NA    0.282264E+004
     y             6    0.900000E+002    0.282264E+004
     n             6               NA    0.282264E+004
     n             6               NA    0.282264E+004
     n             6               NA    0.282264E+004
     n             6               NA    0.282264E+004
     y             6    0.200000E+003    0.282264E+004
     y             6    0.460000E+002    0.282264E+004
     y           253    0.342000E+003    0.503211E+004
     y            62    0.500000E+001    0.803633E+004
     y             6    0.100000E+001    0.282264E+004
     y             2    0.100000E+002    0.980353E+003
     y             6    0.570000E+004    0.282264E+004
     n             6               NA    0.282264E+004
     n            62               NA    0.803633E+004
     y             6    0.678000E+004    0.282264E+004
     y            62    0.200000E+004    0.803633E+004
     y             6    0.881200E+004    0.282264E+004
     n             6               NA    0.282264E+004
     n             6               NA    0.282264E+004
     y             6    0.140000E+005    0.282264E+004
     y             6    0.130000E+005    0.282264E+004
     n            62               NA    0.803633E+004
     n             6               NA    0.282264E+004
     y             6    0.240000E+002    0.282264E+004
     y             6    0.700000E+002    0.282264E+004
     y            62    0.120000E+004    0.803633E+004
     n             6               NA    0.282264E+004
     n             6               NA    0.282264E+004
     y             6    0.279700E+004    0.282264E+004
     n             2               NA    0.980353E+003
     y             2    0.500000E+002    0.980353E+003
     n             6               NA    0.282264E+004
     y             6    0.270000E+002    0.282264E+004
     y            30    0.535000E+003    0.264654E+004
     n             2               NA    0.980353E+003
     y             6    0.350000E+004    0.282264E+004
     n             6               NA    0.282264E+004
     n             6               NA    0.282264E+004
     y             6    0.200000E+002    0.282264E+004
     n             6               NA    0.282264E+004
     n             6               NA    0.282264E+004
     y            30    0.120000E+003    0.264654E+004
     y             6    0.800000E+002    0.282264E+004
     y             6    0.100000E+001    0.282264E+004
     y           252    0.280000E+005    0.414540E+005
     n             6               NA    0.282264E+004
     y             6    0.900000E+003    0.282264E+004
     y             2    0.100000E+001    0.980353E+003
     y             6    0.600000E+002    0.282264E+004
     y             2    0.800000E+002    0.980353E+003
     n             6               NA    0.282264E+004
     y            30    0.420000E+004    0.264654E+004
     y             6    0.900000E+002    0.282264E+004
     y             6    0.100000E+001    0.282264E+004
     y             2    0.300000E+003    0.980353E+003
     y             2    0.800000E+002    0.980353E+003
     y             6    0.600000E+003    0.282264E+004
     n             2               NA    0.980353E+003
     y             6    0.300000E+004    0.282264E+004
     n            62               NA    0.803633E+004
     y             2    0.600000E+001    0.980353E+003
     y             6    0.500000E+003    0.282264E+004
     y             6    0.100000E+001    0.282264E+004
     y           253    0.300000E+003    0.503211E+004
     y             2    0.625000E+003    0.980353E+003
     n             6               NA    0.282264E+004
     n             6               NA    0.282264E+004
     y             6    0.500000E+002    0.282264E+004
     n             2               NA    0.980353E+003
     y             2    0.150000E+004    0.980353E+003
     n             6               NA    0.282264E+004
     y            30    0.500000E+002    0.264654E+004
     n           253               NA    0.503211E+004
     y            28    0.350000E+005    0.276413E+005
     n             6               NA    0.282264E+004
     y             6    0.200000E+003    0.282264E+004
     y           253    0.155000E+005    0.503211E+004
     y            28    0.482000E+004    0.276413E+005
     n             2               NA    0.980353E+003
     n             6               NA    0.282264E+004
     y             2    0.259000E+003    0.980353E+003
     y             6    0.350000E+004    0.282264E+004
     n             6               NA    0.282264E+004
     y            30    0.200000E+002    0.264654E+004
     y             6    0.248800E+004    0.282264E+004
     y             6    0.220000E+004    0.282264E+004
     y             6    0.100000E+002    0.282264E+004
     y             2    0.100000E+001    0.980353E+003
     y             2    0.500000E+002    0.980353E+003
     y             2    0.510000E+003    0.980353E+003
     n             6               NA    0.282264E+004
     y             6    0.260000E+005    0.282264E+004
     y            62    0.500000E+002    0.803633E+004
     n             2               NA    0.980353E+003
     n             2               NA    0.980353E+003
     y             6    0.700000E+003    0.282264E+004
     n             6               NA    0.282264E+004
     y             2    0.500000E+002    0.980353E+003
     y             6    0.200000E+003    0.282264E+004
     n             6               NA    0.282264E+004
     y             2    0.300000E+003    0.980353E+003
     n             6               NA    0.282264E+004
     y             2    0.100000E+001    0.980353E+003
     n             2               NA    0.980353E+003
     y             2    0.200000E+003    0.980353E+003
     y            62    0.100000E+004    0.803633E+004
     n             6               NA    0.282264E+004
     y             6    0.160000E+002    0.282264E+004
     y             6    0.500000E+004    0.282264E+004
     y             6    0.500000E+003    0.282264E+004
     y             2    0.300000E+001    0.980353E+003
     y             6    0.200000E+003    0.282264E+004
     y             6    0.120000E+002    0.282264E+004
     y             6    0.300000E+003    0.282264E+004
     y            62    0.394600E+004    0.803633E+004
     n            62               NA    0.803633E+004
     n             2               NA    0.980353E+003
     n             6               NA    0.282264E+004
     y             6    0.500000E+001    0.282264E+004
     y             6    0.300000E+001    0.282264E+004
     y            28    0.200000E+004    0.276413E+005
     y            30    0.140000E+003    0.264654E+004
     n             6               NA    0.282264E+004
     y             6    0.100000E+003    0.282264E+004
     y             2    0.300000E+003    0.980353E+003
     n             6               NA    0.282264E+004
     n             6               NA    0.282264E+004
     y             6    0.150000E+002    0.282264E+004
     y           253    0.100000E+003    0.503211E+004
     y             6    0.350000E+004    0.282264E+004
     y             6    0.105700E+004    0.282264E+004
     n             6               NA    0.282264E+004
     n             2               NA    0.980353E+003
     y            30    0.500000E+001    0.264654E+004
     n             6               NA    0.282264E+004
     y             6    0.200000E+003    0.282264E+004
     y            30    0.160000E+004    0.264654E+004
     y             6    0.120000E+005    0.282264E+004
     n            30               NA    0.264654E+004
     n             2               NA    0.980353E+003
     n             2               NA    0.980353E+003
     y             6    0.144000E+005    0.282264E+004
     y             6    0.640000E+003    0.282264E+004
     y             6    0.200000E+004    0.282264E+004
     y             6    0.100000E+002    0.282264E+004
     y             2    0.198400E+004    0.980353E+003
     y            30    0.250000E+004    0.264654E+004
     y             2    0.200000E+002    0.980353E+003
     y             6    0.500000E+001    0.282264E+004
     y             6    0.180000E+004    0.282264E+004
     n             6               NA    0.282264E+004
     y             6    0.100000E+002    0.282264E+004
     n             6               NA    0.282264E+004
     y            30    0.650000E+004    0.264654E+004
     n             6               NA    0.282264E+004
     y             6    0.100000E+001    0.282264E+004
     y            30    0.300000E+003    0.264654E+004
     y             2    0.200000E+004    0.980353E+003
     y            30    0.500000E+001    0.264654E+004
     n           253               NA    0.503211E+004
     y             2    0.200000E+003    0.980353E+003
     y             6    0.120000E+002    0.282264E+004
     y             6    0.120000E+004    0.282264E+004
     y             6    0.480000E+005    0.282264E+004
     y             6    0.432000E+005    0.282264E+004
     y             6    0.100000E+002    0.282264E+004
     n            30               NA    0.264654E+004
     n             6               NA    0.282264E+004
     n             6               NA    0.282264E+004
     y             6    0.500000E+001    0.282264E+004
     y            30    0.250000E+003    0.264654E+004
     n             6               NA    0.282264E+004
     n             6               NA    0.282264E+004
     n             6               NA    0.282264E+004
     y             6    0.200000E+003    0.282264E+004
     y             2    0.300000E+003    0.980353E+003
     y             6    0.110000E+004    0.282264E+004
     n             2               NA    0.980353E+003
     y           252    0.450000E+005    0.414540E+005
     n             2               NA    0.980353E+003
     y             6    0.200000E+002    0.282264E+004
     n             6               NA    0.282264E+004
     y             6    0.100000E+001    0.282264E+004
     y             6    0.100000E+001    0.282264E+004
     n             6               NA    0.282264E+004
     y             6    0.100000E+002    0.282264E+004
     y             6    0.200000E+003    0.282264E+004
     n             6               NA    0.282264E+004
     n             2               NA    0.980353E+003
     y            30    0.100000E+003    0.264654E+004
     n             6               NA    0.282264E+004
     y             6    0.300000E+003    0.282264E+004
     n             6               NA    0.282264E+004
     n             6               NA    0.282264E+004
     y            30    0.230000E+004    0.264654E+004
     y             6    0.200000E+003    0.282264E+004
     y             6    0.120000E+005    0.282264E+004
     n             2               NA    0.980353E+003
     n             6               NA    0.282264E+004
     y             2    0.200000E+002    0.980353E+003
     n             2               NA    0.980353E+003
     y             6    0.450000E+002    0.282264E+004
     y             2    0.100000E+003    0.980353E+003
     y             6    0.300000E+001    0.282264E+004
     y           127    0.141304E+006    0.124324E+006
     y            62    0.300000E+003    0.803633E+004
     y             6    0.200000E+003    0.282264E+004
     n             6               NA    0.282264E+004
     n           253               NA    0.503211E+004
     y             6    0.500000E+002    0.282264E+004
     y             6    0.100000E+003    0.282264E+004
     y             6    0.150000E+005    0.282264E+004
     n             6               NA    0.282264E+004
     n           252               NA    0.414540E+005
     y            29    0.141304E+006    0.858593E+005
     y            62    0.100000E+005    0.803633E+004
     y             6    0.500000E+004    0.282264E+004
     y             6    0.200000E+002    0.282264E+004
     n             6               NA    0.282264E+004
     n           253               NA    0.503211E+004
     n             6               NA    0.282264E+004
     n             6               NA    0.282264E+004
     y            62    0.220000E+002    0.803633E+004
     n             2               NA    0.980353E+003
     y            62    0.350000E+004    0.803633E+004
     y             6    0.120000E+002    0.282264E+004
     n             2               NA    0.980353E+003
     n             6               NA    0.282264E+004
     y             6    0.800000E+004    0.282264E+004
     y             2    0.700000E+001    0.980353E+003
     y            62    0.180000E+003    0.803633E+004
     n             6               NA    0.282264E+004
     y             6    0.200000E+004    0.282264E+004
     y            30    0.500000E+002    0.264654E+004
     n             6               NA    0.282264E+004
     y             6    0.140000E+005    0.282264E+004
     y            28    0.125000E+004    0.276413E+005
     n             6               NA    0.282264E+004
     y             6    0.600000E+002    0.282264E+004
     y            30    0.672000E+003    0.264654E+004
     y             2    0.150000E+002    0.980353E+003
     y             6    0.300000E+004    0.282264E+004
     n             2               NA    0.980353E+003
     y             6    0.150000E+002    0.282264E+004
     y             2    0.100000E+001    0.980353E+003
     y             6    0.200000E+001    0.282264E+004
     n             6               NA    0.282264E+004
     n             6               NA    0.282264E+004
     n             6               NA    0.282264E+004
     y             6    0.400000E+002    0.282264E+004
     y             6    0.100000E+001    0.282264E+004
     y             6    0.302000E+003    0.282264E+004
     n             6               NA    0.282264E+004
     y            62    0.226100E+004    0.803633E+004
     n             2               NA    0.980353E+003
     y             6    0.200000E+002    0.282264E+004
     y             6    0.202000E+003    0.282264E+004
     y             2    0.250000E+002    0.980353E+003
     y            30    0.200000E+002    0.264654E+004
     y             6    0.125000E+003    0.282264E+004
     y             2    0.500000E+001    0.980353E+003
     n            62               NA    0.803633E+004
     y             2    0.392800E+004    0.980353E+003
     y             6    0.100000E+001    0.282264E+004
     y             6    0.350000E+004    0.282264E+004
     y             6    0.200000E+001    0.282264E+004
     y             6    0.100000E+001    0.282264E+004
     y            30    0.100000E+002    0.264654E+004
     y             2    0.200000E+001    0.980353E+003
     y             2    0.600000E+002    0.980353E+003
     n             6               NA    0.282264E+004
     y            62    0.400000E+003    0.803633E+004
     y             2    0.300000E+003    0.980353E+003
     y            30    0.600000E+002    0.264654E+004
     n             6               NA    0.282264E+004
     n             6               NA    0.282264E+004
     y             6    0.196400E+004    0.282264E+004
     n            30               NA    0.264654E+004
     y             6    0.150000E+002    0.282264E+004
     y             6    0.240000E+004    0.282264E+004
     y             2    0.500000E+001    0.980353E+003
     y             6    0.210000E+005    0.282264E+004
     n             6               NA    0.282264E+004
     y             6    0.489000E+003    0.282264E+004
     y           253    0.300000E+002    0.503211E+004
     y             6    0.100000E+001    0.282264E+004
     n             2               NA    0.980353E+003
     y            30    0.400000E+001    0.264654E+004
     n             6               NA    0.282264E+004
     y             6    0.200000E+004    0.282264E+004
     n             6               NA    0.282264E+004
     y             2    0.400000E+001    0.980353E+003
     y             2    0.700000E+003    0.980353E+003
     y            30    0.180000E+004    0.264654E+004
     n           253               NA    0.503211E+004
     y             6    0.380000E+003    0.282264E+004
     n             6               NA    0.282264E+004
     y             2    0.100000E+002    0.980353E+003
     n             6               NA    0.282264E+004
     y             6    0.200000E+003    0.282264E+004
     n           253               NA    0.503211E+004
     y             6    0.600000E+001    0.282264E+004
     y            62    0.400000E+005    0.803633E+004
     y             6    0.100000E+003    0.282264E+004
     n             2               NA    0.980353E+003
     y             2    0.400000E+003    0.980353E+003
     y             6    0.560000E+004    0.282264E+004
     y             6    0.200000E+001    0.282264E+004
     y             6    0.250000E+003    0.282264E+004
     y             6    0.900000E+003    0.282264E+004
     y             6    0.965000E+003    0.282264E+004
     n            30               NA    0.264654E+004
     n             6               NA    0.282264E+004
     y             2    0.280000E+004    0.980353E+003
     y            30    0.290000E+003    0.264654E+004
     y            30    0.350000E+004    0.264654E+004
     n             6               NA    0.282264E+004
     y             2    0.193000E+004    0.980353E+003
     n            30               NA    0.264654E+004
     y             6    0.100000E+004    0.282264E+004
     n             6               NA    0.282264E+004
     n             6               NA    0.282264E+004
     n             2               NA    0.980353E+003
     y             6    0.500000E+001    0.282264E+004
     y             6    0.179400E+004    0.282264E+004
     y             6    0.200000E+002    0.282264E+004
     y             6    0.700000E+001    0.282264E+004
     y             6    0.100000E+001    0.282264E+004
     y             2    0.160000E+002    0.980353E+003
     y             6    0.100000E+001    0.282264E+004
     n           127               NA    0.124324E+006
     y             2    0.360000E+004    0.980353E+003
     y             6    0.500000E+001    0.282264E+004
     n             6               NA    0.282264E+004
     n             6               NA    0.282264E+004
     n             2               NA    0.980353E+003
     y             6    0.100000E+001    0.282264E+004
     y             2    0.370000E+004    0.980353E+003
     n             2               NA    0.980353E+003
     n             6               NA    0.282264E+004
     n             6               NA    0.282264E+004
     y             2    0.500000E+001    0.980353E+003
     y             6    0.150000E+004    0.282264E+004
     y             2    0.100000E+001    0.980353E+003
     n             6               NA    0.282264E+004
     y             2    0.100000E+003    0.980353E+003
     n            28               NA    0.276413E+005
     n             2               NA    0.980353E+003
     y             6    0.100000E+002    0.282264E+004
     n             2               NA    0.980353E+003
     n             6               NA    0.282264E+004
     y             6    0.400000E+003    0.282264E+004
     y            30    0.250000E+002    0.264654E+004
     y           252    0.260830E+005    0.414540E+005
     y             6    0.500000E+002    0.282264E+004
     y             6    0.100000E+001    0.282264E+004
     n             6               NA    0.282264E+004
     y             6    0.250000E+002    0.282264E+004
     y             6    0.260000E+004    0.282264E+004
     y             6    0.500000E+003    0.282264E+004
     y             6    0.250000E+002    0.282264E+004
     y             6    0.220000E+002    0.282264E+004
     n            62               NA    0.803633E+004
     y             2    0.500000E+002    0.980353E+003
     n           253               NA    0.503211E+004
     n             2               NA    0.980353E+003
     y             2    0.500000E+002    0.980353E+003
     n             6               NA    0.282264E+004
     y             6    0.500000E+001    0.282264E+004
     y             6    0.400000E+003    0.282264E+004
     y             6    0.250000E+003    0.282264E+004
     y             2    0.230000E+005    0.980353E+003
     n            62               NA    0.803633E+004
     y            30    0.500000E+001    0.264654E+004
     y             2    0.100000E+002    0.980353E+003
     y             2    0.400000E+003    0.980353E+003
     y             6    0.140000E+002    0.282264E+004
     y            30    0.150000E+005    0.264654E+004
     n             6               NA    0.282264E+004
     n             6               NA    0.282264E+004
     n             6               NA    0.282264E+004
     y             2    0.500000E+003    0.980353E+003
     y             6    0.120000E+004    0.282264E+004
     y            30    0.300000E+002    0.264654E+004
     y             6    0.982000E+003    0.282264E+004
     y             2    0.500000E+001    0.980353E+003
     y             6    0.100000E+001    0.282264E+004
     y             6    0.600000E+003    0.282264E+004
     y             2    0.200000E+004    0.980353E+003
     n             2               NA    0.980353E+003
     n            62               NA    0.803633E+004
     n             6               NA    0.282264E+004
     y             6    0.100000E+001    0.282264E+004
     y             6    0.200000E+002    0.282264E+004
     y             6    0.800000E+004    0.282264E+004
     n             6               NA    0.282264E+004
     y             6    0.399100E+004    0.282264E+004
     y             2    0.110000E+004    0.980353E+003
     y             6    0.100000E+004    0.282264E+004
     n             6               NA    0.282264E+004
     n             6               NA    0.282264E+004
     y             6    0.480000E+002    0.282264E+004
     n            28               NA    0.276413E+005
     n             6               NA    0.282264E+004
     y             2    0.500000E+001    0.980353E+003
     y             6    0.300000E+001    0.282264E+004
     y            30    0.500000E+001    0.264654E+004
     n             6               NA    0.282264E+004
     n             6               NA    0.282264E+004
     y             2    0.200000E+003    0.980353E+003
     n            30               NA    0.264654E+004
     n             6               NA    0.282264E+004
     n            30               NA    0.264654E+004
     n             2               NA    0.980353E+003
     n             2               NA    0.980353E+003
     n             6               NA    0.282264E+004
     y            29    0.141304E+006    0.858593E+005
     y             2    0.150000E+002    0.980353E+003
     n            62               NA    0.803633E+004
     y             6    0.100000E+002    0.282264E+004
     n           253               NA    0.503211E+004
     y             6    0.560000E+002    0.282264E+004
     y             6    0.300000E+004    0.282264E+004
     y             2    0.100000E+001    0.980353E+003
     y             6    0.250000E+003    0.282264E+004
     n             6               NA    0.282264E+004
     y             6    0.723000E+003    0.282264E+004
     y             6    0.368800E+004    0.282264E+004
     y             6    0.100000E+002    0.282264E+004
     n            30               NA    0.264654E+004
     y             2    0.770000E+004    0.980353E+003
     n            30               NA    0.264654E+004
     y            30    0.700000E+001    0.264654E+004
     n             6               NA    0.282264E+004
     n             6               NA    0.282264E+004
     y             6    0.200000E+004    0.282264E+004
     y             6    0.400000E+002    0.282264E+004
     y             6    0.122000E+003    0.282264E+004
     y            30    0.141304E+006    0.264654E+004
     y             6    0.100000E+002    0.282264E+004
     n             6               NA    0.282264E+004
     y             6    0.360000E+002    0.282264E+004
     n             6               NA    0.282264E+004
     y             6    0.713900E+004    0.282264E+004
     n             6               NA    0.282264E+004
     n             6               NA    0.282264E+004
     y             2    0.500000E+001    0.980353E+003
     y            28    0.170000E+002    0.276413E+005
     n             6               NA    0.282264E+004
     y             6    0.300000E+002    0.282264E+004
     y             6    0.100000E+001    0.282264E+004
     y             2    0.100000E+001    0.980353E+003
     y             6    0.180000E+004    0.282264E+004
     y             6    0.100000E+002    0.282264E+004
     y             6    0.680000E+003    0.282264E+004
     n             6               NA    0.282264E+004
     y             6    0.180000E+005    0.282264E+004
     y             6    0.600000E+002    0.282264E+004
     n             6               NA    0.282264E+004
     y             2    0.200000E+002    0.980353E+003
     n             6               NA    0.282264E+004
     y           253    0.900000E+004    0.503211E+004
     y            28    0.550000E+002    0.276413E+005
     y             6    0.400000E+003    0.282264E+004
     y            30    0.900000E+002    0.264654E+004
     y             6    0.100000E+004    0.282264E+004
     n             6               NA    0.282264E+004
     y            62    0.500000E+004    0.803633E+004
     n            62               NA    0.803633E+004
     y             2    0.300000E+004    0.980353E+003
     y             6    0.130000E+002    0.282264E+004
     n            62               NA    0.803633E+004
     y             6    0.160000E+002    0.282264E+004
     n             6               NA    0.282264E+004
     y             6    0.800000E+001    0.282264E+004
     n             6               NA    0.282264E+004
     y           253    0.420000E+002    0.503211E+004
     y             2    0.200000E+002    0.980353E+003
     n             6               NA    0.282264E+004
     n             6               NA    0.282264E+004
     n            30               NA    0.264654E+004
     y             2    0.200000E+001    0.980353E+003
     y             2    0.100000E+001    0.980353E+003
     n             6               NA    0.282264E+004
     n             6               NA    0.282264E+004
     y             6    0.240000E+002    0.282264E+004
     n             6               NA    0.282264E+004
     y           253    0.500000E+004    0.503211E+004
     y             2    0.100000E+002    0.980353E+003
     y             6    0.300000E+003    0.282264E+004
     n             6               NA    0.282264E+004
     y             2    0.200000E+001    0.980353E+003
     y             2    0.300000E+001    0.980353E+003
     y            29    0.640000E+002    0.858593E+005
     y            30    0.100000E+001    0.264654E+004
     n             2               NA    0.980353E+003
     n             6               NA    0.282264E+004
     n             6               NA    0.282264E+004
     y             2    0.200000E+003    0.980353E+003
     n             6               NA    0.282264E+004
     n             6               NA    0.282264E+004
     n            62               NA    0.803633E+004
     y             6    0.400000E+005    0.282264E+004
     y             6    0.500000E+003    0.282264E+004
     y             2    0.200000E+001    0.980353E+003
     y             6    0.270000E+005    0.282264E+004
     n             6               NA    0.282264E+004
     y             6    0.200000E+001    0.282264E+004
     y             6    0.200000E+003    0.282264E+004
     y             2    0.500000E+001    0.980353E+003
     y             6    0.300000E+001    0.282264E+004
     y            62    0.100000E+003    0.803633E+004
     n             2               NA    0.980353E+003
     y             2    0.200000E+002    0.980353E+003
     y             6    0.300000E+003    0.282264E+004
     n             6               NA    0.282264E+004
     y             2    0.400000E+003    0.980353E+003
     n             6               NA    0.282264E+004
     y             6    0.100000E+002    0.282264E+004
     y             6    0.530000E+004    0.282264E+004
     n             6               NA    0.282264E+004
     y            62    0.500000E+003    0.803633E+004
     n            62               NA    0.803633E+004
     y             6    0.100000E+001    0.282264E+004
     y            62    0.600000E+001    0.803633E+004
     y             6    0.900000E+002    0.282264E+004
     y             6    0.600000E+002    0.282264E+004
     n             6               NA    0.282264E+004
     y             2    0.150000E+003    0.980353E+003
     y             6    0.300000E+005    0.282264E+004
     n             6               NA    0.282264E+004
     n             2               NA    0.980353E+003
     n            30               NA    0.264654E+004
     n           127               NA    0.124324E+006
     y             6    0.100000E+002    0.282264E+004
     y             6    0.100000E+001    0.282264E+004
     n             6               NA    0.282264E+004
     y             6    0.100000E+001    0.282264E+004
     n             6               NA    0.282264E+004
     y             2    0.300000E+001    0.980353E+003
     y            30    0.138000E+005    0.264654E+004
     n             6               NA    0.282264E+004
     n           252               NA    0.414540E+005
     n            30               NA    0.264654E+004
     y             6    0.900000E+004    0.282264E+004
     y             2    0.700000E+001    0.980353E+003
     y             6    0.600000E+004    0.282264E+004
     n             2               NA    0.980353E+003
     y             2    0.100000E+002    0.980353E+003
     y            62    0.900000E+001    0.803633E+004
     y             6    0.350000E+004    0.282264E+004
     n             6               NA    0.282264E+004
     y            30    0.100000E+003    0.264654E+004
     n             2               NA    0.980353E+003
     y             6    0.600000E+004    0.282264E+004
     y             2    0.680000E+002    0.980353E+003
     y             6    0.200000E+002    0.282264E+004
     y             6    0.110000E+002    0.282264E+004
     y             2    0.100000E+002    0.980353E+003
     y             6    0.800000E+004    0.282264E+004
     y             6    0.289500E+004    0.282264E+004
     n             6               NA    0.282264E+004
     n             6               NA    0.282264E+004
     n             6               NA    0.282264E+004
     y             6    0.400000E+001    0.282264E+004
     y             2    0.193000E+004    0.980353E+003
     y             6    0.200000E+001    0.282264E+004
     n             6               NA    0.282264E+004
     y             6    0.220000E+005    0.282264E+004
     y             6    0.100000E+003    0.282264E+004
     n             6               NA    0.282264E+004
     n             6               NA    0.282264E+004
     y             6    0.200000E+002    0.282264E+004
     y             6    0.500000E+003    0.282264E+004
     y             6    0.400000E+001    0.282264E+004
     y             6    0.100000E+002    0.282264E+004
     y            30    0.100000E+003    0.264654E+004
     y             2    0.500000E+002    0.980353E+003
     y             6    0.480000E+002    0.282264E+004
     y            30    0.100000E+001    0.264654E+004
     y             2    0.200000E+001    0.980353E+003
     n           253               NA    0.503211E+004
     n             2               NA    0.980353E+003
     y             2    0.100000E+001    0.980353E+003
     n           253               NA    0.503211E+004
     n             6               NA    0.282264E+004
     n            62               NA    0.803633E+004
     y             6    0.300000E+002    0.282264E+004
     y             6    0.100000E+002    0.282264E+004
     n             6               NA    0.282264E+004
     y             6    0.100000E+001    0.282264E+004
     y             6    0.900000E+004    0.282264E+004
     n             2               NA    0.980353E+003
     y             6    0.500000E+001    0.282264E+004
     y           252    0.420000E+005    0.414540E+005
     y             6    0.980000E+004    0.282264E+004
     y             6    0.107000E+003    0.282264E+004
     y             6    0.180000E+004    0.282264E+004
     n            62               NA    0.803633E+004
     n             2               NA    0.980353E+003
     y            62    0.250000E+002    0.803633E+004
     y            30    0.150000E+005    0.264654E+004
     n             6               NA    0.282264E+004
     y             6    0.100000E+001    0.282264E+004
     y            30    0.100000E+002    0.264654E+004
     n             6               NA    0.282264E+004
     y             2    0.750000E+003    0.980353E+003
     n             6               NA    0.282264E+004
     n             6               NA    0.282264E+004
     y             6    0.360000E+004    0.282264E+004
     y             2    0.300000E+003    0.980353E+003
     y             6    0.200000E+002    0.282264E+004
     y             2    0.300000E+004    0.980353E+003
     y             6    0.200000E+004    0.282264E+004
     y            29    0.141304E+006    0.858593E+005
     n             6               NA    0.282264E+004
     n           252               NA    0.414540E+005
     y             6    0.100000E+003    0.282264E+004
     n             6               NA    0.282264E+004
     n             6               NA    0.282264E+004
     y             2    0.180070E+005    0.980353E+003
     n             6               NA    0.282264E+004
     y             2    0.400000E+002    0.980353E+003
     y             2    0.400000E+002    0.980353E+003
     y             2    0.200000E+002    0.980353E+003
     y             6    0.270550E+005    0.282264E+004
     y             2    0.150000E+002    0.980353E+003
     y             6    0.348000E+004    0.282264E+004
     y             2    0.100000E+002    0.980353E+003
     y             6    0.100000E+001    0.282264E+004
     y            30    0.200000E+002    0.264654E+004
     y             6    0.100000E+002    0.282264E+004
     n             6               NA    0.282264E+004
     y             2    0.200000E+001    0.980353E+003
     y             6    0.400000E+003    0.282264E+004
     y             6    0.320000E+003    0.282264E+004
     y             2    0.100000E+002    0.980353E+003
     y             6    0.180000E+005    0.282264E+004
     y             6    0.170000E+005    0.282264E+004
     n             6               NA    0.282264E+004
     y             2    0.100000E+001    0.980353E+003
     y             2    0.110000E+004    0.980353E+003
     y             6    0.150000E+002    0.282264E+004
     y             6    0.180000E+003    0.282264E+004
     y             2    0.100000E+001    0.980353E+003
     y             6    0.300000E+001    0.282264E+004
     y             2    0.480000E+004    0.980353E+003
     y             2    0.200000E+003    0.980353E+003
     n             6               NA    0.282264E+004
     n             6               NA    0.282264E+004
     y             2    0.320000E+004    0.980353E+003
     y             2    0.660000E+004    0.980353E+003
     y             2    0.600000E+003    0.980353E+003
     n           253               NA    0.503211E+004
     y             6    0.254300E+004    0.282264E+004
     y            30    0.500000E+004    0.264654E+004
     n             2               NA    0.980353E+003
     n             6               NA    0.282264E+004
     y            62    0.450000E+003    0.803633E+004
     y             6    0.120000E+003    0.282264E+004
     y            30    0.480000E+003    0.264654E+004
     n             6               NA    0.282264E+004
     y             6    0.180000E+005    0.282264E+004
     n             6               NA    0.282264E+004
     y             6    0.120000E+003    0.282264E+004
     y            28    0.280000E+005    0.276413E+005
     y             2    0.228000E+004    0.980353E+003
     y            62    0.180000E+004    0.803633E+004
     n           252               NA    0.414540E+005
     y             6    0.190000E+003    0.282264E+004
     n             6               NA    0.282264E+004
     n            30               NA    0.264654E+004
     y             6    0.155000E+003    0.282264E+004
     y             2    0.250000E+003    0.980353E+003
     y             2    0.200000E+001    0.980353E+003
     y           252    0.250000E+005    0.414540E+005
     n           253               NA    0.503211E+004
     n             6               NA    0.282264E+004
     y             2    0.100000E+002    0.980353E+003
     y            28    0.141304E+006    0.276413E+005
     y            30    0.141304E+006    0.264654E+004
     n             6               NA    0.282264E+004
     y            30    0.200000E+003    0.264654E+004
     y             6    0.200000E+003    0.282264E+004
     n             6               NA    0.282264E+004
     n            30               NA    0.264654E+004
     n             6               NA    0.282264E+004
     n             6               NA    0.282264E+004
     y             2    0.200000E+001    0.980353E+003
     y           253    0.108100E+004    0.503211E+004
     y             6    0.100000E+001    0.282264E+004
     n           253               NA    0.503211E+004
     n             2               NA    0.980353E+003
     y            28    0.195480E+005    0.276413E+005
     y            28    0.200000E+005    0.276413E+005
     y             6    0.800000E+003    0.282264E+004
     y             6    0.540000E+002    0.282264E+004
     y             6    0.200000E+004    0.282264E+004
     y             6    0.100000E+002    0.282264E+004
     y            30    0.250000E+003    0.264654E+004
     y             2    0.200000E+004    0.980353E+003
     y            30    0.100000E+002    0.264654E+004
     y            30    0.300000E+004    0.264654E+004
     n             6               NA    0.282264E+004
     y             2    0.200000E+002    0.980353E+003
     n             6               NA    0.282264E+004
     y            28    0.300000E+005    0.276413E+005
     n             6               NA    0.282264E+004
     n             6               NA    0.282264E+004
     y            62    0.500000E+004    0.803633E+004
     n             2               NA    0.980353E+003
     n             6               NA    0.282264E+004
     n             2               NA    0.980353E+003
     n            30               NA    0.264654E+004
     y             6    0.982900E+004    0.282264E+004
     y             2    0.100000E+001    0.980353E+003
     y             6    0.150000E+005    0.282264E+004
     n             6               NA    0.282264E+004
     n             2               NA    0.980353E+003
     y             2    0.400000E+002    0.980353E+003
     y             6    0.140000E+003    0.282264E+004
     y            62    0.220000E+004    0.803633E+004
     n             6               NA    0.282264E+004
     n             6               NA    0.282264E+004
     n             6               NA    0.282264E+004
     y             6    0.350000E+002    0.282264E+004
     y             6    0.120000E+002    0.282264E+004
     y             6    0.533000E+003    0.282264E+004
     y             6    0.330000E+004    0.282264E+004
     y             2    0.300000E+001    0.980353E+003
     y             6    0.100000E+001    0.282264E+004
     y            30    0.200000E+004    0.264654E+004
     y            29    0.141304E+006    0.858593E+005
     y             6    0.600000E+001    0.282264E+004
     n             6               NA    0.282264E+004
     n             6               NA    0.282264E+004
     y           253    0.300000E+003    0.503211E+004
     n             6               NA    0.282264E+004
     n            62               NA    0.803633E+004
     n             6               NA    0.282264E+004
     y            62    0.100000E+003    0.803633E+004
     n             2               NA    0.980353E+003
     n             6               NA    0.282264E+004
     y             2    0.180000E+002    0.980353E+003
     y             2    0.300000E+003    0.980353E+003
     n             6               NA    0.282264E+004
     y             6    0.200000E+001    0.282264E+004
     y             2    0.400000E+003    0.980353E+003
     y             6    0.250000E+002    0.282264E+004
     y             6    0.500000E+001    0.282264E+004
     n             6               NA    0.282264E+004
     y            30    0.600000E+003    0.264654E+004
     y             2    0.100000E+001    0.980353E+003
     y             6    0.300000E+005    0.282264E+004
     y             6    0.110000E+002    0.282264E+004
