"Gender" "Biacromialdiam" "Biiliacdiam" "Bitrochantericdiam" "Chestdepth" "Chestdiam" "Elbowdiam" "Wristdiam" "Kneediam" "Anklediam" "Shouldergirth" "Chestgirth" "Waistgirth" "Navelgirth" "Hipgirth" "Thighgirth" "Bicepgirth" "Forearmgirth" "Kneegirth" "Calfmaxgirth" "Anklemingirth" "Wristmingirth" "Age" "Weight" "Height"
 2  42.8999999999999986  26.0000000000000000  31.5000000000000000  17.6999999999999993  28.0000000000000000  13.0999999999999996  10.4000000000000004  18.8000000000000007  14.0999999999999996   1.0620000000000000E+02  89.5000000000000000  71.5000000000000000  74.5000000000000000  93.5000000000000000  51.5000000000000000  32.5000000000000000  26.0000000000000000  34.5000000000000000  36.5000000000000000  23.5000000000000000  16.5000000000000000  21.0000000000000000  65.5999999999999943   1.7400000000000000E+02
 2  43.7000000000000028  28.5000000000000000  33.5000000000000000  16.8999999999999986  30.8000000000000007  14.0000000000000000  11.8000000000000007  20.6000000000000014  15.0999999999999996   1.1050000000000000E+02  97.0000000000000000  79.0000000000000000  86.5000000000000000  94.7999999999999972  51.5000000000000000  34.3999999999999986  28.0000000000000000  36.5000000000000000  37.5000000000000000  24.5000000000000000  17.0000000000000000  23.0000000000000000  71.7999999999999972   1.7530000000000001E+02
 2  40.1000000000000014  28.1999999999999993  33.2999999999999972  20.8999999999999986  31.6999999999999993  13.9000000000000004  10.9000000000000004  19.6999999999999993  14.0999999999999996   1.1509999999999999E+02  97.5000000000000000  83.2000000000000028  82.9000000000000057  95.0000000000000000  57.2999999999999972  33.3999999999999986  28.8000000000000007  37.0000000000000000  37.2999999999999972  21.8999999999999986  16.8999999999999986  28.0000000000000000  80.7000000000000028   1.9350000000000000E+02
 2  44.2999999999999972  29.8999999999999986  34.0000000000000000  18.3999999999999986  28.1999999999999993  13.9000000000000004  11.1999999999999993  20.8999999999999986  15.0000000000000000   1.0450000000000000E+02  97.0000000000000000  77.7999999999999972  78.7999999999999972  94.0000000000000000  53.0000000000000000  31.0000000000000000  26.1999999999999993  37.0000000000000000  34.7999999999999972  23.0000000000000000  16.6000000000000014  23.0000000000000000  72.5999999999999943   1.8650000000000000E+02
 2  42.5000000000000000  29.8999999999999986  34.0000000000000000  21.5000000000000000  29.3999999999999986  15.1999999999999993  11.5999999999999996  20.6999999999999993  14.9000000000000004   1.0750000000000000E+02  97.5000000000000000  80.0000000000000000  82.5000000000000000  98.5000000000000000  55.3999999999999986  32.0000000000000000  28.3999999999999986  37.7000000000000028  38.6000000000000014  24.3999999999999986  18.0000000000000000  22.0000000000000000  78.7999999999999972   1.8719999999999999E+02
 2  43.2999999999999972  27.0000000000000000  31.5000000000000000  19.6000000000000014  31.3000000000000007  14.0000000000000000  11.5000000000000000  18.8000000000000007  13.9000000000000004   1.1980000000000000E+02  99.9000000000000057  82.5000000000000000  80.0999999999999943  95.2999999999999972  57.5000000000000000  33.0000000000000000  28.0000000000000000  36.6000000000000014  36.1000000000000014  23.5000000000000000  16.8999999999999986  21.0000000000000000  74.7999999999999972   1.8150000000000000E+02
 2  43.5000000000000000  30.0000000000000000  34.0000000000000000  21.8999999999999986  31.6999999999999993  16.1000000000000014  12.5000000000000000  20.8000000000000007  15.5999999999999996   1.2350000000000000E+02   1.0690000000000001E+02  82.0000000000000000  84.0000000000000000   1.0100000000000000E+02  60.8999999999999986  42.3999999999999986  32.2999999999999972  40.1000000000000014  40.2999999999999972  23.6000000000000014  18.8000000000000007  26.0000000000000000  86.4000000000000057   1.8400000000000000E+02
 2  44.3999999999999986  29.8000000000000007  33.2000000000000028  21.8000000000000007  28.8000000000000007  15.0999999999999996  11.9000000000000004  21.0000000000000000  14.5999999999999996   1.2040000000000001E+02   1.0250000000000000E+02  76.7999999999999972  80.5000000000000000  98.0000000000000000  56.0000000000000000  34.1000000000000014  28.0000000000000000  39.2000000000000028  36.7000000000000028  22.5000000000000000  18.0000000000000000  27.0000000000000000  78.4000000000000057   1.8450000000000000E+02
 2  43.5000000000000000  26.5000000000000000  32.1000000000000014  15.5000000000000000  27.5000000000000000  14.0999999999999996  11.1999999999999993  18.8999999999999986  13.1999999999999993   1.1100000000000000E+02  91.0000000000000000  68.5000000000000000  69.0000000000000000  89.5000000000000000  50.0000000000000000  33.0000000000000000  26.0000000000000000  35.5000000000000000  35.0000000000000000  22.0000000000000000  16.5000000000000000  23.0000000000000000  62.0000000000000000   1.7500000000000000E+02
 2  42.0000000000000000  28.0000000000000000  34.0000000000000000  22.5000000000000000  28.0000000000000000  15.5999999999999996  12.0000000000000000  21.1000000000000014  15.0000000000000000   1.1950000000000000E+02  93.5000000000000000  77.5000000000000000  81.5000000000000000  99.7999999999999972  59.7999999999999972  36.5000000000000000  29.1999999999999993  38.2999999999999972  38.6000000000000014  22.1999999999999993  16.8999999999999986  21.0000000000000000  81.5999999999999943   1.8400000000000000E+02
 2  40.2999999999999972  29.0000000000000000  33.0000000000000000  20.1000000000000014  30.3000000000000007  13.4000000000000004  10.4000000000000004  19.3999999999999986  14.5000000000000000   1.1709999999999999E+02  97.7000000000000028  81.9000000000000057  81.0000000000000000  98.4000000000000057  60.5000000000000000  34.6000000000000014  27.8999999999999986  38.8999999999999986  40.1000000000000014  23.1999999999999993  16.1999999999999993  23.0000000000000000  76.5999999999999943   1.8000000000000000E+02
 2  43.7000000000000028  29.0000000000000000  31.3000000000000007  20.5000000000000000  29.6999999999999993  15.0000000000000000  11.6999999999999993  20.8999999999999986  16.0000000000000000   1.2350000000000000E+02  99.5000000000000000  82.5999999999999943  82.5000000000000000  95.0000000000000000  58.5000000000000000  38.5000000000000000  30.3999999999999986  39.0000000000000000  38.3999999999999986  24.3000000000000007  18.1999999999999993  22.0000000000000000  83.5999999999999943   1.7780000000000001E+02
 2  47.3999999999999986  29.6000000000000014  35.7000000000000028  20.8000000000000007  31.3999999999999986  16.1000000000000014  11.3000000000000007  21.5000000000000000  15.4000000000000004   1.1650000000000000E+02   1.0300000000000000E+02  85.0000000000000000  94.5000000000000000   1.0300000000000000E+02  59.0000000000000000  33.5000000000000000  29.0000000000000000  40.5000000000000000  40.0000000000000000  26.0000000000000000  18.0000000000000000  20.0000000000000000  90.0000000000000000   1.9200000000000000E+02
 2  40.2999999999999972  27.5000000000000000  31.3999999999999986  21.6999999999999993  28.0000000000000000  13.3000000000000007  10.3000000000000007  18.8000000000000007  13.1999999999999993   1.1300000000000000E+02  99.5999999999999943  85.5999999999999943  89.2000000000000028  98.0000000000000000  59.1000000000000014  35.6000000000000014  29.0000000000000000  35.7999999999999972  36.0000000000000000  21.5000000000000000  16.6000000000000014  26.0000000000000000  74.5999999999999943   1.7600000000000000E+02
 2  41.0000000000000000  26.8000000000000007  32.2000000000000028  21.8999999999999986  28.6000000000000014  14.9000000000000004  10.5999999999999996  17.8000000000000007  14.0000000000000000   1.0750000000000000E+02   1.0150000000000000E+02  78.0000000000000000  89.5000000000000000  95.0000000000000000  57.0000000000000000  36.0000000000000000  29.0000000000000000  34.5000000000000000  35.0000000000000000  22.0000000000000000  16.5000000000000000  23.0000000000000000  71.0000000000000000   1.7400000000000000E+02
 2  45.0000000000000000  27.0000000000000000  33.2000000000000028  21.6999999999999993  30.6000000000000014  13.6999999999999993  11.0999999999999996  20.6999999999999993  14.0000000000000000   1.1200000000000000E+02   1.0409999999999999E+02  82.0000000000000000  84.0000000000000000  97.0000000000000000  56.0000000000000000  34.5000000000000000  29.5000000000000000  39.0000000000000000  35.7000000000000028  24.0000000000000000  17.5000000000000000  22.0000000000000000  79.5999999999999943   1.8400000000000000E+02
 2  39.8999999999999986  30.0000000000000000  34.5000000000000000  21.0000000000000000  29.3999999999999986  15.5999999999999996  11.9000000000000004  21.1999999999999993  16.0000000000000000   1.1220000000000000E+02   1.0000000000000000E+02  88.2999999999999972  93.5000000000000000   1.0500000000000000E+02  65.7999999999999972  37.0000000000000000  28.8000000000000007  40.8999999999999986  41.7000000000000028  24.1999999999999993  17.8000000000000007  30.0000000000000000  93.7999999999999972   1.9269999999999999E+02
 2  43.0000000000000000  26.5000000000000000  30.3000000000000007  19.3000000000000007  30.0000000000000000  14.8000000000000007  11.1999999999999993  19.6999999999999993  14.6999999999999993   1.2000000000000000E+02  93.7999999999999972  73.5999999999999943  74.9000000000000057  90.0999999999999943  54.1000000000000014  31.1999999999999993  26.8999999999999986  36.3999999999999986  35.6000000000000014  22.0000000000000000  17.1000000000000014  22.0000000000000000  70.0000000000000000   1.7150000000000000E+02
 2  43.1000000000000014  28.6000000000000014  33.3999999999999986  22.1999999999999993  29.5000000000000000  14.9000000000000004  12.1999999999999993  20.8000000000000007  14.8000000000000007   1.0900000000000000E+02  98.5000000000000000  78.5000000000000000  86.0000000000000000  94.5000000000000000  55.0000000000000000  34.5000000000000000  28.5000000000000000  38.0000000000000000  36.5000000000000000  23.0000000000000000  18.5000000000000000  29.0000000000000000  72.4000000000000057   1.7300000000000000E+02
 2  43.6000000000000014  29.3000000000000007  34.3999999999999986  20.1999999999999993  32.6000000000000014  15.4000000000000004  10.9000000000000004  20.6999999999999993  15.5000000000000000   1.1850000000000000E+02   1.0400000000000000E+02  87.2999999999999972  88.0000000000000000   1.0109999999999999E+02  59.5000000000000000  37.0000000000000000  30.5000000000000000  39.7999999999999972  42.0000000000000000  26.5000000000000000  18.8000000000000007  22.0000000000000000  85.9000000000000057   1.7600000000000000E+02
 2  42.0000000000000000  27.5000000000000000  30.6999999999999993  21.3000000000000007  32.0000000000000000  13.0999999999999996  11.0999999999999996  19.1999999999999993  13.9000000000000004   1.1600000000000000E+02   1.0000000000000000E+02  92.0000000000000000  91.0000000000000000  98.0000000000000000  57.5000000000000000  32.0000000000000000  27.6000000000000014  37.5000000000000000  35.2000000000000028  21.0000000000000000  17.3000000000000007  22.0000000000000000  78.7999999999999972   1.7600000000000000E+02
 2  43.7999999999999972  28.0000000000000000  33.2999999999999972  20.0000000000000000  32.0000000000000000  15.0000000000000000  11.5000000000000000  20.3999999999999986  14.4000000000000004   1.1100000000000000E+02   1.0000000000000000E+02  80.0000000000000000  83.7000000000000028  99.5000000000000000  57.0000000000000000  37.0000000000000000  30.0000000000000000  37.5000000000000000  35.5000000000000000  23.0000000000000000  18.0000000000000000  20.0000000000000000  77.7999999999999972   1.8050000000000000E+02
 2  42.2999999999999972  26.3999999999999986  31.1999999999999993  18.0000000000000000  30.8999999999999986  14.5999999999999996  10.8000000000000007  18.6000000000000014  13.8000000000000007   1.1770000000000000E+02  99.0000000000000000  74.5000000000000000  75.9000000000000057  92.2000000000000028  53.3999999999999986  31.1999999999999993  26.8999999999999986  36.2000000000000028  33.2999999999999972  23.5000000000000000  16.0000000000000000  22.0000000000000000  66.2000000000000028   1.7269999999999999E+02
 2  42.7000000000000028  29.8999999999999986  35.0000000000000000  21.8000000000000007  32.7999999999999972  14.3000000000000007  11.1999999999999993  19.8000000000000007  14.0999999999999996   1.2390000000000001E+02   1.0100000000000000E+02  90.5999999999999943  89.5999999999999943   1.0120000000000000E+02  59.5000000000000000  37.0000000000000000  28.3000000000000007  35.3999999999999986  40.6000000000000014  22.8999999999999986  17.0000000000000000  24.0000000000000000  86.4000000000000057   1.7600000000000000E+02
 2  44.7999999999999972  27.8000000000000007  32.2000000000000028  18.3000000000000007  31.5000000000000000  15.1999999999999993  11.5999999999999996  19.3999999999999986  14.6999999999999993   1.2059999999999999E+02   1.0159999999999999E+02  81.4000000000000057  81.5999999999999943  98.7999999999999972  61.2999999999999972  39.3999999999999986  31.8999999999999986  38.5000000000000000  41.2000000000000028  22.8000000000000007  18.1999999999999993  26.0000000000000000  81.7999999999999972   1.7350000000000000E+02
 2  46.0000000000000000  30.1000000000000014  34.5000000000000000  20.1999999999999993  31.1000000000000014  16.3999999999999986  13.3000000000000007  22.1999999999999993  14.9000000000000004   1.2950000000000000E+02   1.0880000000000000E+02  89.5000000000000000  89.5000000000000000   1.0600000000000000E+02  59.5000000000000000  37.5000000000000000  30.1000000000000014  39.8999999999999986  41.5000000000000000  23.5000000000000000  19.0000000000000000  24.0000000000000000  89.5999999999999943   1.7800000000000000E+02
 2  45.3999999999999986  31.8000000000000007  35.2000000000000028  20.1999999999999993  32.2999999999999972  14.5999999999999996  10.5000000000000000  20.1999999999999993  15.3000000000000007   1.1500000000000000E+02   1.0000000000000000E+02  85.0000000000000000  94.5000000000000000   1.0500000000000000E+02  62.0000000000000000  35.5000000000000000  28.5000000000000000  38.0000000000000000  40.0000000000000000  23.5000000000000000  16.6999999999999993  21.0000000000000000  82.7999999999999972   1.8030000000000001E+02
 2  40.5000000000000000  28.3000000000000007  33.3999999999999986  19.1999999999999993  28.8000000000000007  14.5999999999999996  11.0999999999999996  20.8000000000000007  14.5000000000000000   1.1600000000000000E+02  88.0000000000000000  73.5000000000000000  77.7000000000000028  97.0000000000000000  56.2999999999999972  32.5000000000000000  27.8000000000000007  39.0000000000000000  38.2000000000000028  23.5000000000000000  17.8000000000000007  24.0000000000000000  76.4000000000000057   1.8030000000000001E+02
 2  39.3999999999999986  25.5000000000000000  30.1999999999999993  17.6000000000000014  27.6999999999999993  13.0000000000000000  10.1999999999999993  18.8999999999999986  13.1999999999999993   1.0780000000000000E+02  88.7000000000000028  75.7999999999999972  83.0000000000000000  89.0000000000000000  52.6000000000000014  31.1999999999999993  26.5000000000000000  37.0000000000000000  37.3999999999999986  21.5000000000000000  16.5000000000000000  23.0000000000000000  63.2000000000000028   1.6450000000000000E+02
 2  40.2000000000000028  27.1999999999999993  31.6999999999999993  18.1000000000000014  26.5000000000000000  13.3000000000000007  10.0999999999999996  18.6000000000000014  13.1999999999999993   1.0020000000000000E+02  84.5000000000000000  74.0000000000000000  81.0000000000000000  93.5000000000000000  50.5000000000000000  27.5000000000000000  24.8000000000000007  34.0000000000000000  32.7999999999999972  21.0000000000000000  15.5999999999999996  19.0000000000000000  60.8999999999999986   1.7300000000000000E+02
 2  44.2000000000000028  30.3000000000000007  34.7000000000000028  19.3999999999999986  30.0000000000000000  14.9000000000000004  11.0000000000000000  19.1000000000000014  15.8000000000000007   1.1300000000000000E+02  93.5999999999999943  77.5000000000000000  82.0999999999999943  95.0000000000000000  56.5000000000000000  32.7999999999999972  26.1999999999999993  37.6000000000000014  36.2999999999999972  21.0000000000000000  16.6000000000000014  23.0000000000000000  74.7999999999999972   1.8350000000000000E+02
 2  41.0000000000000000  23.6000000000000014  30.1999999999999993  22.8999999999999986  28.0000000000000000  14.3000000000000007  11.1999999999999993  18.1999999999999993  14.0000000000000000   1.1790000000000001E+02   1.0500000000000000E+02  74.0000000000000000  72.0000000000000000  90.0000000000000000  54.2000000000000028  34.1000000000000014  28.6000000000000014  36.2000000000000028  36.6000000000000014  22.3999999999999986  17.1999999999999993  25.0000000000000000  70.0000000000000000   1.7550000000000000E+02
 2  44.0000000000000000  31.0000000000000000  35.2999999999999972  19.1999999999999993  31.0000000000000000  15.1999999999999993  11.4000000000000004  21.1999999999999993  15.0999999999999996   1.1250000000000000E+02  90.9000000000000057  74.0000000000000000  78.7999999999999972  96.4000000000000057  51.7999999999999972  29.8000000000000007  27.0000000000000000  36.3999999999999986  34.6000000000000014  22.8999999999999986  17.0000000000000000  23.0000000000000000  72.4000000000000057   1.8800000000000000E+02
 2  41.6000000000000014  32.0000000000000000  35.2999999999999972  23.6000000000000014  27.0000000000000000  15.5000000000000000  11.3000000000000007  20.8999999999999986  15.0000000000000000   1.1050000000000000E+02  91.2000000000000028  82.0000000000000000  89.5000000000000000   1.0000000000000000E+02  57.5000000000000000  32.7999999999999972  28.0000000000000000  40.7000000000000028  40.1000000000000014  24.3000000000000007  17.1999999999999993  23.0000000000000000  84.0999999999999943   1.8919999999999999E+02
 2  41.0000000000000000  25.1000000000000014  31.8999999999999986  20.8000000000000007  27.8999999999999986  13.5999999999999996  10.8000000000000007  18.8000000000000007  12.9000000000000004   1.1200000000000000E+02  98.4000000000000057  73.0000000000000000  83.0000000000000000  95.4000000000000057  56.2999999999999972  36.3999999999999986  27.5000000000000000  37.2000000000000028  34.5000000000000000  21.8000000000000007  16.8999999999999986  23.0000000000000000  69.0999999999999943   1.7280000000000001E+02
 2  41.5000000000000000  24.5000000000000000  30.5000000000000000  17.6999999999999993  26.6999999999999993  13.3000000000000007  10.8000000000000007  18.6000000000000014  14.0000000000000000   1.0400000000000000E+02  85.0000000000000000  70.5000000000000000  84.0000000000000000  90.0000000000000000  50.0000000000000000  29.0000000000000000  26.0000000000000000  36.0000000000000000  34.5000000000000000  21.5000000000000000  17.0000000000000000  20.0000000000000000  59.5000000000000000   1.7000000000000000E+02
 2  41.1000000000000014  27.8000000000000007  31.3999999999999986  19.0000000000000000  31.5000000000000000  14.5000000000000000  11.9000000000000004  18.5000000000000000  13.0000000000000000   1.1480000000000000E+02  97.2000000000000028  75.0000000000000000  77.2000000000000028  91.2999999999999972  49.5000000000000000  31.0000000000000000  26.1000000000000014  36.2999999999999972  35.1000000000000014  21.0000000000000000  17.0000000000000000  22.0000000000000000  67.2000000000000028   1.8200000000000000E+02
 2  38.7999999999999972  27.1999999999999993  31.6000000000000014  18.5000000000000000  25.5000000000000000  13.4000000000000004  10.8000000000000007  19.0000000000000000  14.0000000000000000   1.0800000000000000E+02  91.5000000000000000  72.0999999999999943  79.2000000000000028  91.0000000000000000  54.8999999999999986  29.5000000000000000  24.5000000000000000  36.1000000000000014  37.2000000000000028  22.8999999999999986  16.0000000000000000  24.0000000000000000  61.2999999999999972   1.7000000000000000E+02
 2  36.2000000000000028  27.5000000000000000  30.3999999999999986  18.6999999999999993  28.0000000000000000  13.5999999999999996  10.8000000000000007  19.0000000000000000  15.4000000000000004   1.1120000000000000E+02  91.2000000000000028  78.7999999999999972  78.0000000000000000  93.2000000000000028  55.7999999999999972  31.8999999999999986  27.3999999999999986  36.3999999999999986  35.1000000000000014  23.0000000000000000  16.8000000000000007  22.0000000000000000  68.5999999999999943   1.7780000000000001E+02
 2  42.1000000000000014  27.5000000000000000  32.3999999999999986  18.1999999999999993  28.0000000000000000  16.1999999999999993  12.0000000000000000  21.0000000000000000  16.3999999999999986   1.1830000000000000E+02   1.0109999999999999E+02  77.5000000000000000  78.0000000000000000  97.0000000000000000  55.0000000000000000  37.7000000000000028  29.8999999999999986  38.2999999999999972  39.6000000000000014  23.3000000000000007  18.6999999999999993  24.0000000000000000  80.0999999999999943   1.8419999999999999E+02
 2  40.2999999999999972  29.3999999999999986  32.8999999999999986  23.6999999999999993  31.5000000000000000  14.5999999999999996  11.3000000000000007  19.8000000000000007  15.1999999999999993   1.1520000000000000E+02   1.0430000000000000E+02  91.5000000000000000  93.2000000000000028   1.0390000000000001E+02  62.0000000000000000  36.2999999999999972  29.0000000000000000  36.7000000000000028  39.3999999999999986  23.1000000000000014  17.6000000000000014  21.0000000000000000  87.7999999999999972   1.8669999999999999E+02
 2  41.7000000000000028  27.1000000000000014  32.6000000000000014  21.6000000000000014  28.0000000000000000  14.0999999999999996  11.5000000000000000  19.6999999999999993  13.8000000000000007   1.2990000000000001E+02   1.1080000000000000E+02  84.9000000000000057  83.0000000000000000   1.0259999999999999E+02  66.4000000000000057  42.2999999999999972  30.8999999999999986  37.0000000000000000  37.7000000000000028  22.6000000000000014  17.5000000000000000  23.0000000000000000  84.7000000000000028   1.7140000000000001E+02
 2  37.7999999999999972  27.1000000000000014  31.5000000000000000  18.5000000000000000  27.3000000000000007  14.5999999999999996  10.8000000000000007  19.5000000000000000  14.9000000000000004   1.1290000000000001E+02  96.2999999999999972  79.0999999999999943  78.2999999999999972  97.0999999999999943  60.1000000000000014  35.5000000000000000  28.8000000000000007  36.8999999999999986  38.2000000000000028  23.3999999999999986  16.6999999999999993  24.0000000000000000  73.4000000000000057   1.7269999999999999E+02
 2  39.2000000000000028  26.1000000000000014  30.8000000000000007  19.3999999999999986  29.8999999999999986  14.3000000000000007  11.1999999999999993  20.0000000000000000  16.0000000000000000   1.1220000000000000E+02   1.0270000000000000E+02  77.9000000000000057  77.9000000000000057  90.7000000000000028  56.7000000000000028  35.3999999999999986  28.3000000000000007  35.6000000000000014  35.5000000000000000  22.8999999999999986  17.0000000000000000  35.0000000000000000  72.0999999999999943   1.7530000000000001E+02
 2  41.5000000000000000  30.8000000000000007  33.2999999999999972  19.3999999999999986  30.6000000000000014  14.8000000000000007  11.3000000000000007  20.1999999999999993  16.0000000000000000   1.1709999999999999E+02   1.0390000000000001E+02  91.7000000000000028  89.4000000000000057   1.0180000000000000E+02  61.0000000000000000  35.7000000000000028  29.3999999999999986  37.7000000000000028  40.0000000000000000  22.1999999999999993  17.8999999999999986  29.0000000000000000  82.5999999999999943   1.8030000000000001E+02
 2  42.5000000000000000  27.8000000000000007  33.5000000000000000  20.6000000000000014  30.1999999999999993  15.9000000000000004  12.8000000000000007  22.3999999999999986  16.3000000000000007   1.1870000000000000E+02   1.0559999999999999E+02  86.5999999999999943  87.2999999999999972   1.0390000000000001E+02  63.2000000000000028  37.7999999999999972  29.6999999999999993  39.0000000000000000  40.2000000000000028  24.3000000000000007  18.8999999999999986  25.0000000000000000  88.7000000000000028   1.8290000000000001E+02
 2  39.3999999999999986  26.1000000000000014  34.3999999999999986  20.3999999999999986  27.3000000000000007  15.0999999999999996  10.5999999999999996  20.0000000000000000  15.3000000000000007   1.0920000000000000E+02  95.7999999999999972  84.7000000000000028  84.0000000000000000   1.0140000000000001E+02  60.0000000000000000  35.0000000000000000  28.5000000000000000  38.3999999999999986  37.8999999999999986  23.1999999999999993  16.8000000000000007  23.0000000000000000  84.0999999999999943   1.8800000000000000E+02
 2  43.6000000000000014  33.1000000000000014  33.5000000000000000  21.6000000000000014  33.1000000000000014  15.5999999999999996  12.0000000000000000  20.6999999999999993  16.5000000000000000   1.2809999999999999E+02   1.1120000000000000E+02  90.2999999999999972  93.5000000000000000   1.0870000000000000E+02  66.9000000000000057  40.2000000000000028  32.3999999999999986  39.2000000000000028  40.1000000000000014  25.6999999999999993  17.6999999999999993  20.0000000000000000  94.0999999999999943   1.7719999999999999E+02
 2  38.8999999999999986  24.8999999999999986  28.6999999999999993  19.6999999999999993  26.8000000000000007  14.1999999999999993  10.1999999999999993  18.0000000000000000  14.4000000000000004   1.1330000000000000E+02   1.0000000000000000E+02  79.7000000000000028  87.0999999999999943  98.4000000000000057  61.1000000000000014  36.2999999999999972  28.6000000000000014  34.5000000000000000  36.1000000000000014  21.3999999999999986  16.3000000000000007  25.0000000000000000  74.9000000000000057   1.7209999999999999E+02
 2  37.6000000000000014  24.3999999999999986  28.0000000000000000  18.0000000000000000  26.3999999999999986  14.1999999999999993  10.5999999999999996  17.3000000000000007  13.4000000000000004   1.0840000000000001E+02  91.5999999999999943  73.0999999999999943  75.4000000000000057  86.5000000000000000  50.6000000000000014  30.8000000000000007  26.1000000000000014  31.6999999999999993  33.6000000000000014  20.3000000000000007  15.8000000000000007  29.0000000000000000  59.1000000000000014   1.6700000000000000E+02
 2  39.3999999999999986  28.3000000000000007  30.6000000000000014  20.1999999999999993  28.6999999999999993  15.0000000000000000  11.5000000000000000  18.3999999999999986  14.4000000000000004   1.1870000000000000E+02   1.0800000000000000E+02  79.7999999999999972  82.5000000000000000  94.7999999999999972  58.2999999999999972  39.7999999999999972  29.6000000000000014  34.2000000000000028  38.1000000000000014  21.1000000000000014  16.8999999999999986  23.0000000000000000  75.5999999999999943   1.6950000000000000E+02
 2  38.5000000000000000  26.1000000000000014  30.8000000000000007  20.6000000000000014  30.8000000000000007  15.0999999999999996  11.4000000000000004  19.8000000000000007  14.1999999999999993   1.2630000000000000E+02   1.0959999999999999E+02  81.5999999999999943  86.5000000000000000   1.0090000000000001E+02  61.7000000000000028  39.5000000000000000  31.6999999999999993  38.7999999999999972  36.5000000000000000  22.6999999999999993  17.8999999999999986  23.0000000000000000  86.2000000000000028   1.7400000000000000E+02
 2  40.1000000000000014  27.8000000000000007  33.1000000000000014  19.1999999999999993  31.3000000000000007  15.4000000000000004  11.5000000000000000  20.6000000000000014  15.4000000000000004   1.2420000000000000E+02   1.0570000000000000E+02  76.7999999999999972  83.4000000000000057  98.0000000000000000  56.7999999999999972  37.8999999999999986  30.8999999999999986  35.8999999999999986  38.2999999999999972  23.3999999999999986  17.3000000000000007  36.0000000000000000  75.2999999999999972   1.7269999999999999E+02
 2  40.2999999999999972  28.0000000000000000  32.0000000000000000  20.8999999999999986  31.6999999999999993  14.8000000000000007  10.5999999999999996  19.3999999999999986  15.0000000000000000   1.2670000000000000E+02   1.0909999999999999E+02  85.9000000000000057  90.4000000000000057   1.0090000000000001E+02  61.2999999999999972  40.1000000000000014  30.0000000000000000  36.7999999999999972  38.6000000000000014  21.8999999999999986  16.3999999999999986  25.0000000000000000  87.0999999999999943   1.8219999999999999E+02
 2  37.6000000000000014  26.6000000000000014  29.8999999999999986  17.3000000000000007  25.6000000000000014  12.8000000000000007  10.0000000000000000  17.0000000000000000  13.0000000000000000   1.0330000000000000E+02  88.7999999999999972  73.2999999999999972  77.9000000000000057  85.7000000000000028  46.8999999999999986  30.5000000000000000  24.8000000000000007  31.1000000000000014  30.5000000000000000  19.0000000000000000  15.0000000000000000  24.0000000000000000  55.2000000000000028   1.6409999999999999E+02
 2  38.2999999999999972  25.1999999999999993  30.1999999999999993  17.0000000000000000  26.3999999999999986  13.1999999999999993  10.4000000000000004  18.8000000000000007  13.0000000000000000   1.0120000000000000E+02  86.0999999999999943  69.9000000000000057  67.4000000000000057  84.0999999999999943  50.7999999999999972  31.5000000000000000  26.6000000000000014  32.7999999999999972  36.2999999999999972  20.0000000000000000  15.8000000000000007  20.0000000000000000  57.0000000000000000   1.6300000000000000E+02
 2  39.7000000000000028  28.6000000000000014  32.1000000000000014  19.1000000000000014  27.1000000000000014  13.4000000000000004  10.0000000000000000  18.1999999999999993  14.8000000000000007   1.0430000000000000E+02  91.2999999999999972  72.7000000000000028  83.2000000000000028  91.4000000000000057  51.2000000000000028  27.8000000000000007  26.0000000000000000  34.7999999999999972  34.7000000000000028  21.1000000000000014  15.3000000000000007  52.0000000000000000  61.3999999999999986   1.7150000000000000E+02
 2  42.2000000000000028  29.0000000000000000  33.7000000000000028  22.5000000000000000  30.3999999999999986  15.5999999999999996  12.0000000000000000  19.8000000000000007  16.1999999999999993   1.1320000000000000E+02   1.0059999999999999E+02  82.7000000000000028  83.5000000000000000  98.0000000000000000  55.7999999999999972  33.1000000000000014  28.0000000000000000  37.8999999999999986  39.1000000000000014  23.1999999999999993  17.6999999999999993  50.0000000000000000  76.7999999999999972   1.8419999999999999E+02
 2  41.1000000000000014  30.3999999999999986  35.1000000000000014  23.1999999999999993  32.6000000000000014  15.5000000000000000  11.5999999999999996  21.5000000000000000  15.4000000000000004   1.2190000000000001E+02   1.0550000000000000E+02  90.0999999999999943  89.2000000000000028   1.0450000000000000E+02  62.7000000000000028  36.2999999999999972  29.6000000000000014  38.3999999999999986  42.3999999999999986  25.3000000000000007  17.5000000000000000  46.0000000000000000  86.7999999999999972   1.7400000000000000E+02
 2  40.5000000000000000  29.3000000000000007  33.7000000000000028  19.6000000000000014  29.8000000000000007  13.8000000000000007  11.6999999999999993  19.6999999999999993  14.4000000000000004   1.1309999999999999E+02  97.5000000000000000  82.9000000000000057  83.5999999999999943  95.7999999999999972  52.6000000000000014  34.5000000000000000  27.0000000000000000  35.2000000000000028  35.2000000000000028  21.3999999999999986  16.5000000000000000  51.0000000000000000  72.2000000000000028   1.7400000000000000E+02
 2  41.5000000000000000  28.6000000000000014  30.3999999999999986  20.8000000000000007  26.8999999999999986  14.8000000000000007  11.1999999999999993  20.6999999999999993  16.5000000000000000   1.0850000000000000E+02  94.4000000000000057  77.9000000000000057  79.0000000000000000  91.7000000000000028  57.1000000000000014  31.1999999999999993  27.5000000000000000  36.6000000000000014  37.5000000000000000  21.6000000000000014  16.1000000000000014  28.0000000000000000  71.5999999999999943   1.7700000000000000E+02
 2  43.3999999999999986  32.3999999999999986  36.3999999999999986  20.3000000000000007  32.1000000000000014  15.5999999999999996  12.0000000000000000  20.8000000000000007  16.3000000000000007   1.1390000000000001E+02  99.5999999999999943  92.5000000000000000  96.2000000000000028   1.0340000000000001E+02  58.5000000000000000  34.5000000000000000  28.3999999999999986  38.3999999999999986  38.0000000000000000  22.3999999999999986  17.1999999999999993  48.0000000000000000  84.7999999999999972   1.8600000000000000E+02
 2  43.5000000000000000  26.0000000000000000  31.6000000000000014  19.1000000000000014  30.8999999999999986  14.3000000000000007  11.4000000000000004  19.5000000000000000  14.5999999999999996   1.1259999999999999E+02  98.0999999999999943  77.7999999999999972  77.2000000000000028  90.0000000000000000  52.3999999999999986  33.2000000000000028  26.3999999999999986  34.2000000000000028  36.0000000000000000  21.8000000000000007  17.5000000000000000  35.0000000000000000  68.2000000000000028   1.6700000000000000E+02
 2  41.2999999999999972  27.1000000000000014  32.3999999999999986  17.5000000000000000  27.6000000000000014  14.0999999999999996  10.8000000000000007  20.1999999999999993  15.5000000000000000   1.1020000000000000E+02  93.5999999999999943  72.7000000000000028  77.2999999999999972  91.7000000000000028  51.8999999999999986  32.1000000000000014  27.3999999999999986  33.5000000000000000  33.7999999999999972  21.1000000000000014  16.8999999999999986  23.0000000000000000  66.0999999999999943   1.7180000000000001E+02
 2  40.2999999999999972  29.5000000000000000  33.2999999999999972  18.3999999999999986  26.1999999999999993  14.0000000000000000  11.0000000000000000  19.3999999999999986  14.8000000000000007   1.0870000000000000E+02  93.4000000000000057  75.0000000000000000  79.2000000000000028  94.0000000000000000  53.7999999999999972  34.2000000000000028  27.8999999999999986  36.1000000000000014  36.2000000000000028  22.0000000000000000  17.5000000000000000  23.0000000000000000  72.0000000000000000   1.8200000000000000E+02
 2  36.2999999999999972  29.1999999999999993  33.0000000000000000  20.0000000000000000  29.0000000000000000  14.0999999999999996  11.6999999999999993  20.3999999999999986  14.3000000000000007   1.0400000000000000E+02  92.0000000000000000  76.0000000000000000  83.0000000000000000  93.0000000000000000  54.5000000000000000  29.5000000000000000  26.0000000000000000  37.0000000000000000  34.5000000000000000  22.8000000000000007  17.3999999999999986  62.0000000000000000  64.5999999999999943   1.6700000000000000E+02
 2  39.8999999999999986  28.3000000000000007  32.0000000000000000  18.3000000000000007  31.3999999999999986  13.5000000000000000  11.4000000000000004  18.8999999999999986  14.4000000000000004   1.1520000000000000E+02  99.2000000000000028  82.7000000000000028  84.2000000000000028  93.0000000000000000  56.6000000000000014  32.3999999999999986  27.6000000000000014  35.7999999999999972  36.2999999999999972  21.8000000000000007  16.6999999999999993  21.0000000000000000  74.7999999999999972   1.7780000000000001E+02
 2  39.7999999999999972  28.8000000000000007  33.0000000000000000  19.6999999999999993  28.6999999999999993  12.4000000000000004  10.6999999999999993  18.5000000000000000  13.1999999999999993   1.1190000000000001E+02  97.5999999999999943  80.0000000000000000  85.7000000000000028  97.4000000000000057  57.7999999999999972  33.7999999999999972  28.6000000000000014  36.2000000000000028  37.3999999999999986  22.0000000000000000  17.1999999999999993  26.0000000000000000  70.0000000000000000   1.6450000000000000E+02
 2  43.5000000000000000  33.2000000000000028  34.0000000000000000  23.8999999999999986  34.2999999999999972  15.8000000000000007  12.0000000000000000  18.6000000000000014  13.1999999999999993   1.2700000000000000E+02   1.0880000000000000E+02   1.0709999999999999E+02   1.0720000000000000E+02   1.0830000000000000E+02  67.0000000000000000  39.6000000000000014  30.6000000000000014  40.0000000000000000  39.6000000000000014  24.6000000000000014  17.6999999999999993  33.0000000000000000   1.0159999999999999E+02   1.9200000000000000E+02
 2  41.2000000000000028  26.6000000000000014  30.6000000000000014  19.5000000000000000  28.0000000000000000  13.0999999999999996  10.4000000000000004  19.0000000000000000  13.8000000000000007   1.1120000000000000E+02  91.9000000000000057  76.2000000000000028  78.0999999999999943  90.0000000000000000  52.0000000000000000  30.6999999999999993  25.8000000000000007  34.7999999999999972  32.6000000000000014  21.0000000000000000  16.1000000000000014  36.0000000000000000  63.2000000000000028   1.7550000000000000E+02
 2  44.0000000000000000  28.3999999999999986  32.0000000000000000  22.5000000000000000  29.6999999999999993  14.9000000000000004  10.9000000000000004  21.0000000000000000  14.8000000000000007   1.2200000000000000E+02   1.0520000000000000E+02  90.2000000000000028  88.5999999999999943   1.0020000000000000E+02  60.7999999999999972  35.7000000000000028  29.3999999999999986  39.2000000000000028  39.1000000000000014  24.5000000000000000  17.8999999999999986  41.0000000000000000  79.0999999999999943   1.7119999999999999E+02
 2  41.7999999999999972  28.5000000000000000  31.6000000000000014  21.6000000000000014  31.5000000000000000  13.3000000000000007  10.3000000000000007  18.8999999999999986  14.3000000000000007   1.1450000000000000E+02  98.2999999999999972  89.4000000000000057  87.4000000000000057  97.7000000000000028  54.7999999999999972  31.0000000000000000  26.0000000000000000  36.3999999999999986  35.6000000000000014  21.6000000000000014  16.6000000000000014  40.0000000000000000  78.9000000000000057   1.8159999999999999E+02
 2  42.8999999999999986  27.5000000000000000  30.3000000000000007  18.8999999999999986  29.6000000000000014  12.5999999999999996  10.4000000000000004  19.1999999999999993  13.8000000000000007   1.0950000000000000E+02  92.5000000000000000  80.9000000000000057  78.5000000000000000  96.0000000000000000  59.0000000000000000  31.5000000000000000  26.3000000000000007  36.1000000000000014  39.0000000000000000  21.1999999999999993  15.5999999999999996  27.0000000000000000  67.7000000000000028   1.6740000000000001E+02
 2  38.7000000000000028  24.6000000000000014  28.5000000000000000  18.3000000000000007  29.8000000000000007  14.0000000000000000  11.1999999999999993  18.8999999999999986  13.5999999999999996   1.1080000000000000E+02  92.5000000000000000  73.5000000000000000  76.4000000000000057  92.0000000000000000  53.1000000000000014  30.6000000000000014  27.1000000000000014  36.0000000000000000  36.0000000000000000  23.8000000000000007  17.5000000000000000  27.0000000000000000  66.0000000000000000   1.8109999999999999E+02
 2  41.3999999999999986  26.3999999999999986  32.2999999999999972  18.6000000000000014  31.3000000000000007  14.9000000000000004  11.5000000000000000  18.8999999999999986  14.5999999999999996   1.1880000000000000E+02   1.0159999999999999E+02  70.9000000000000057  76.7000000000000028  95.2999999999999972  56.0000000000000000  36.0000000000000000  28.6000000000000014  36.0000000000000000  34.0000000000000000  22.0000000000000000  17.0000000000000000  23.0000000000000000  68.2000000000000028   1.7700000000000000E+02
 2  39.6000000000000014  27.5000000000000000  30.1999999999999993  19.1999999999999993  28.8999999999999986  13.5000000000000000  10.4000000000000004  19.3000000000000007  14.1999999999999993   1.0800000000000000E+02  94.5999999999999943  76.0999999999999943  78.0000000000000000  86.2999999999999972  52.3999999999999986  28.6000000000000014  23.8999999999999986  34.5000000000000000  37.8999999999999986  22.6999999999999993  15.8000000000000007  31.0000000000000000  63.8999999999999986   1.7450000000000000E+02
 2  40.5000000000000000  27.5000000000000000  32.2999999999999972  19.3999999999999986  28.8000000000000007  12.5999999999999996  10.5999999999999996  18.3999999999999986  14.0000000000000000   1.1430000000000000E+02  92.5000000000000000  81.0000000000000000  85.2000000000000028  92.5000000000000000  54.7000000000000028  32.2999999999999972  26.8000000000000007  35.7999999999999972  37.6000000000000014  21.1000000000000014  15.8000000000000007  26.0000000000000000  72.0000000000000000   1.7750000000000000E+02
 2  34.1000000000000014  28.1000000000000014  30.1000000000000014  21.8000000000000007  25.8000000000000007  12.9000000000000004   9.9000000000000004  18.6000000000000014  12.3000000000000007   1.0540000000000001E+02  88.2000000000000028  72.0000000000000000  72.0000000000000000  85.5000000000000000  50.2000000000000028  28.6000000000000014  24.8000000000000007  34.8999999999999986  35.1000000000000014  20.1000000000000014  15.4000000000000004  23.0000000000000000  56.7999999999999972   1.7050000000000000E+02
 2  43.5000000000000000  28.8000000000000007  34.0000000000000000  20.6000000000000014  29.0000000000000000  14.3000000000000007  10.5000000000000000  19.8000000000000007  14.1999999999999993   1.1500000000000000E+02  91.0000000000000000  76.7999999999999972  80.0000000000000000  94.5000000000000000  54.6000000000000014  33.2000000000000028  28.0000000000000000  37.5000000000000000  35.6000000000000014  22.1000000000000014  16.3000000000000007  24.0000000000000000  74.5000000000000000   1.8240000000000001E+02
 2  44.1000000000000014  29.1999999999999993  35.2999999999999972  23.6000000000000014  30.8999999999999986  15.8000000000000007  12.5000000000000000  20.1999999999999993  15.1999999999999993   1.1950000000000000E+02   1.0600000000000000E+02  86.0000000000000000  92.0000000000000000   1.0300000000000000E+02  60.6000000000000014  34.0000000000000000  29.8000000000000007  38.7999999999999972  39.5000000000000000  23.6000000000000014  18.0000000000000000  24.0000000000000000  90.9000000000000057   1.9709999999999999E+02
 2  42.2000000000000028  32.6000000000000014  36.6000000000000014  22.3999999999999986  34.5000000000000000  14.0999999999999996  11.0999999999999996  18.1999999999999993  13.9000000000000004   1.3000000000000000E+02   1.1500000000000000E+02  98.5000000000000000   1.0659999999999999E+02   1.1650000000000000E+02  67.7999999999999972  35.7999999999999972  27.1999999999999993  38.0000000000000000  41.2000000000000028  23.3000000000000007  16.0000000000000000  34.0000000000000000  93.0000000000000000   1.8009999999999999E+02
 2  42.2000000000000028  30.1000000000000014  31.3999999999999986  21.1999999999999993  29.6999999999999993  14.0000000000000000  11.5999999999999996  21.6000000000000014  14.0999999999999996   1.1330000000000000E+02   1.0000000000000000E+02  79.0000000000000000  82.5000000000000000  98.5000000000000000  62.1000000000000014  34.0000000000000000  28.8000000000000007  39.6000000000000014  40.7999999999999972  25.8999999999999986  18.0000000000000000  21.0000000000000000  80.9000000000000057   1.7550000000000000E+02
 2  43.0000000000000000  26.5000000000000000  31.6000000000000014  20.6000000000000014  29.5000000000000000  13.4000000000000004  10.4000000000000004  18.8000000000000007  13.5999999999999996   1.1320000000000000E+02  94.7000000000000028  77.5000000000000000  80.5000000000000000  92.0000000000000000  54.2000000000000028  30.8999999999999986  26.6000000000000014  36.5000000000000000  35.7999999999999972  21.3000000000000007  16.5000000000000000  25.0000000000000000  72.7000000000000028   1.8059999999999999E+02
 2  39.7999999999999972  28.6999999999999993  33.2999999999999972  19.3000000000000007  29.1999999999999993  13.5000000000000000  11.5999999999999996  19.5000000000000000  14.5999999999999996   1.0690000000000001E+02  92.5000000000000000  75.2000000000000028  80.2000000000000028  91.5999999999999943  49.6000000000000014  29.1999999999999993  26.1000000000000014  36.2000000000000028  35.7000000000000028  22.1000000000000014  16.6999999999999993  34.0000000000000000  68.0000000000000000   1.8440000000000001E+02
 2  37.7000000000000028  29.6999999999999993  32.7000000000000028  20.1999999999999993  28.8000000000000007  13.3000000000000007  11.0999999999999996  18.3000000000000007  13.1999999999999993   1.1380000000000000E+02  96.7000000000000028  82.0000000000000000  82.2000000000000028  92.7000000000000028  54.6000000000000014  32.0000000000000000  27.1000000000000014  35.6000000000000014  36.3999999999999986  20.6999999999999993  16.1999999999999993  31.0000000000000000  70.9000000000000057   1.7550000000000000E+02
 2  39.6000000000000014  27.8999999999999986  33.2999999999999972  20.1999999999999993  29.5000000000000000  12.5999999999999996  10.6999999999999993  18.5000000000000000  12.9000000000000004   1.1730000000000000E+02  97.4000000000000057  79.5999999999999943  80.7999999999999972  95.0000000000000000  54.2000000000000028  32.6000000000000014  27.3999999999999986  36.5000000000000000  38.0000000000000000  21.6000000000000014  16.6000000000000014  40.0000000000000000  72.5000000000000000   1.8059999999999999E+02
 2  43.2000000000000028  26.3000000000000007  30.5000000000000000  19.6999999999999993  30.6000000000000014  14.4000000000000004  12.3000000000000007  20.1999999999999993  13.5999999999999996   1.2420000000000000E+02   1.0670000000000000E+02  75.2000000000000028  77.7999999999999972  94.5000000000000000  57.3999999999999986  36.7000000000000028  29.8999999999999986  38.1000000000000014  36.0000000000000000  22.6000000000000014  17.3000000000000007  21.0000000000000000  72.5000000000000000   1.7700000000000000E+02
 2  44.2999999999999972  28.1999999999999993  32.2000000000000028  21.1999999999999993  31.8000000000000007  14.1999999999999993  11.5999999999999996  20.0000000000000000  14.4000000000000004   1.2300000000000000E+02   1.0620000000000000E+02  88.5999999999999943  88.2999999999999972   1.0050000000000000E+02  63.3999999999999986  36.8999999999999986  29.3999999999999986  38.3999999999999986  38.6000000000000014  23.1000000000000014  17.3000000000000007  33.0000000000000000  83.4000000000000057   1.7709999999999999E+02
 2  43.2999999999999972  28.1999999999999993  33.0000000000000000  19.3999999999999986  31.6000000000000014  13.8000000000000007  11.0999999999999996  17.8000000000000007  13.1999999999999993   1.1780000000000000E+02   1.0359999999999999E+02  81.5000000000000000  83.2999999999999972  91.7999999999999972  55.0000000000000000  33.0000000000000000  27.8000000000000007  35.3999999999999986  36.5000000000000000  21.8999999999999986  16.3999999999999986  25.0000000000000000  75.5000000000000000   1.8159999999999999E+02
 2  42.7999999999999972  27.5000000000000000  31.5000000000000000  19.1999999999999993  31.8000000000000007  14.0999999999999996  11.0999999999999996  19.1000000000000014  14.6999999999999993   1.1880000000000000E+02  98.2999999999999972  79.9000000000000057  82.4000000000000057  87.5000000000000000  54.3999999999999986  33.5000000000000000  27.3000000000000007  36.7999999999999972  37.8999999999999986  22.3000000000000007  16.6000000000000014  29.0000000000000000  73.0000000000000000   1.7650000000000000E+02
 2  41.5000000000000000  30.0000000000000000  33.3999999999999986  19.1000000000000014  29.3999999999999986  14.8000000000000007  11.0000000000000000  19.8000000000000007  13.8000000000000007   1.1200000000000000E+02  87.7999999999999972  73.5000000000000000  77.5000000000000000  94.9000000000000057  53.5000000000000000  34.2999999999999972  28.5000000000000000  36.5000000000000000  35.2000000000000028  22.0000000000000000  17.0000000000000000  27.0000000000000000  70.2000000000000028   1.7500000000000000E+02
 2  42.0000000000000000  27.6000000000000014  32.2000000000000028  19.6999999999999993  29.3999999999999986  13.9000000000000004  10.0000000000000000  18.6999999999999993  13.8000000000000007   1.1300000000000000E+02  99.7999999999999972  80.2999999999999972  80.7999999999999972  93.0000000000000000  55.3999999999999986  33.2999999999999972  28.0000000000000000  36.0000000000000000  37.7999999999999972  20.3000000000000007  16.5000000000000000  44.0000000000000000  73.4000000000000057   1.7400000000000000E+02
 2  41.2000000000000028  27.1000000000000014  29.8000000000000007  20.1000000000000014  31.0000000000000000  12.9000000000000004  11.5999999999999996  18.8000000000000007  13.5000000000000000   1.1600000000000000E+02   1.0459999999999999E+02  81.5000000000000000  85.0000000000000000  92.0000000000000000  54.1000000000000014  33.0000000000000000  28.0000000000000000  35.1000000000000014  35.2000000000000028  21.1000000000000014  16.3000000000000007  26.0000000000000000  70.5000000000000000   1.6509999999999999E+02
 2  43.7999999999999972  29.5000000000000000  31.1999999999999993  18.1999999999999993  29.5000000000000000  13.0999999999999996  10.3000000000000007  19.1000000000000014  13.1999999999999993   1.1280000000000000E+02  86.5000000000000000  74.0000000000000000  76.5000000000000000  91.2999999999999972  53.5000000000000000  30.5000000000000000  26.1000000000000014  36.6000000000000014  38.6000000000000014  21.1999999999999993  16.0000000000000000  22.0000000000000000  68.9000000000000057   1.7700000000000000E+02
 2  46.2000000000000028  31.0000000000000000  36.0000000000000000  25.0000000000000000  33.1000000000000014  14.5999999999999996  12.0000000000000000  20.8999999999999986  15.0999999999999996   1.2500000000000000E+02   1.1000000000000000E+02   1.0400000000000000E+02  99.0000000000000000   1.1170000000000000E+02  63.2000000000000028  37.5000000000000000  29.0000000000000000  41.2000000000000028  39.2999999999999972  24.6000000000000014  18.6000000000000014  37.0000000000000000   1.0230000000000000E+02   1.9200000000000000E+02
 2  40.3999999999999986  28.6000000000000014  31.3999999999999986  19.8000000000000007  27.6000000000000014  13.9000000000000004  10.0999999999999996  20.0000000000000000  13.4000000000000004   1.0830000000000000E+02  93.2000000000000028  76.2000000000000028  83.7999999999999972  92.7999999999999972  55.2000000000000028  31.1999999999999993  26.1999999999999993  36.7999999999999972  37.7000000000000028  22.6999999999999993  16.1999999999999993  38.0000000000000000  68.4000000000000057   1.7650000000000000E+02
 2  40.7999999999999972  27.1000000000000014  29.3999999999999986  17.8000000000000007  29.3999999999999986  13.3000000000000007  10.4000000000000004  18.5000000000000000  12.8000000000000007   1.0820000000000000E+02  90.0000000000000000  76.5000000000000000  77.7000000000000028  91.2000000000000028  54.2000000000000028  33.1000000000000014  27.1999999999999993  35.5000000000000000  35.2999999999999972  21.5000000000000000  16.1999999999999993  20.0000000000000000  65.9000000000000057   1.6940000000000001E+02
 2  43.8999999999999986  27.0000000000000000  33.5000000000000000  22.3000000000000007  31.0000000000000000  13.1999999999999993  10.4000000000000004  19.1000000000000014  13.0999999999999996   1.1300000000000000E+02  98.4000000000000057  81.0000000000000000  80.5000000000000000  96.2000000000000028  56.0000000000000000  32.0000000000000000  27.3999999999999986  37.0000000000000000  35.5000000000000000  24.0000000000000000  16.5000000000000000  21.0000000000000000  75.7000000000000028   1.8209999999999999E+02
 2  44.2000000000000028  27.8999999999999986  32.0000000000000000  21.6000000000000014  32.8999999999999986  14.3000000000000007  11.0000000000000000  21.1000000000000014  14.9000000000000004   1.1500000000000000E+02   1.0720000000000000E+02  88.7999999999999972  86.7999999999999972   1.0000000000000000E+02  61.0000000000000000  34.6000000000000014  27.8999999999999986  38.0000000000000000  39.3999999999999986  23.1999999999999993  17.0000000000000000  24.0000000000000000  84.5000000000000000   1.7980000000000001E+02
 2  41.6000000000000014  28.0000000000000000  35.0000000000000000  24.1999999999999993  31.0000000000000000  13.4000000000000004  11.1999999999999993  20.6000000000000014  14.4000000000000004   1.2300000000000000E+02   1.0830000000000000E+02  94.0000000000000000  98.0000000000000000   1.0820000000000000E+02  66.7999999999999972  35.6000000000000014  27.3000000000000007  39.5000000000000000  43.0000000000000000  25.3000000000000007  17.6999999999999993  45.0000000000000000  87.7000000000000028   1.7530000000000001E+02
 2  38.1000000000000014  30.1000000000000014  33.2000000000000028  21.6000000000000014  31.3000000000000007  14.1999999999999993  12.3000000000000007  19.1999999999999993  15.1999999999999993   1.2020000000000000E+02   1.0570000000000000E+02  83.4000000000000057  86.5000000000000000   1.0109999999999999E+02  61.2999999999999972  34.7000000000000028  29.3999999999999986  39.3999999999999986  41.7999999999999972  24.0000000000000000  17.8000000000000007  25.0000000000000000  86.4000000000000057   1.8490000000000001E+02
 2  42.0000000000000000  28.0000000000000000  33.0000000000000000  18.1000000000000014  28.3999999999999986  14.3000000000000007  11.0999999999999996  20.1999999999999993  15.1999999999999993   1.1400000000000000E+02  88.5000000000000000  77.0000000000000000  79.0000000000000000  93.0000000000000000  51.7000000000000028  33.5000000000000000  27.8999999999999986  38.3999999999999986  38.5000000000000000  22.5000000000000000  17.5000000000000000  22.0000000000000000  73.2000000000000028   1.7730000000000001E+02
 2  37.0000000000000000  27.3000000000000007  31.1000000000000014  18.1999999999999993  25.0000000000000000  13.1999999999999993  10.5000000000000000  18.6999999999999993  13.4000000000000004   1.0290000000000001E+02  79.2999999999999972  75.4000000000000057  78.0000000000000000  88.5999999999999943  50.0000000000000000  25.6000000000000014  22.6999999999999993  33.7999999999999972  32.5000000000000000  21.1999999999999993  14.5999999999999996  29.0000000000000000  53.8999999999999986   1.6740000000000001E+02
 2  41.6000000000000014  27.5000000000000000  32.0000000000000000  18.1000000000000014  29.5000000000000000  13.8000000000000007  10.6999999999999993  19.0000000000000000  13.9000000000000004   1.1250000000000000E+02  90.9000000000000057  80.2999999999999972  80.7999999999999972  92.7999999999999972  53.8999999999999986  32.5000000000000000  28.0000000000000000  36.5000000000000000  35.0000000000000000  21.0000000000000000  16.3999999999999986  37.0000000000000000  72.0000000000000000   1.7809999999999999E+02
 2  40.1000000000000014  19.3999999999999986  28.0000000000000000  17.1000000000000014  26.8000000000000007  13.0000000000000000  10.5999999999999996  16.8999999999999986  12.5999999999999996   1.0450000000000000E+02  90.2000000000000028  68.0000000000000000  67.0000000000000000  81.5000000000000000  49.5000000000000000  27.0000000000000000  23.6000000000000014  34.0000000000000000  34.5000000000000000  20.8999999999999986  16.0000000000000000  20.0000000000000000  55.5000000000000000   1.6890000000000001E+02
 2  38.7000000000000028  25.1999999999999993  28.8000000000000007  19.1000000000000014  25.6000000000000014  13.0000000000000000  10.1999999999999993  17.8999999999999986  13.5000000000000000   1.1130000000000000E+02  91.5999999999999943  80.5999999999999943  78.0000000000000000  91.2999999999999972  55.0000000000000000  30.6999999999999993  25.3000000000000007  35.5000000000000000  34.0000000000000000  20.8000000000000007  16.3999999999999986  20.0000000000000000  58.3999999999999986   1.5719999999999999E+02
 2  37.3999999999999986  29.8999999999999986  33.5000000000000000  22.3000000000000007  30.8000000000000007  14.4000000000000004  11.5000000000000000  20.5000000000000000  16.8000000000000007   1.1720000000000000E+02   1.0520000000000000E+02  88.5999999999999943  94.7000000000000028  94.7000000000000028  58.2999999999999972  36.8999999999999986  28.8000000000000007  40.2999999999999972  39.7000000000000028  26.3000000000000007  18.1000000000000014  32.0000000000000000  83.2000000000000028   1.8030000000000001E+02
 2  41.7000000000000028  28.0000000000000000  32.8999999999999986  19.3999999999999986  29.6999999999999993  14.5999999999999996  11.0000000000000000  19.5000000000000000  15.3000000000000007   1.1280000000000000E+02  97.0000000000000000  81.0999999999999943  88.2000000000000028  93.9000000000000057  53.5000000000000000  33.7000000000000028  28.6000000000000014  35.0000000000000000  37.2999999999999972  23.1000000000000014  16.6999999999999993  23.0000000000000000  72.7000000000000028   1.7019999999999999E+02
 2  38.0000000000000000  27.1000000000000014  28.3000000000000007  18.1999999999999993  25.8999999999999986  13.8000000000000007  11.0000000000000000  18.8999999999999986  14.8000000000000007   1.0480000000000000E+02  85.2999999999999972  70.7999999999999972  84.9000000000000057  89.4000000000000057  55.7999999999999972  28.6999999999999993  25.5000000000000000  38.5000000000000000  34.2000000000000028  21.3000000000000007  15.5999999999999996  25.0000000000000000  64.0999999999999943   1.7780000000000001E+02
 2  40.5000000000000000  24.8999999999999986  29.6999999999999993  19.0000000000000000  30.1999999999999993  14.4000000000000004  11.8000000000000007  19.5000000000000000  14.9000000000000004   1.1770000000000000E+02  99.5999999999999943  73.2999999999999972  82.0999999999999943  89.2999999999999972  55.3999999999999986  36.2999999999999972  32.5000000000000000  34.2999999999999972  34.2999999999999972  22.3000000000000007  18.3999999999999986  27.0000000000000000  72.2999999999999972   1.7269999999999999E+02
 2  35.6000000000000014  28.5000000000000000  29.3999999999999986  17.6999999999999993  25.1999999999999993  14.0000000000000000  10.8000000000000007  19.1000000000000014  15.0000000000000000   1.0770000000000000E+02  94.2999999999999972  75.9000000000000057  79.0999999999999943  92.5999999999999943  54.3999999999999986  33.2000000000000028  27.8999999999999986  34.7999999999999972  35.5000000000000000  23.0000000000000000  16.3000000000000007  21.0000000000000000  65.0000000000000000   1.6509999999999999E+02
 2  43.6000000000000014  30.1999999999999993  32.3999999999999986  21.8000000000000007  33.1000000000000014  15.1999999999999993  11.3000000000000007  19.8000000000000007  15.1999999999999993   1.2520000000000000E+02   1.1180000000000000E+02  86.2000000000000028  93.5000000000000000  96.2999999999999972  59.1000000000000014  36.2999999999999972  28.0000000000000000  38.2999999999999972  34.7000000000000028  23.0000000000000000  16.1000000000000014  27.0000000000000000  86.4000000000000057   1.8669999999999999E+02
 2  37.6000000000000014  24.3999999999999986  28.3000000000000007  17.6999999999999993  24.6999999999999993  12.9000000000000004  10.8000000000000007  18.0000000000000000  14.3000000000000007   1.0909999999999999E+02  94.2999999999999972  75.0000000000000000  82.2000000000000028  88.0000000000000000  53.7999999999999972  36.2999999999999972  28.8999999999999986  34.5000000000000000  33.5000000000000000  23.0000000000000000  17.1000000000000014  25.0000000000000000  65.0000000000000000   1.6509999999999999E+02
 2  41.1000000000000014  31.6999999999999993  34.2000000000000028  22.8000000000000007  34.0000000000000000  13.8000000000000007  11.8000000000000007  19.3999999999999986  15.4000000000000004   1.2259999999999999E+02   1.0609999999999999E+02   1.0100000000000000E+02  99.7000000000000028   1.0550000000000000E+02  60.2000000000000028  38.6000000000000014  30.3000000000000007  39.5000000000000000  39.3999999999999986  25.6000000000000014  18.3000000000000007  38.0000000000000000  88.5999999999999943   1.7400000000000000E+02
 2  42.1000000000000014  30.6000000000000014  34.0000000000000000  22.1000000000000014  30.6000000000000014  15.0000000000000000  11.4000000000000004  20.1999999999999993  15.4000000000000004   1.1730000000000000E+02   1.0200000000000000E+02  90.0000000000000000  92.2999999999999972   1.0230000000000000E+02  60.0000000000000000  34.6000000000000014  29.6999999999999993  38.2000000000000028  38.2999999999999972  23.6999999999999993  18.0000000000000000  44.0000000000000000  84.0999999999999943   1.7530000000000001E+02
 2  40.5000000000000000  28.3000000000000007  32.3999999999999986  19.3999999999999986  27.8000000000000007  13.4000000000000004  11.0000000000000000  19.0000000000000000  14.5000000000000000   1.0909999999999999E+02  94.7999999999999972  75.0000000000000000  79.5999999999999943  91.5999999999999943  49.3999999999999986  30.0000000000000000  26.5000000000000000  31.6999999999999993  30.1999999999999993  16.3999999999999986  16.1000000000000014  27.0000000000000000  66.7999999999999972   1.8540000000000001E+02
 2  40.8999999999999986  28.5000000000000000  31.3000000000000007  21.1000000000000014  29.6999999999999993  14.3000000000000007  11.6999999999999993  19.0000000000000000  15.5999999999999996   1.1670000000000000E+02   1.0290000000000001E+02  75.9000000000000057  77.0000000000000000  93.4000000000000057  55.0000000000000000  35.2000000000000028  28.6999999999999993  37.0000000000000000  37.7000000000000028  24.5000000000000000  17.3000000000000007  37.0000000000000000  75.5000000000000000   1.7780000000000001E+02
 2  43.0000000000000000  30.6000000000000014  33.7999999999999972  23.3000000000000007  35.2999999999999972  15.5999999999999996  12.0000000000000000  21.6000000000000014  16.3999999999999986   1.2490000000000001E+02   1.1580000000000000E+02  96.0000000000000000  95.9000000000000057   1.0359999999999999E+02  62.2000000000000028  38.2000000000000028  30.1000000000000014  41.2000000000000028  39.3999999999999986  25.1000000000000014  17.6999999999999993  28.0000000000000000  93.2000000000000028   1.8030000000000001E+02
 2  40.5000000000000000  27.8000000000000007  31.1000000000000014  21.8000000000000007  30.6000000000000014  15.0000000000000000  11.5999999999999996  20.3999999999999986  15.1999999999999993   1.1859999999999999E+02   1.0540000000000001E+02  84.0000000000000000  90.4000000000000057  94.7999999999999972  57.6000000000000014  38.7000000000000028  30.1999999999999993  38.6000000000000014  38.2000000000000028  22.8000000000000007  18.1999999999999993  33.0000000000000000  82.7000000000000028   1.8030000000000001E+02
 2  41.8999999999999986  25.3999999999999986  30.1999999999999993  14.4000000000000004  26.8000000000000007  12.5999999999999996   9.8000000000000007  18.8000000000000007  13.5999999999999996   1.0880000000000000E+02  87.0999999999999943  67.0999999999999943  80.4000000000000057  85.9000000000000057  46.7999999999999972  30.3000000000000007  25.3999999999999986  32.7000000000000028  32.1000000000000014  20.0000000000000000  15.3000000000000007  25.0000000000000000  58.0000000000000000   1.7780000000000001E+02
 2  42.1000000000000014  28.5000000000000000  33.1000000000000014  20.1999999999999993  30.6000000000000014  15.5999999999999996  12.1999999999999993  19.6999999999999993  15.5999999999999996   1.2190000000000001E+02   1.0409999999999999E+02  82.5000000000000000  90.0999999999999943  98.4000000000000057  57.7000000000000028  37.8999999999999986  31.6000000000000014  37.7999999999999972  38.2999999999999972  24.6000000000000014  18.1000000000000014  21.0000000000000000  79.5000000000000000   1.7780000000000001E+02
 2  43.7999999999999972  29.1999999999999993  32.6000000000000014  18.6999999999999993  30.3999999999999986  14.5999999999999996  11.6999999999999993  20.0000000000000000  15.1999999999999993   1.1730000000000000E+02  95.7999999999999972  83.7000000000000028  84.2000000000000028  98.4000000000000057  56.2000000000000028  33.7000000000000028  28.0000000000000000  38.0000000000000000  39.6000000000000014  25.8000000000000007  17.6000000000000014  30.0000000000000000  78.5999999999999943   1.7780000000000001E+02
 2  42.1000000000000014  28.5000000000000000  31.6999999999999993  19.3999999999999986  28.0000000000000000  14.0000000000000000  11.3000000000000007  19.0000000000000000  14.4000000000000004   1.1500000000000000E+02  98.5999999999999943  76.7000000000000028  85.7999999999999972  93.2999999999999972  56.0000000000000000  35.7000000000000028  27.6000000000000014  34.7000000000000028  34.6000000000000014  20.6000000000000014  16.0000000000000000  26.0000000000000000  71.7999999999999972   1.7780000000000001E+02
 2  43.3999999999999986  32.0000000000000000  36.2000000000000028  23.5000000000000000  35.6000000000000014  16.1000000000000014  12.5999999999999996  23.0000000000000000  16.3000000000000007   1.3480000000000001E+02   1.1870000000000000E+02   1.0520000000000000E+02   1.0500000000000000E+02   1.1550000000000000E+02  69.9000000000000057  39.3999999999999986  32.1000000000000014  42.2000000000000028  47.7000000000000028  27.0000000000000000  19.1999999999999993  27.0000000000000000   1.1640000000000001E+02   1.7780000000000001E+02
 2  38.7000000000000028  26.8000000000000007  31.5000000000000000  21.3999999999999986  27.8000000000000007  13.8000000000000007  10.8000000000000007  18.1999999999999993  13.3000000000000007   1.1380000000000000E+02   1.0090000000000001E+02  90.5999999999999943  93.2999999999999972  97.7000000000000028  58.0000000000000000  34.7999999999999972  28.0000000000000000  34.1000000000000014  35.7999999999999972  22.1999999999999993  16.3000000000000007  33.0000000000000000  72.2000000000000028   1.6380000000000001E+02
 2  39.6000000000000014  28.6999999999999993  32.3999999999999986  18.1999999999999993  28.3000000000000007  15.1999999999999993  11.8000000000000007  19.6000000000000014  14.8000000000000007   1.1940000000000001E+02  98.5000000000000000  85.7000000000000028  92.9000000000000057  98.5999999999999943  55.5000000000000000  35.2999999999999972  28.6999999999999993  39.2999999999999972  35.8999999999999986  23.0000000000000000  17.3999999999999986  29.0000000000000000  83.5999999999999943   1.8800000000000000E+02
 2  43.3999999999999986  30.6000000000000014  32.8999999999999986  21.6000000000000014  28.3000000000000007  15.0000000000000000  12.0000000000000000  20.5000000000000000  17.1999999999999993   1.1790000000000001E+02  96.9000000000000057  82.5000000000000000  90.7999999999999972  94.9000000000000057  54.3999999999999986  32.7999999999999972  28.6999999999999993  39.2000000000000028  37.0000000000000000  27.5000000000000000  17.8999999999999986  27.0000000000000000  85.5000000000000000   1.9809999999999999E+02
 2  40.5000000000000000  29.6999999999999993  31.6999999999999993  22.1000000000000014  32.6000000000000014  15.1999999999999993  11.3000000000000007  21.1999999999999993  15.1999999999999993   1.2730000000000000E+02   1.1070000000000000E+02  94.7000000000000028  92.0000000000000000   1.0130000000000000E+02  60.1000000000000014  37.2000000000000028  30.8999999999999986  40.5000000000000000  40.0000000000000000  24.1999999999999993  17.6000000000000014  34.0000000000000000  90.9000000000000057   1.7530000000000001E+02
 2  40.2999999999999972  30.3999999999999986  34.2000000000000028  21.1000000000000014  34.0000000000000000  13.5999999999999996  12.0000000000000000  19.1999999999999993  13.8000000000000007   1.1880000000000000E+02   1.0800000000000000E+02   1.0520000000000000E+02   1.0340000000000001E+02   1.0809999999999999E+02  60.5000000000000000  38.0000000000000000  30.1999999999999993  36.8999999999999986  37.7000000000000028  21.6000000000000014  18.3000000000000007  42.0000000000000000  85.9000000000000057   1.6640000000000001E+02
 2  44.2000000000000028  30.6000000000000014  33.7999999999999972  22.1000000000000014  32.3999999999999986  15.3000000000000007  11.5000000000000000  20.8999999999999986  16.5000000000000000   1.2240000000000001E+02   1.0900000000000000E+02  86.0000000000000000  90.2000000000000028  98.0000000000000000  59.5000000000000000  40.0000000000000000  31.1999999999999993  38.2999999999999972  39.0000000000000000  25.8000000000000007  19.5000000000000000  29.0000000000000000  89.0999999999999943   1.9050000000000000E+02
 2  41.2999999999999972  26.8000000000000007  32.2000000000000028  21.3999999999999986  31.1000000000000014  13.5999999999999996  11.0000000000000000  19.1000000000000014  15.0000000000000000   1.1150000000000000E+02   1.0420000000000000E+02  90.9000000000000057  92.7000000000000028   1.0020000000000000E+02  51.7999999999999972  30.1000000000000014  26.8000000000000007  38.1000000000000014  36.3999999999999986  23.1999999999999993  16.3000000000000007  41.0000000000000000  75.0000000000000000   1.6640000000000001E+02
 2  39.7999999999999972  25.6000000000000014  31.3000000000000007  23.5000000000000000  32.0000000000000000  14.0000000000000000  11.1999999999999993  21.1999999999999993  16.3999999999999986   1.1320000000000000E+02   1.0050000000000000E+02  92.4000000000000057  92.4000000000000057  97.0000000000000000  50.8999999999999986  32.8999999999999986  29.0000000000000000  37.7000000000000028  37.7000000000000028  23.3999999999999986  17.0000000000000000  43.0000000000000000  77.7000000000000028   1.7780000000000001E+02
 2  41.2999999999999972  29.0000000000000000  32.2000000000000028  25.1999999999999993  30.8000000000000007  14.4000000000000004  11.0000000000000000  19.6999999999999993  15.8000000000000007   1.1530000000000000E+02   1.0570000000000000E+02  96.5000000000000000  98.2000000000000028  97.4000000000000057  54.2999999999999972  31.8999999999999986  28.5000000000000000  37.7000000000000028  39.2999999999999972  24.5000000000000000  17.1000000000000014  43.0000000000000000  86.4000000000000057   1.7969999999999999E+02
 2  38.8999999999999986  27.5000000000000000  32.8999999999999986  22.5000000000000000  33.2999999999999972  14.5999999999999996  11.0000000000000000  20.5000000000000000  15.3000000000000007   1.2250000000000000E+02   1.1240000000000001E+02  98.4000000000000057   1.0150000000000000E+02   1.0790000000000001E+02  67.4000000000000057  39.2000000000000028  30.5000000000000000  42.6000000000000014  40.7000000000000028  25.3000000000000007  17.5000000000000000  29.0000000000000000  90.9000000000000057   1.7269999999999999E+02
 2  41.1000000000000014  25.6000000000000014  29.8999999999999986  23.3000000000000007  25.1999999999999993  14.0999999999999996  10.6999999999999993  19.0000000000000000  15.0999999999999996   1.1440000000000001E+02  96.2000000000000028  76.7000000000000028  83.5000000000000000  93.9000000000000057  50.3999999999999986  32.1000000000000014  27.6999999999999993  36.1000000000000014  32.8999999999999986  23.1999999999999993  17.0000000000000000  27.0000000000000000  73.5999999999999943   1.9050000000000000E+02
 2  41.5000000000000000  30.6000000000000014  35.7999999999999972  21.1000000000000014  28.0000000000000000  15.0000000000000000  11.8000000000000007  21.0000000000000000  15.5999999999999996   1.1280000000000000E+02  97.5000000000000000  94.7999999999999972  98.2000000000000028  98.5999999999999943  48.2999999999999972  31.1000000000000014  27.0000000000000000  37.7000000000000028  36.7999999999999972  24.6000000000000014  18.3999999999999986  62.0000000000000000  76.4000000000000057   1.8540000000000001E+02
 2  38.5000000000000000  27.8000000000000007  31.6999999999999993  19.6999999999999993  26.3999999999999986  13.0999999999999996  11.0000000000000000  18.3999999999999986  14.8000000000000007   1.1220000000000000E+02  90.9000000000000057  80.0999999999999943  79.7999999999999972  91.2999999999999972  56.2000000000000028  32.8999999999999986  27.1999999999999993  36.2000000000000028  33.0000000000000000  23.0000000000000000  16.8000000000000007  33.0000000000000000  69.0999999999999943   1.6890000000000001E+02
 2  39.3999999999999986  29.6999999999999993  33.1000000000000014  23.0000000000000000  30.3999999999999986  14.1999999999999993  11.5999999999999996  20.3999999999999986  15.0000000000000000   1.1940000000000001E+02   1.0840000000000001E+02  97.4000000000000057   1.0370000000000000E+02   1.0530000000000000E+02  55.6000000000000014  36.6000000000000014  28.3999999999999986  38.2000000000000028  36.6000000000000014  22.8999999999999986  18.1000000000000014  45.0000000000000000  84.5000000000000000   1.6759999999999999E+02
 2  40.8999999999999986  26.1000000000000014  27.5000000000000000  20.1999999999999993  28.0000000000000000  13.1999999999999993  10.4000000000000004  18.6000000000000014  14.8000000000000007   1.0840000000000001E+02  94.2999999999999972  73.7000000000000028  74.5000000000000000  88.2000000000000028  52.2999999999999972  29.6000000000000014  26.1999999999999993  35.2000000000000028  36.2000000000000028  21.1999999999999993  16.1999999999999993  30.0000000000000000  64.5000000000000000   1.7530000000000001E+02
 2  41.1000000000000014  23.0000000000000000  29.3999999999999986  21.8000000000000007  30.6000000000000014  15.0000000000000000  10.8000000000000007  19.3000000000000007  14.5000000000000000   1.2240000000000001E+02   1.0909999999999999E+02  76.0999999999999943  90.0999999999999943  93.2999999999999972  51.7000000000000028  37.0000000000000000  30.6000000000000014  36.7999999999999972  37.7000000000000028  23.6000000000000014  18.5000000000000000  20.0000000000000000  69.0999999999999943   1.7019999999999999E+02
 2  43.6000000000000014  28.0000000000000000  32.3999999999999986  27.5000000000000000  33.5000000000000000  14.5999999999999996  11.6999999999999993  21.3999999999999986  15.0999999999999996   1.2880000000000001E+02   1.1500000000000000E+02  95.5999999999999943   1.0190000000000001E+02   1.0790000000000001E+02  64.5999999999999943  37.1000000000000014  30.0000000000000000  41.7999999999999972  39.6000000000000014  24.6999999999999993  18.1999999999999993  22.0000000000000000   1.0859999999999999E+02   1.9050000000000000E+02
 2  39.7999999999999972  29.0000000000000000  34.8999999999999986  22.5000000000000000  28.3000000000000007  14.3000000000000007  11.6999999999999993  19.8000000000000007  15.4000000000000004   1.1800000000000000E+02   1.0440000000000001E+02   1.0100000000000000E+02  98.9000000000000057   1.0330000000000000E+02  54.3999999999999986  38.1000000000000014  29.8000000000000007  39.7000000000000028  41.7999999999999972  25.0000000000000000  19.6000000000000014  51.0000000000000000  86.4000000000000057   1.7780000000000001E+02
 2  42.1000000000000014  27.8000000000000007  31.6999999999999993  20.1999999999999993  28.6999999999999993  14.3000000000000007  11.5000000000000000  19.6000000000000014  15.5999999999999996   1.1650000000000000E+02   1.0009999999999999E+02  84.5000000000000000  84.5000000000000000  94.4000000000000057  54.7000000000000028  33.8999999999999986  28.6000000000000014  38.5000000000000000  37.6000000000000014  25.0000000000000000  17.6999999999999993  34.0000000000000000  80.9000000000000057   1.9050000000000000E+02
 2  41.1000000000000014  27.1000000000000014  33.7999999999999972  24.8999999999999986  29.3999999999999986  14.4000000000000004  12.4000000000000004  18.0000000000000000  15.0999999999999996   1.2040000000000001E+02   1.0840000000000001E+02  98.0000000000000000   1.0180000000000000E+02   1.0150000000000000E+02  56.8999999999999986  38.2000000000000028  29.8999999999999986  37.7000000000000028  39.2000000000000028  24.8999999999999986  17.6000000000000014  44.0000000000000000  87.7000000000000028   1.7780000000000001E+02
 2  44.2000000000000028  30.3999999999999986  36.5000000000000000  21.6000000000000014  31.5000000000000000  15.4000000000000004  11.5999999999999996  20.3999999999999986  15.4000000000000004   1.2309999999999999E+02   1.0730000000000000E+02   1.0159999999999999E+02   1.0380000000000000E+02   1.1000000000000000E+02  57.7999999999999972  34.8999999999999986  28.8999999999999986  40.2999999999999972  40.0000000000000000  23.6999999999999993  18.1000000000000014  46.0000000000000000  94.5000000000000000   1.8419999999999999E+02
 2  38.8999999999999986  26.8000000000000007  31.5000000000000000  20.3999999999999986  29.0000000000000000  13.5999999999999996  10.8000000000000007  18.8999999999999986  15.1999999999999993   1.1720000000000000E+02   1.0180000000000000E+02  87.7999999999999972  90.2000000000000028  98.4000000000000057  55.6000000000000014  33.1000000000000014  28.3999999999999986  38.2000000000000028  37.7000000000000028  24.5000000000000000  17.1000000000000014  34.0000000000000000  80.2000000000000028   1.7650000000000000E+02
 2  40.1000000000000014  28.6999999999999993  32.2000000000000028  18.0000000000000000  29.3999999999999986  15.1999999999999993  11.8000000000000007  20.6999999999999993  15.4000000000000004   1.1300000000000000E+02  94.5000000000000000  80.0000000000000000  85.0000000000000000  95.0000000000000000  52.0000000000000000  31.5000000000000000  26.5000000000000000  36.8999999999999986  36.3999999999999986  22.8999999999999986  17.0000000000000000  32.0000000000000000  72.0000000000000000   1.7780000000000001E+02
 2  38.7000000000000028  26.8000000000000007  31.5000000000000000  18.0000000000000000  27.8000000000000007  12.9000000000000004  10.4000000000000004  18.0000000000000000  14.3000000000000007   1.0940000000000001E+02  91.7000000000000028  81.7999999999999972  82.9000000000000057  98.2999999999999972  56.2999999999999972  31.0000000000000000  25.6999999999999993  35.0000000000000000  33.0000000000000000  22.0000000000000000  15.5000000000000000  28.0000000000000000  71.4000000000000057   1.8030000000000001E+02
 2  35.6000000000000014  26.3999999999999986  30.8000000000000007  19.1999999999999993  29.3999999999999986  14.5999999999999996  11.5000000000000000  19.6000000000000014  15.3000000000000007   1.0570000000000000E+02  95.9000000000000057  84.4000000000000057  86.7999999999999972  99.0000000000000000  55.0000000000000000  30.5000000000000000  26.3999999999999986  36.1000000000000014  38.3999999999999986  21.3000000000000007  16.3999999999999986  31.0000000000000000  72.7000000000000028   1.7140000000000001E+02
 2  40.5000000000000000  26.8000000000000007  30.6000000000000014  21.3999999999999986  32.3999999999999986  15.0000000000000000  11.8000000000000007  20.3999999999999986  15.8000000000000007   1.1970000000000000E+02   1.1050000000000000E+02  85.0000000000000000  83.5000000000000000  95.7000000000000028  59.0000000000000000  39.2000000000000028  29.8999999999999986  37.8999999999999986  37.7000000000000028  23.8000000000000007  17.1000000000000014  29.0000000000000000  84.0999999999999943   1.7269999999999999E+02
 2  41.1000000000000014  25.3999999999999986  32.0000000000000000  21.6000000000000014  28.6999999999999993  14.3000000000000007  12.4000000000000004  19.6000000000000014  14.3000000000000007   1.1800000000000000E+02   1.0400000000000000E+02  90.0000000000000000  86.0000000000000000  96.0000000000000000  52.5000000000000000  33.5000000000000000  29.1000000000000014  36.0000000000000000  36.8999999999999986  23.0000000000000000  18.0000000000000000  42.0000000000000000  76.7999999999999972   1.7269999999999999E+02
 2  38.7000000000000028  26.1000000000000014  29.1999999999999993  18.1999999999999993  24.8999999999999986  13.5999999999999996  10.4000000000000004  17.6000000000000014  14.1999999999999993   1.0430000000000000E+02  86.7999999999999972  72.9000000000000057  73.4000000000000057  89.5000000000000000  51.0000000000000000  29.8000000000000007  24.8000000000000007  32.6000000000000014  33.1000000000000014  22.1000000000000014  16.3000000000000007  29.0000000000000000  63.6000000000000014   1.7780000000000001E+02
 2  38.8999999999999986  27.1000000000000014  30.3999999999999986  20.3999999999999986  28.6999999999999993  14.8000000000000007  11.6999999999999993  19.3999999999999986  14.5999999999999996   1.1409999999999999E+02   1.0670000000000000E+02  81.0000000000000000  80.2000000000000028  93.7000000000000028  54.7999999999999972  35.5000000000000000  30.6000000000000014  36.8999999999999986  37.2999999999999972  22.6999999999999993  16.8000000000000007  31.0000000000000000  80.9000000000000057   1.7780000000000001E+02
 2  39.3999999999999986  29.6999999999999993  33.1000000000000014  22.3000000000000007  31.5000000000000000  15.5999999999999996  12.0000000000000000  19.5000000000000000  14.8000000000000007   1.1900000000000000E+02   1.0250000000000000E+02  86.5000000000000000  89.0000000000000000  97.0000000000000000  57.0000000000000000  34.0000000000000000  28.3999999999999986  38.0000000000000000  37.0000000000000000  22.5000000000000000  17.3999999999999986  30.0000000000000000  80.9000000000000057   1.8290000000000001E+02
 2  37.6000000000000014  27.8000000000000007  32.2000000000000028  20.1999999999999993  31.3000000000000007  14.5999999999999996  11.0000000000000000  21.5000000000000000  15.8000000000000007   1.1380000000000000E+02   1.0300000000000000E+02  93.9000000000000057  98.5999999999999943   1.0359999999999999E+02  60.5000000000000000  34.3999999999999986  28.5000000000000000  40.8999999999999986  40.7999999999999972  24.6000000000000014  17.1000000000000014  27.0000000000000000  85.5000000000000000   1.7019999999999999E+02
 2  39.7999999999999972  25.8999999999999986  31.3000000000000007  19.3999999999999986  29.1999999999999993  14.3000000000000007  11.1999999999999993  18.6999999999999993  14.3000000000000007   1.1800000000000000E+02  95.0000000000000000  77.0000000000000000  78.0000000000000000  93.0000000000000000  52.0000000000000000  32.6000000000000014  28.3999999999999986  34.3999999999999986  34.3999999999999986  20.0000000000000000  16.5000000000000000  25.0000000000000000  68.5999999999999943   1.6759999999999999E+02
 2  40.2999999999999972  27.3000000000000007  30.3999999999999986  20.3999999999999986  29.0000000000000000  15.0000000000000000  11.3000000000000007  19.1000000000000014  14.5999999999999996   1.1600000000000000E+02  99.0000000000000000  75.0000000000000000  75.0000000000000000  90.0000000000000000  50.6000000000000014  32.0000000000000000  27.3000000000000007  33.7999999999999972  34.0000000000000000  22.0000000000000000  17.0000000000000000  24.0000000000000000  67.7000000000000028   1.7530000000000001E+02
 2  40.2999999999999972  25.1999999999999993  29.1999999999999993  18.6999999999999993  28.5000000000000000  13.1999999999999993  10.1999999999999993  18.8999999999999986  14.3000000000000007   1.0830000000000000E+02  89.7000000000000028  80.5999999999999943  80.7999999999999972  90.0000000000000000  55.5000000000000000  28.8999999999999986  25.0000000000000000  34.6000000000000014  37.3999999999999986  23.0000000000000000  16.3999999999999986  33.0000000000000000  66.4000000000000057   1.6509999999999999E+02
 2  43.7999999999999972  30.3999999999999986  34.8999999999999986  24.0000000000000000  33.2999999999999972  15.4000000000000004  11.5999999999999996  17.8000000000000007  14.5999999999999996   1.2919999999999999E+02   1.1150000000000000E+02   1.0050000000000000E+02   1.0730000000000000E+02   1.0950000000000000E+02  61.7999999999999972  37.3999999999999986  31.6000000000000014  41.0000000000000000  39.7000000000000028  25.3999999999999986  18.3999999999999986  45.0000000000000000   1.0230000000000000E+02   1.8540000000000001E+02
 2  41.1000000000000014  27.8000000000000007  32.8999999999999986  18.0000000000000000  26.8000000000000007  14.5999999999999996  11.1999999999999993  19.5000000000000000  15.8000000000000007   1.0920000000000000E+02  94.0999999999999943  81.2000000000000028  84.0000000000000000  91.5999999999999943  51.5000000000000000  33.0000000000000000  27.0000000000000000  35.2000000000000028  35.5000000000000000  23.1000000000000014  16.3000000000000007  37.0000000000000000  70.5000000000000000   1.8159999999999999E+02
 2  41.7000000000000028  30.6000000000000014  34.7000000000000028  24.8999999999999986  32.0000000000000000  14.9000000000000004  10.8000000000000007  18.8999999999999986  14.0999999999999996   1.2430000000000000E+02   1.1830000000000000E+02   1.0340000000000001E+02   1.0620000000000000E+02   1.0850000000000000E+02  60.5000000000000000  35.3999999999999986  29.6999999999999993  42.2999999999999972  40.7999999999999972  24.8000000000000007  17.1000000000000014  44.0000000000000000  95.9000000000000057   1.7269999999999999E+02
 2  45.3999999999999986  30.8000000000000007  35.6000000000000014  20.8999999999999986  29.6999999999999993  15.1999999999999993  10.8000000000000007  18.6000000000000014  15.0000000000000000   1.2259999999999999E+02   1.0650000000000000E+02  90.2999999999999972   1.0109999999999999E+02   1.0159999999999999E+02  57.2000000000000028  35.3999999999999986  28.6000000000000014  40.3999999999999986  37.7999999999999972  24.8999999999999986  17.8999999999999986  34.0000000000000000  84.0999999999999943   1.9050000000000000E+02
 2  43.0000000000000000  30.8000000000000007  34.7000000000000028  22.1000000000000014  32.2000000000000028  16.0000000000000000  13.1999999999999993  19.5000000000000000  16.1000000000000014   1.2240000000000001E+02   1.1040000000000001E+02  98.0000000000000000  98.0000000000000000  99.5999999999999943  56.7000000000000028  36.3999999999999986  29.1999999999999993  40.8999999999999986  42.1000000000000014  26.1000000000000014  19.5000000000000000  55.0000000000000000  87.2999999999999972   1.7909999999999999E+02
 2  41.1000000000000014  25.3999999999999986  30.3999999999999986  19.1999999999999993  29.8999999999999986  14.8000000000000007  10.5999999999999996  18.6999999999999993  15.1999999999999993   1.1490000000000001E+02   1.0230000000000000E+02  86.5000000000000000  87.7000000000000028  91.9000000000000057  55.0000000000000000  35.0000000000000000  28.8999999999999986  38.2999999999999972  37.7999999999999972  24.0000000000000000  17.3000000000000007  43.0000000000000000  71.7999999999999972   1.7530000000000001E+02
 2  41.1000000000000014  29.1999999999999993  31.5000000000000000  19.6999999999999993  29.8999999999999986  14.8000000000000007  11.0000000000000000  18.0000000000000000  15.0000000000000000   1.1109999999999999E+02  98.5000000000000000  77.9000000000000057  87.2999999999999972  90.7999999999999972  50.7999999999999972  35.0000000000000000  28.3999999999999986  35.5000000000000000  35.0000000000000000  21.0000000000000000  16.6000000000000014  24.0000000000000000  65.9000000000000057   1.7019999999999999E+02
 2  45.2000000000000028  32.2000000000000028  36.0000000000000000  22.5000000000000000  33.5000000000000000  15.8000000000000007  11.3000000000000007  20.5000000000000000  14.8000000000000007   1.2600000000000000E+02   1.1159999999999999E+02  89.0999999999999943  95.0999999999999943   1.0480000000000000E+02  62.7000000000000028  37.8999999999999986  31.1999999999999993  41.1000000000000014  41.2000000000000028  27.6999999999999993  18.1000000000000014  22.0000000000000000  95.9000000000000057   1.9300000000000000E+02
 2  39.7999999999999972  34.7000000000000028  34.7000000000000028  23.5000000000000000  30.1999999999999993  14.8000000000000007  10.5999999999999996  20.6000000000000014  14.3000000000000007   1.1550000000000000E+02   1.0670000000000000E+02  93.9000000000000057   1.1180000000000000E+02   1.1140000000000001E+02  62.7999999999999972  36.2000000000000028  29.6999999999999993  42.7999999999999972  39.2999999999999972  23.5000000000000000  16.8000000000000007  38.0000000000000000  91.4000000000000057   1.7140000000000001E+02
 2  39.6000000000000014  28.6999999999999993  32.0000000000000000  20.1999999999999993  32.8999999999999986  14.3000000000000007  11.5000000000000000  19.6000000000000014  15.0999999999999996   1.2470000000000000E+02   1.1040000000000001E+02  85.2999999999999972  82.9000000000000057  96.5000000000000000  57.0000000000000000  39.0000000000000000  29.8000000000000007  36.7999999999999972  36.0000000000000000  21.6000000000000014  17.3000000000000007  24.0000000000000000  81.7999999999999972   1.7780000000000001E+02
 2  42.2999999999999972  30.1999999999999993  34.3999999999999986  25.3999999999999986  32.2000000000000028  15.1999999999999993  10.6999999999999993  18.8000000000000007  14.8000000000000007   1.2530000000000000E+02   1.1400000000000000E+02  98.5000000000000000   1.0380000000000000E+02   1.0809999999999999E+02  61.2999999999999972  37.2000000000000028  31.3999999999999986  41.8999999999999986  42.1000000000000014  26.3999999999999986  17.8999999999999986  29.0000000000000000  96.7999999999999972   1.7780000000000001E+02
 2  40.8999999999999986  29.0000000000000000  32.2000000000000028  20.1999999999999993  29.1999999999999993  13.8000000000000007  10.4000000000000004  18.3999999999999986  14.4000000000000004   1.1820000000000000E+02   1.0180000000000000E+02  79.5000000000000000  90.0999999999999943  95.2999999999999972  54.7999999999999972  34.2000000000000028  28.5000000000000000  36.6000000000000014  36.2000000000000028  22.8000000000000007  17.3000000000000007  25.0000000000000000  69.0999999999999943   1.6759999999999999E+02
 2  39.7999999999999972  28.0000000000000000  34.2000000000000028  23.3000000000000007  31.5000000000000000  14.0000000000000000  11.0000000000000000  19.6999999999999993  13.8000000000000007   1.2430000000000000E+02   1.0959999999999999E+02  94.9000000000000057  94.7000000000000028   1.0430000000000000E+02  59.0000000000000000  35.8999999999999986  27.8000000000000007  37.7000000000000028  36.7999999999999972  23.1999999999999993  16.5000000000000000  37.0000000000000000  82.7000000000000028   1.6759999999999999E+02
 2  42.2999999999999972  27.1000000000000014  31.6999999999999993  17.3000000000000007  29.3999999999999986  14.4000000000000004  11.5999999999999996  21.1999999999999993  15.8000000000000007   1.1830000000000000E+02   1.0070000000000000E+02  76.5000000000000000  87.2000000000000028  96.2999999999999972  54.2000000000000028  33.7999999999999972  27.6999999999999993  36.3999999999999986  38.2000000000000028  23.8000000000000007  18.1999999999999993  30.0000000000000000  75.5000000000000000   1.8030000000000001E+02
 2  42.2999999999999972  26.8000000000000007  32.0000000000000000  25.3999999999999986  28.6999999999999993  15.0000000000000000  11.1999999999999993  18.3999999999999986  14.4000000000000004   1.2230000000000000E+02   1.0430000000000000E+02  88.4000000000000057  89.5999999999999943  98.7999999999999972  54.7999999999999972  35.5000000000000000  29.6999999999999993  37.7000000000000028  37.0000000000000000  23.6999999999999993  18.3000000000000007  26.0000000000000000  79.5000000000000000   1.8290000000000001E+02
 2  40.5000000000000000  28.6999999999999993  30.3999999999999986  22.1000000000000014  29.1999999999999993  14.3000000000000007  11.1999999999999993  18.5000000000000000  14.5000000000000000   1.1650000000000000E+02   1.0420000000000000E+02  84.2000000000000028  84.0000000000000000  93.2000000000000028  55.0000000000000000  33.0000000000000000  25.3999999999999986  35.6000000000000014  36.3999999999999986  22.8000000000000007  15.9000000000000004  35.0000000000000000  73.5999999999999943   1.7650000000000000E+02
 2  42.7000000000000028  28.5000000000000000  36.7000000000000028  23.6999999999999993  30.8000000000000007  15.8000000000000007  12.9000000000000004  19.3000000000000007  16.0000000000000000   1.2300000000000000E+02   1.0740000000000001E+02  87.5999999999999943  89.4000000000000057   1.0670000000000000E+02  60.8999999999999986  38.2999999999999972  31.1999999999999993  39.0000000000000000  42.6000000000000014  25.8000000000000007  18.8000000000000007  29.0000000000000000  91.7999999999999972   1.8669999999999999E+02
 2  43.6000000000000014  30.8000000000000007  33.2999999999999972  20.3999999999999986  29.6999999999999993  14.3000000000000007  10.9000000000000004  19.6000000000000014  15.4000000000000004   1.1759999999999999E+02   1.0100000000000000E+02  83.7000000000000028  91.0999999999999943  99.9000000000000057  56.7999999999999972  33.5000000000000000  27.6999999999999993  38.7000000000000028  41.7999999999999972  29.3000000000000007  18.0000000000000000  30.0000000000000000  84.0999999999999943   1.8800000000000000E+02
 2  42.5000000000000000  31.3000000000000007  33.1000000000000014  19.3999999999999986  32.0000000000000000  14.8000000000000007  11.3000000000000007  20.1000000000000014  15.5000000000000000   1.1750000000000000E+02   1.0300000000000000E+02  92.0999999999999943  91.2999999999999972   1.0380000000000000E+02  56.6000000000000014  33.2999999999999972  27.6999999999999993  37.1000000000000014  37.3999999999999986  22.6000000000000014  17.1000000000000014  37.0000000000000000  85.9000000000000057   1.8800000000000000E+02
 2  41.2999999999999972  30.8000000000000007  33.2999999999999972  22.5000000000000000  28.3000000000000007  13.0000000000000000  10.5000000000000000  19.6999999999999993  13.4000000000000004   1.1730000000000000E+02   1.0720000000000000E+02  89.9000000000000057  94.7000000000000028   1.0709999999999999E+02  59.2000000000000028  35.2999999999999972  26.8999999999999986  36.6000000000000014  32.2999999999999972  22.0000000000000000  17.1000000000000014  34.0000000000000000  81.7999999999999972   1.7780000000000001E+02
 2  41.2999999999999972  24.6999999999999993  35.3999999999999986  22.5000000000000000  30.1999999999999993  14.8000000000000007  11.3000000000000007  20.3999999999999986  16.0000000000000000   1.1450000000000000E+02  99.0000000000000000  88.7000000000000028  91.0000000000000000   1.0000000000000000E+02  57.5000000000000000  34.0000000000000000  28.3000000000000007  40.8999999999999986  38.7999999999999972  26.3999999999999986  18.1000000000000014  28.0000000000000000  82.5000000000000000   1.7400000000000000E+02
 2  42.2999999999999972  26.6000000000000014  33.2999999999999972  23.3000000000000007  28.6999999999999993  14.1999999999999993  11.0999999999999996  19.5000000000000000  14.3000000000000007   1.2290000000000001E+02   1.0030000000000000E+02  83.9000000000000057  89.4000000000000057   1.0390000000000001E+02  59.7999999999999972  36.1000000000000014  29.3999999999999986  37.0000000000000000  36.5000000000000000  24.3000000000000007  18.6999999999999993  27.0000000000000000  80.5000000000000000   1.7780000000000001E+02
 2  36.8999999999999986  25.8999999999999986  31.6999999999999993  19.8999999999999986  27.3000000000000007  14.8000000000000007  10.5999999999999996  19.3999999999999986  14.3000000000000007   1.1550000000000000E+02   1.0020000000000000E+02  79.5000000000000000  88.7000000000000028  95.2999999999999972  52.5000000000000000  34.6000000000000014  25.8000000000000007  35.6000000000000014  35.1000000000000014  21.8000000000000007  16.3000000000000007  32.0000000000000000  70.0000000000000000   1.7140000000000001E+02
 2  40.2999999999999972  28.5000000000000000  35.1000000000000014  19.1999999999999993  32.0000000000000000  14.8000000000000007  12.0000000000000000  21.1999999999999993  16.1999999999999993   1.1609999999999999E+02  99.7999999999999972  84.5000000000000000  92.5999999999999943  99.5000000000000000  59.2000000000000028  34.2999999999999972  29.0000000000000000  36.5000000000000000  38.5000000000000000  24.5000000000000000  17.3000000000000007  28.0000000000000000  81.7999999999999972   1.8540000000000001E+02
 2  40.1000000000000014  26.3999999999999986  32.0000000000000000  21.3999999999999986  32.6000000000000014  14.8000000000000007  12.0000000000000000  20.0000000000000000  15.1999999999999993   1.2159999999999999E+02   1.0750000000000000E+02  89.2000000000000028  88.4000000000000057   1.0700000000000000E+02  56.8999999999999986  35.6000000000000014  28.5000000000000000  37.0000000000000000  37.6000000000000014  23.0000000000000000  17.5000000000000000  22.0000000000000000  84.0999999999999943   1.8540000000000001E+02
 2  43.2000000000000028  31.3000000000000007  34.0000000000000000  23.0000000000000000  32.6000000000000014  15.6999999999999993  11.5000000000000000  20.5000000000000000  15.1999999999999993   1.3159999999999999E+02   1.1009999999999999E+02  90.7000000000000028  91.9000000000000057   1.0170000000000000E+02  58.0000000000000000  36.7999999999999972  29.0000000000000000  36.8999999999999986  38.8999999999999986  24.1999999999999993  17.8999999999999986  44.0000000000000000  90.5000000000000000   1.8800000000000000E+02
 2  45.0000000000000000  29.0000000000000000  33.2999999999999972  25.3999999999999986  30.8000000000000007  15.4000000000000004  11.0000000000000000  18.8000000000000007  15.0000000000000000   1.2450000000000000E+02   1.0700000000000000E+02  88.7999999999999972  97.5000000000000000   1.0380000000000000E+02  61.0000000000000000  36.7000000000000028  28.6000000000000014  38.3999999999999986  39.5000000000000000  24.3999999999999986  16.8000000000000007  25.0000000000000000  91.4000000000000057   1.8800000000000000E+02
 2  42.1000000000000014  29.6999999999999993  35.6000000000000014  23.5000000000000000  31.3000000000000007  14.3000000000000007  11.0000000000000000  18.1999999999999993  14.8000000000000007   1.1559999999999999E+02   1.0559999999999999E+02   1.0359999999999999E+02   1.0070000000000000E+02   1.0059999999999999E+02  55.2999999999999972  33.6000000000000014  26.8999999999999986  37.7999999999999972  37.8999999999999986  23.8999999999999986  17.1000000000000014  49.0000000000000000  89.0999999999999943   1.8290000000000001E+02
 2  40.8999999999999986  28.6999999999999993  33.5000000000000000  23.6999999999999993  30.1999999999999993  15.8000000000000007  11.5999999999999996  19.3000000000000007  16.8000000000000007   1.1700000000000000E+02   1.0359999999999999E+02  98.5000000000000000  99.9000000000000057   1.0359999999999999E+02  57.5000000000000000  33.7000000000000028  29.0000000000000000  38.7000000000000028  36.7000000000000028  24.3000000000000007  17.6999999999999993  54.0000000000000000  85.0000000000000000   1.7650000000000000E+02
 2  41.2999999999999972  27.3000000000000007  32.2000000000000028  20.1999999999999993  28.3000000000000007  13.8000000000000007  11.4000000000000004  18.0000000000000000  13.0000000000000000   1.0859999999999999E+02  97.0999999999999943  82.9000000000000057  88.0999999999999943  91.2000000000000028  51.7000000000000028  30.6999999999999993  25.6999999999999993  33.8999999999999986  33.3999999999999986  21.1999999999999993  16.6999999999999993  49.0000000000000000  69.0999999999999943   1.7530000000000001E+02
 2  42.1000000000000014  29.6999999999999993  32.8999999999999986  24.8999999999999986  30.8000000000000007  15.3000000000000007  11.5000000000000000  19.1999999999999993  14.5999999999999996   1.2020000000000000E+02   1.0980000000000000E+02  90.5000000000000000  92.2999999999999972  95.2000000000000028  52.3999999999999986  35.7999999999999972  28.6999999999999993  32.5000000000000000  36.5000000000000000  23.6999999999999993  17.5000000000000000  60.0000000000000000  73.5999999999999943   1.7530000000000001E+02
 2  45.2000000000000028  29.6999999999999993  33.7999999999999972  19.8999999999999986  32.0000000000000000  15.5000000000000000  11.8000000000000007  19.6000000000000014  16.1000000000000014   1.1620000000000000E+02   1.0330000000000000E+02  84.5000000000000000  94.5000000000000000  98.2000000000000028  53.7000000000000028  32.5000000000000000  27.8000000000000007  36.0000000000000000  36.2999999999999972  22.0000000000000000  17.6999999999999993  42.0000000000000000  80.5000000000000000   1.8800000000000000E+02
 2  42.1000000000000014  31.1000000000000014  34.8999999999999986  22.1000000000000014  31.3000000000000007  15.1999999999999993  11.0000000000000000  19.0000000000000000  14.4000000000000004   1.1540000000000001E+02   1.0370000000000000E+02  86.0000000000000000  93.7999999999999972  97.0999999999999943  53.1000000000000014  33.8999999999999986  27.3000000000000007  35.7000000000000028  36.6000000000000014  22.6000000000000014  17.5000000000000000  52.0000000000000000  82.7000000000000028   1.8800000000000000E+02
 2  41.2000000000000028  29.8000000000000007  32.2000000000000028  22.3999999999999986  29.8000000000000007  15.5999999999999996  11.1999999999999993  19.6000000000000014  14.8000000000000007   1.2000000000000000E+02   1.0850000000000000E+02  84.2000000000000028  88.9000000000000057  97.5000000000000000  58.7999999999999972  36.6000000000000014  29.8999999999999986  34.2000000000000028  34.7999999999999972  22.0000000000000000  18.1000000000000014  23.0000000000000000  86.4000000000000057   1.7530000000000001E+02
 2  41.7000000000000028  29.1999999999999993  33.7999999999999972  19.1999999999999993  29.6999999999999993  13.8000000000000007  10.6999999999999993  18.6000000000000014  14.1999999999999993   1.1030000000000000E+02  97.7999999999999972  85.7000000000000028  89.5000000000000000  94.9000000000000057  51.7000000000000028  32.2000000000000028  26.3999999999999986  34.3999999999999986  32.6000000000000014  22.0000000000000000  16.3999999999999986  33.0000000000000000  67.7000000000000028   1.7050000000000000E+02
 2  43.0000000000000000  29.3999999999999986  33.7999999999999972  24.6999999999999993  31.5000000000000000  14.1999999999999993  11.1999999999999993  19.3999999999999986  14.1999999999999993   1.1970000000000000E+02   1.1270000000000000E+02   1.1209999999999999E+02   1.0590000000000001E+02   1.0630000000000000E+02  56.8999999999999986  35.7000000000000028  27.8000000000000007  37.2999999999999972  36.6000000000000014  22.6999999999999993  16.3999999999999986  46.0000000000000000  92.7000000000000028   1.7909999999999999E+02
 2  41.7000000000000028  28.5000000000000000  33.7999999999999972  23.5000000000000000  32.8999999999999986  15.5999999999999996  12.0000000000000000  18.3999999999999986  16.3000000000000007   1.2350000000000000E+02   1.1140000000000001E+02  99.7000000000000028   1.0290000000000001E+02   1.0580000000000000E+02  57.7999999999999972  36.5000000000000000  30.5000000000000000  39.0000000000000000  41.2000000000000028  25.6999999999999993  18.8000000000000007  43.0000000000000000  93.5999999999999943   1.7780000000000001E+02
 2  38.0000000000000000  29.6999999999999993  34.0000000000000000  22.8000000000000007  27.3000000000000007  13.0999999999999996  10.8000000000000007  17.3000000000000007  15.5000000000000000   1.0780000000000000E+02  95.0999999999999943  84.7000000000000028  92.9000000000000057  96.7000000000000028  54.6000000000000014  32.7999999999999972  25.3000000000000007  36.6000000000000014  35.0000000000000000  23.5000000000000000  17.1000000000000014  56.0000000000000000  70.9000000000000057   1.7530000000000001E+02
 2  41.8999999999999986  27.8000000000000007  33.2999999999999972  19.0000000000000000  28.6999999999999993  15.0999999999999996  11.3000000000000007  19.1999999999999993  14.9000000000000004   1.1870000000000000E+02   1.0020000000000000E+02  80.2999999999999972  92.4000000000000057  96.4000000000000057  53.7999999999999972  35.7000000000000028  29.1999999999999993  38.3999999999999986  37.0000000000000000  25.6000000000000014  17.8999999999999986  21.0000000000000000  75.0000000000000000   1.8290000000000001E+02
 2  40.7000000000000028  28.0000000000000000  35.2999999999999972  19.3999999999999986  31.6999999999999993  14.4000000000000004  10.6999999999999993  18.6000000000000014  14.4000000000000004   1.2070000000000000E+02   1.0630000000000000E+02  98.5999999999999943   1.1170000000000000E+02   1.1870000000000000E+02  70.0000000000000000  37.1000000000000014  27.8000000000000007  37.5000000000000000  39.2000000000000028  25.6999999999999993  15.9000000000000004  18.0000000000000000  93.2000000000000028   1.7080000000000001E+02
 2  41.2999999999999972  29.6999999999999993  34.7000000000000028  22.8000000000000007  32.0000000000000000  15.5000000000000000  11.1999999999999993  18.3999999999999986  15.5999999999999996   1.1870000000000000E+02   1.0950000000000000E+02  90.0000000000000000  96.2000000000000028   1.0430000000000000E+02  63.5000000000000000  39.3999999999999986  29.8999999999999986  37.3999999999999986  37.2999999999999972  24.3000000000000007  17.1999999999999993  21.0000000000000000  93.2000000000000028   1.8800000000000000E+02
 2  40.8999999999999986  28.6999999999999993  32.8999999999999986  21.6000000000000014  30.6000000000000014  15.0000000000000000  11.0000000000000000  18.6999999999999993  13.8000000000000007   1.1800000000000000E+02   1.0630000000000000E+02  86.5999999999999943  93.9000000000000057  95.9000000000000057  53.6000000000000014  34.3999999999999986  28.6000000000000014  35.0000000000000000  34.1000000000000014  21.6999999999999993  17.1000000000000014  45.0000000000000000  77.7000000000000028   1.8030000000000001E+02
 2  41.7000000000000028  26.8000000000000007  32.0000000000000000  19.6999999999999993  27.8000000000000007  14.0000000000000000  10.5000000000000000  18.3999999999999986  14.5999999999999996   1.0500000000000000E+02  91.5000000000000000  80.2000000000000028  85.7000000000000028  89.2000000000000028  48.5000000000000000  28.6999999999999993  25.0000000000000000  35.3999999999999986  32.2999999999999972  23.0000000000000000  16.1999999999999993  22.0000000000000000  61.3999999999999986   1.7780000000000001E+02
 2  41.2999999999999972  31.1000000000000014  34.8999999999999986  26.3999999999999986  30.1999999999999993  15.0000000000000000  11.5999999999999996  18.8000000000000007  15.8000000000000007   1.1059999999999999E+02   1.0490000000000001E+02   1.0920000000000000E+02   1.0440000000000001E+02   1.0170000000000000E+02  56.3999999999999986  34.0000000000000000  29.1999999999999993  39.2999999999999972  38.5000000000000000  24.3000000000000007  17.3999999999999986  55.0000000000000000  94.0999999999999943   1.8540000000000001E+02
 2  41.1000000000000014  27.8000000000000007  32.0000000000000000  21.1000000000000014  30.6000000000000014  14.8000000000000007  11.4000000000000004  17.6000000000000014  14.1999999999999993   1.2309999999999999E+02   1.0959999999999999E+02  88.4000000000000057  92.0000000000000000  95.0999999999999943  52.5000000000000000  39.3999999999999986  29.8000000000000007  34.5000000000000000  34.0000000000000000  22.0000000000000000  17.0000000000000000  42.0000000000000000  75.0000000000000000   1.6890000000000001E+02
 2  43.3999999999999986  27.3000000000000007  34.7000000000000028  19.8999999999999986  31.3000000000000007  14.0000000000000000  11.1999999999999993  20.1999999999999993  14.3000000000000007   1.2100000000000000E+02   1.0250000000000000E+02  81.0000000000000000  84.5000000000000000   1.0500000000000000E+02  56.0000000000000000  31.5000000000000000  26.5000000000000000  38.5000000000000000  36.8999999999999986  21.3000000000000007  16.6000000000000014  29.0000000000000000  83.5999999999999943   1.8540000000000001E+02
 2  40.7000000000000028  27.8000000000000007  34.0000000000000000  21.1000000000000014  29.3999999999999986  15.5999999999999996  12.0000000000000000  21.1999999999999993  16.3999999999999986   1.1170000000000000E+02   1.0120000000000000E+02  88.7999999999999972  90.7999999999999972   1.0130000000000000E+02  62.5000000000000000  35.2000000000000028  28.8999999999999986  40.6000000000000014  39.2000000000000028  23.0000000000000000  17.5000000000000000  40.0000000000000000  85.5000000000000000   1.8030000000000001E+02
 2  42.5000000000000000  25.1999999999999993  30.6000000000000014  20.8999999999999986  30.3999999999999986  15.3000000000000007  11.4000000000000004  18.8999999999999986  13.8000000000000007   1.1100000000000000E+02  98.7000000000000028  78.0999999999999943  78.5999999999999943  92.0000000000000000  56.5000000000000000  35.7000000000000028  29.1999999999999993  36.3999999999999986  37.0000000000000000  22.0000000000000000  17.1999999999999993  24.0000000000000000  73.9000000000000057   1.7400000000000000E+02
 2  40.2999999999999972  28.3000000000000007  30.6000000000000014  18.1999999999999993  29.1999999999999993  12.9000000000000004  10.5999999999999996  20.1999999999999993  14.1999999999999993   1.1200000000000000E+02  96.0000000000000000  81.5000000000000000  80.5000000000000000  89.5000000000000000  52.0000000000000000  30.3000000000000007  25.0000000000000000  36.0000000000000000  35.0000000000000000  22.3999999999999986  16.6999999999999993  62.0000000000000000  66.7999999999999972   1.6759999999999999E+02
 2  39.7999999999999972  27.8000000000000007  32.8999999999999986  22.3000000000000007  29.6999999999999993  16.6000000000000014  11.8000000000000007  20.8000000000000007  15.3000000000000007   1.1590000000000001E+02   1.0420000000000000E+02  87.5999999999999943  89.5999999999999943   1.0050000000000000E+02  60.7000000000000028  36.5000000000000000  31.1000000000000014  40.7000000000000028  38.3999999999999986  22.8999999999999986  17.8999999999999986  26.0000000000000000  87.2999999999999972   1.8290000000000001E+02
 2  39.7999999999999972  28.3000000000000007  30.3999999999999986  19.6999999999999993  30.1999999999999993  12.9000000000000004  11.0000000000000000  18.6000000000000014  12.6999999999999993   1.2100000000000000E+02   1.0300000000000000E+02  92.5000000000000000  88.5000000000000000  94.0000000000000000  55.0000000000000000  36.0000000000000000  28.0000000000000000  36.5000000000000000  37.0000000000000000  21.8000000000000007  17.5000000000000000  35.0000000000000000  72.2999999999999972   1.6000000000000000E+02
 2  40.5000000000000000  29.8999999999999986  34.8999999999999986  21.3999999999999986  32.8999999999999986  14.5000000000000000  11.6999999999999993  20.3999999999999986  15.0000000000000000   1.2359999999999999E+02   1.0700000000000000E+02  97.0000000000000000  95.5000000000000000   1.0450000000000000E+02  56.6000000000000014  34.3999999999999986  28.8999999999999986  40.0000000000000000  38.5000000000000000  24.0000000000000000  17.0000000000000000  37.0000000000000000  88.5999999999999943   1.8030000000000001E+02
 2  41.1000000000000014  26.8000000000000007  32.3999999999999986  20.1999999999999993  31.1000000000000014  14.4000000000000004  11.8000000000000007  20.3999999999999986  15.1999999999999993   1.2000000000000000E+02   1.0100000000000000E+02  82.0000000000000000  82.0000000000000000  98.0000000000000000  59.0000000000000000  35.3999999999999986  29.0000000000000000  38.0000000000000000  42.0000000000000000  23.6000000000000014  17.5000000000000000  34.0000000000000000  75.5000000000000000   1.6759999999999999E+02
 2  42.5000000000000000  29.3999999999999986  34.2000000000000028  23.5000000000000000  34.7000000000000028  15.0999999999999996  11.8000000000000007  21.8000000000000007  15.8000000000000007   1.2869999999999999E+02   1.1209999999999999E+02  99.5000000000000000  97.7999999999999972   1.0740000000000001E+02  60.5000000000000000  35.5000000000000000  28.8000000000000007  42.8999999999999986  38.7000000000000028  25.6999999999999993  17.1000000000000014  25.0000000000000000   1.0140000000000001E+02   1.8669999999999999E+02
 2  42.5000000000000000  29.3999999999999986  34.3999999999999986  19.8999999999999986  34.0000000000000000  14.5000000000000000  11.0000000000000000  21.3000000000000007  14.4000000000000004   1.2450000000000000E+02   1.0340000000000001E+02  93.7999999999999972  92.7000000000000028   1.1220000000000000E+02  66.2000000000000028  34.7999999999999972  30.1000000000000014  45.7000000000000028  43.6000000000000014  26.8999999999999986  17.0000000000000000  30.0000000000000000  91.0999999999999943   1.7530000000000001E+02
 2  38.5000000000000000  24.3999999999999986  30.3999999999999986  18.0000000000000000  29.8999999999999986  14.3000000000000007  10.0999999999999996  18.3000000000000007  13.1999999999999993   1.1240000000000001E+02   1.0030000000000000E+02  79.0999999999999943  80.4000000000000057  94.2999999999999972  51.0000000000000000  32.6000000000000014  27.1999999999999993  36.1000000000000014  32.7000000000000028  22.5000000000000000  17.8999999999999986  32.0000000000000000  67.2999999999999972   1.7530000000000001E+02
 2  43.7999999999999972  29.1999999999999993  35.6000000000000014  19.8999999999999986  28.3000000000000007  14.8000000000000007  12.8000000000000007  20.6999999999999993  14.3000000000000007   1.1220000000000000E+02  95.7000000000000028  85.7999999999999972  94.7000000000000028   1.0680000000000000E+02  60.6000000000000014  33.6000000000000014  27.3000000000000007  37.5000000000000000  41.7999999999999972  26.1999999999999993  17.8000000000000007  27.0000000000000000  77.7000000000000028   1.7590000000000001E+02
 2  41.5000000000000000  29.0000000000000000  33.2999999999999972  21.3999999999999986  32.3999999999999986  15.3000000000000007  11.0000000000000000  20.6000000000000014  15.0000000000000000   1.2700000000000000E+02   1.0800000000000000E+02  90.7999999999999972  92.4000000000000057   1.0030000000000000E+02  56.5000000000000000  36.7999999999999972  29.3000000000000007  37.5000000000000000  36.2999999999999972  23.3999999999999986  16.6999999999999993  42.0000000000000000  81.7999999999999972   1.7530000000000001E+02
 2  40.2999999999999972  27.8000000000000007  33.5000000000000000  20.6000000000000014  29.8999999999999986  15.3000000000000007  11.1999999999999993  20.3999999999999986  13.8000000000000007   1.1530000000000000E+02   1.0100000000000000E+02  85.4000000000000057  86.9000000000000057   1.0180000000000000E+02  57.0000000000000000  34.0000000000000000  27.1000000000000014  39.3999999999999986  37.1000000000000014  23.6999999999999993  16.6000000000000014  44.0000000000000000  75.5000000000000000   1.7909999999999999E+02
 2  40.2999999999999972  30.1999999999999993  32.2000000000000028  20.6000000000000014  29.1999999999999993  14.5000000000000000  11.5000000000000000  20.0000000000000000  16.8999999999999986   1.1150000000000000E+02  98.5999999999999943  91.5999999999999943   1.0209999999999999E+02   1.0670000000000000E+02  57.7999999999999972  32.2999999999999972  27.8999999999999986  41.7999999999999972  41.5000000000000000  27.6999999999999993  18.1000000000000014  46.0000000000000000  84.5000000000000000   1.8159999999999999E+02
 2  42.1000000000000014  27.1000000000000014  32.2000000000000028  20.1999999999999993  30.6000000000000014  13.6999999999999993  10.8000000000000007  18.8999999999999986  14.3000000000000007   1.1830000000000000E+02   1.0159999999999999E+02  79.7000000000000028  82.0000000000000000  98.4000000000000057  58.1000000000000014  36.5000000000000000  31.0000000000000000  38.0000000000000000  38.1000000000000014  25.3000000000000007  17.6999999999999993  19.0000000000000000  76.5999999999999943   1.7780000000000001E+02
 2  42.1000000000000014  31.3000000000000007  35.1000000000000014  20.6000000000000014  31.1000000000000014  16.6999999999999993  12.0000000000000000  21.0000000000000000  15.0999999999999996   1.1800000000000000E+02  99.0000000000000000  86.0999999999999943  90.7999999999999972   1.0130000000000000E+02  56.0000000000000000  33.5000000000000000  28.3000000000000007  37.7000000000000028  38.2999999999999972  25.1999999999999993  17.3999999999999986  43.0000000000000000  85.0000000000000000   1.8290000000000001E+02
 2  38.8999999999999986  29.3999999999999986  33.2999999999999972  24.1999999999999993  33.5000000000000000  14.1999999999999993  12.8000000000000007  20.6000000000000014  15.5000000000000000   1.2700000000000000E+02   1.1670000000000000E+02   1.1320000000000000E+02   1.0290000000000001E+02   1.0790000000000001E+02  57.7000000000000028  37.3999999999999986  28.8999999999999986  37.7999999999999972  37.3999999999999986  24.1000000000000014  17.1000000000000014  28.0000000000000000   1.0250000000000000E+02   1.7780000000000001E+02
 2  44.3999999999999986  24.0000000000000000  30.1999999999999993  20.6000000000000014  32.0000000000000000  14.1999999999999993  11.1999999999999993  20.1999999999999993  14.5000000000000000   1.2440000000000001E+02   1.0500000000000000E+02  79.5000000000000000  85.7999999999999972  92.7000000000000028  51.7999999999999972  36.2000000000000028  27.0000000000000000  33.8999999999999986  28.8999999999999986  20.3000000000000007  15.8000000000000007  39.0000000000000000  77.2999999999999972   1.8419999999999999E+02
 2  40.8999999999999986  24.3999999999999986  28.6999999999999993  18.6999999999999993  29.0000000000000000  14.3000000000000007  11.4000000000000004  17.8000000000000007  14.5999999999999996   1.1240000000000001E+02  95.0999999999999943  85.4000000000000057  84.0999999999999943  94.2999999999999972  52.7000000000000028  31.1999999999999993  25.8999999999999986  37.3999999999999986  34.3999999999999986  24.5000000000000000  17.1000000000000014  30.0000000000000000  71.7999999999999972   1.7909999999999999E+02
 2  42.1000000000000014  28.6999999999999993  33.5000000000000000  25.1999999999999993  29.3999999999999986  14.3000000000000007  11.5000000000000000  18.0000000000000000  13.8000000000000007   1.2580000000000000E+02   1.0670000000000000E+02  97.9000000000000057  94.7000000000000028   1.0459999999999999E+02  60.7999999999999972  36.2000000000000028  28.6999999999999993  37.7000000000000028  39.3999999999999986  22.6000000000000014  17.5000000000000000  36.0000000000000000  87.9000000000000057   1.7650000000000000E+02
 2  43.0000000000000000  27.1000000000000014  33.5000000000000000  25.1999999999999993  31.5000000000000000  15.1999999999999993  11.8000000000000007  19.3000000000000007  15.0999999999999996   1.3169999999999999E+02   1.1659999999999999E+02  94.7000000000000028  93.0999999999999943   1.0330000000000000E+02  58.0000000000000000  42.2999999999999972  31.8999999999999986  39.8999999999999986  39.6000000000000014  25.5000000000000000  18.8999999999999986  48.0000000000000000  94.2999999999999972   1.8800000000000000E+02
 2  38.0000000000000000  27.1000000000000014  32.2000000000000028  20.6000000000000014  28.0000000000000000  13.9000000000000004  10.3000000000000007  19.1000000000000014  14.0000000000000000   1.1730000000000000E+02   1.0350000000000000E+02  86.0999999999999943  90.5000000000000000  96.7000000000000028  55.2000000000000028  34.5000000000000000  27.6999999999999993  37.2999999999999972  34.7999999999999972  22.5000000000000000  16.3999999999999986  48.0000000000000000  70.9000000000000057   1.7400000000000000E+02
 2  37.1000000000000014  24.1999999999999993  30.6000000000000014  17.6999999999999993  27.8000000000000007  13.8000000000000007  11.0000000000000000  17.8000000000000007  14.5999999999999996   1.0759999999999999E+02  90.4000000000000057  84.9000000000000057  83.7000000000000028  97.9000000000000057  51.7999999999999972  28.0000000000000000  25.1999999999999993  37.5000000000000000  36.0000000000000000  21.3000000000000007  15.0999999999999996  53.0000000000000000  64.5000000000000000   1.6759999999999999E+02
 2  41.1000000000000014  24.0000000000000000  29.3999999999999986  21.6000000000000014  30.8000000000000007  13.5999999999999996  11.6999999999999993  18.8000000000000007  14.5999999999999996   1.2240000000000001E+02   1.0750000000000000E+02  92.2000000000000028  88.5999999999999943  97.5000000000000000  53.7000000000000028  34.2999999999999972  27.6000000000000014  36.0000000000000000  37.5000000000000000  23.3000000000000007  16.6999999999999993  45.0000000000000000  77.2999999999999972   1.7019999999999999E+02
 2  40.8999999999999986  24.3999999999999986  30.6000000000000014  19.6999999999999993  29.8999999999999986  13.8000000000000007  11.5000000000000000  19.0000000000000000  15.0999999999999996   1.1700000000000000E+02   1.0080000000000000E+02  83.7000000000000028  82.5000000000000000  97.7000000000000028  53.2999999999999972  32.5000000000000000  27.1000000000000014  35.3999999999999986  37.0000000000000000  22.6999999999999993  16.6000000000000014  39.0000000000000000  72.2999999999999972   1.6759999999999999E+02
 2  38.8999999999999986  27.1000000000000014  31.6999999999999993  21.6000000000000014  29.6999999999999993  15.0000000000000000  12.1999999999999993  20.5000000000000000  15.1999999999999993   1.1900000000000000E+02   1.0420000000000000E+02  97.7999999999999972  93.5999999999999943   1.0250000000000000E+02  58.0000000000000000  35.7999999999999972  29.3999999999999986  39.0000000000000000  38.1000000000000014  23.0000000000000000  17.0000000000000000  43.0000000000000000  87.2999999999999972   1.8800000000000000E+02
 2  40.8999999999999986  28.3000000000000007  34.0000000000000000  23.6999999999999993  28.5000000000000000  14.3000000000000007  12.0000000000000000  19.0000000000000000  14.3000000000000007   1.2350000000000000E+02   1.0490000000000001E+02  98.5999999999999943  99.2000000000000028   1.0330000000000000E+02  55.2999999999999972  35.0000000000000000  29.3000000000000007  35.8999999999999986  36.0000000000000000  23.5000000000000000  18.1000000000000014  65.0000000000000000  80.0000000000000000   1.7400000000000000E+02
 2  39.2000000000000028  26.8000000000000007  34.0000000000000000  23.6999999999999993  30.8000000000000007  14.1999999999999993  11.1999999999999993  19.1000000000000014  14.5000000000000000   1.2140000000000001E+02   1.1280000000000000E+02  89.5000000000000000  96.9000000000000057   1.0090000000000001E+02  54.8999999999999986  38.5000000000000000  28.6999999999999993  35.8999999999999986  33.6000000000000014  22.1000000000000014  17.1000000000000014  45.0000000000000000  82.2999999999999972   1.7650000000000000E+02
 2  41.7000000000000028  26.6000000000000014  31.5000000000000000  19.8999999999999986  29.8999999999999986  14.5999999999999996  11.1999999999999993  19.1999999999999993  14.8000000000000007   1.1230000000000000E+02  95.7000000000000028  82.9000000000000057  89.5999999999999943  94.7999999999999972  51.8999999999999986  32.2000000000000028  25.3000000000000007  33.3999999999999986  32.7999999999999972  21.3999999999999986  16.3000000000000007  37.0000000000000000  73.5999999999999943   1.8030000000000001E+02
 2  39.3999999999999986  26.6000000000000014  31.6999999999999993  24.0000000000000000  31.1000000000000014  13.8000000000000007  11.8000000000000007  20.0000000000000000  15.8000000000000007   1.1320000000000000E+02   1.0490000000000001E+02  90.0999999999999943  90.7999999999999972  96.5999999999999943  55.0000000000000000  32.8999999999999986  26.5000000000000000  35.6000000000000014  37.8999999999999986  22.5000000000000000  17.8000000000000007  55.0000000000000000  74.0999999999999943   1.6759999999999999E+02
 2  40.1000000000000014  26.3999999999999986  32.0000000000000000  21.8000000000000007  30.1999999999999993  15.8000000000000007  12.4000000000000004  20.6999999999999993  15.8000000000000007   1.2170000000000000E+02   1.0909999999999999E+02  78.9000000000000057  91.0000000000000000  98.0999999999999943  55.7000000000000028  38.5000000000000000  30.1000000000000014  37.2000000000000028  36.7999999999999972  23.3999999999999986  19.6000000000000014  33.0000000000000000  85.9000000000000057   1.8800000000000000E+02
 2  38.8999999999999986  25.6000000000000014  32.8999999999999986  21.1000000000000014  29.0000000000000000  15.5999999999999996  10.5999999999999996  20.1999999999999993  14.8000000000000007   1.1659999999999999E+02   1.0540000000000001E+02  80.7000000000000028  87.4000000000000057  95.5000000000000000  56.7999999999999972  38.2999999999999972  28.6000000000000014  35.0000000000000000  34.2999999999999972  23.3000000000000007  17.3000000000000007  25.0000000000000000  73.2000000000000028   1.8030000000000001E+02
 2  38.8999999999999986  26.3999999999999986  31.6999999999999993  21.6000000000000014  27.8000000000000007  14.4000000000000004  11.3000000000000007  19.6000000000000014  14.8000000000000007   1.1780000000000000E+02   1.0430000000000000E+02  94.2999999999999972  99.4000000000000057   1.0040000000000001E+02  59.1000000000000014  35.0000000000000000  26.6999999999999993  35.5000000000000000  35.8999999999999986  22.6000000000000014  17.3000000000000007  35.0000000000000000  76.2999999999999972   1.6759999999999999E+02
 2  41.7000000000000028  26.3999999999999986  31.1000000000000014  20.1999999999999993  28.3000000000000007  14.5999999999999996  10.1999999999999993  18.3999999999999986  15.3000000000000007   1.1800000000000000E+02   1.0050000000000000E+02  70.2000000000000028  79.2999999999999972  92.0000000000000000  51.7000000000000028  32.1000000000000014  26.6999999999999993  33.2000000000000028  34.8999999999999986  23.6999999999999993  18.3999999999999986  28.0000000000000000  65.9000000000000057   1.8300000000000000E+02
 2  43.2000000000000028  26.8000000000000007  32.6000000000000014  22.1000000000000014  32.8999999999999986  15.4000000000000004  12.0000000000000000  20.5000000000000000  16.8000000000000007   1.3109999999999999E+02   1.1180000000000000E+02  83.5999999999999943  92.7000000000000028   1.0150000000000000E+02  59.5000000000000000  40.3999999999999986  31.6999999999999993  36.7000000000000028  38.2999999999999972  25.5000000000000000  19.3999999999999986  26.0000000000000000  90.9000000000000057   1.8300000000000000E+02
 2  40.5000000000000000  29.1999999999999993  33.5000000000000000  23.6999999999999993  31.1000000000000014  15.1999999999999993  11.3000000000000007  20.0000000000000000  16.1000000000000014   1.2140000000000001E+02   1.0950000000000000E+02  91.9000000000000057  96.5000000000000000   1.0330000000000000E+02  57.7000000000000028  36.5000000000000000  29.1000000000000014  34.6000000000000014  38.7999999999999972  25.1000000000000014  18.8999999999999986  43.0000000000000000  89.0999999999999943   1.7909999999999999E+02
 2  39.2000000000000028  23.5000000000000000  29.8999999999999986  19.6999999999999993  29.0000000000000000  15.4000000000000004  11.5000000000000000  19.0000000000000000  14.8000000000000007   1.1630000000000000E+02   1.0120000000000000E+02  71.7999999999999972  82.2999999999999972  87.5999999999999943  50.1000000000000014  34.2000000000000028  29.1999999999999993  34.1000000000000014  33.3999999999999986  23.1000000000000014  18.3000000000000007  30.0000000000000000  62.2999999999999972   1.7019999999999999E+02
 2  40.8999999999999986  25.3999999999999986  32.0000000000000000  20.6000000000000014  30.1999999999999993  16.1000000000000014  11.5000000000000000  19.3000000000000007  15.8000000000000007   1.2180000000000000E+02   1.0330000000000000E+02  85.0000000000000000  90.7999999999999972  97.9000000000000057  55.2000000000000028  35.2000000000000028  29.3999999999999986  34.8999999999999986  37.2999999999999972  23.5000000000000000  17.3000000000000007  26.0000000000000000  82.7000000000000028   1.7780000000000001E+02
 2  41.7000000000000028  27.3000000000000007  31.5000000000000000  21.8000000000000007  29.6999999999999993  14.9000000000000004  11.8000000000000007  18.8999999999999986  13.5999999999999996   1.1820000000000000E+02   1.0159999999999999E+02  85.7000000000000028  91.0000000000000000  95.9000000000000057  50.8999999999999986  34.0000000000000000  28.3999999999999986  35.0000000000000000  34.2999999999999972  21.1000000000000014  16.3000000000000007  51.0000000000000000  79.0999999999999943   1.7909999999999999E+02
 2  43.7999999999999972  32.2000000000000028  38.0000000000000000  25.3999999999999986  32.0000000000000000  16.0000000000000000  10.6999999999999993  21.0000000000000000  16.8000000000000007   1.2630000000000000E+02   1.0309999999999999E+02  96.5000000000000000  99.0000000000000000   1.1180000000000000E+02  62.2999999999999972  34.7999999999999972  27.5000000000000000  41.7000000000000028  37.0000000000000000  24.3000000000000007  16.6999999999999993  30.0000000000000000  98.2000000000000028   1.9050000000000000E+02
 2  41.8999999999999986  28.0000000000000000  33.1000000000000014  26.3999999999999986  29.8999999999999986  15.5999999999999996  11.5000000000000000  21.1999999999999993  15.9000000000000004   1.2100000000000000E+02   1.0459999999999999E+02  82.4000000000000057  85.7000000000000028  99.9000000000000057  63.2999999999999972  38.6000000000000014  32.0000000000000000  38.3999999999999986  39.7999999999999972  25.3999999999999986  18.1000000000000014  24.0000000000000000  84.0999999999999943   1.7780000000000001E+02
 2  43.0000000000000000  27.8000000000000007  34.2000000000000028  21.3999999999999986  31.5000000000000000  14.3000000000000007  11.0999999999999996  21.0000000000000000  14.8000000000000007   1.2309999999999999E+02   1.0430000000000000E+02  86.2999999999999972  87.7999999999999972   1.0330000000000000E+02  59.7000000000000028  36.3999999999999986  30.3999999999999986  39.2999999999999972  42.0000000000000000  27.6999999999999993  18.3999999999999986  35.0000000000000000  83.2000000000000028   1.8030000000000001E+02
 2  41.5000000000000000  28.5000000000000000  33.5000000000000000  19.6999999999999993  29.3999999999999986  14.5000000000000000  10.5000000000000000  19.3999999999999986  15.3000000000000007   1.1490000000000001E+02  95.9000000000000057  83.2000000000000028  88.0000000000000000   1.0059999999999999E+02  57.7999999999999972  34.0000000000000000  28.1999999999999993  36.2999999999999972  39.6000000000000014  25.1999999999999993  17.0000000000000000  37.0000000000000000  83.2000000000000028   1.8030000000000001E+02
 1  37.6000000000000014  25.0000000000000000  31.3000000000000007  16.1999999999999993  24.8999999999999986  11.1999999999999993   9.1999999999999993  17.0000000000000000  12.3000000000000007  95.0000000000000000  83.0000000000000000  66.5000000000000000  79.0000000000000000  92.0000000000000000  53.5000000000000000  24.3000000000000007  20.5000000000000000  32.0000000000000000  32.2000000000000028  21.0000000000000000  13.5000000000000000  22.0000000000000000  51.6000000000000014   1.6119999999999999E+02
 1  36.7000000000000028  26.3999999999999986  31.0000000000000000  16.8000000000000007  24.5000000000000000  12.0999999999999996   9.9000000000000004  19.3000000000000007  12.8000000000000007  99.5000000000000000  78.5000000000000000  61.5000000000000000  70.5000000000000000  90.5000000000000000  57.7000000000000028  27.8000000000000007  24.0000000000000000  38.5000000000000000  38.5000000000000000  22.5000000000000000  15.0000000000000000  20.0000000000000000  59.0000000000000000   1.6750000000000000E+02
 1  34.7999999999999972  25.8999999999999986  30.1999999999999993  16.3999999999999986  24.1999999999999993  11.3000000000000007   8.9000000000000004  17.0000000000000000  12.1999999999999993  88.0000000000000000  75.0000000000000000  61.2000000000000028  66.5000000000000000  91.0000000000000000  53.0000000000000000  24.0000000000000000  22.0000000000000000  32.5000000000000000  32.5000000000000000  19.0000000000000000  14.0000000000000000  19.0000000000000000  49.2000000000000028   1.5950000000000000E+02
 1  36.6000000000000014  27.8999999999999986  31.8000000000000007  19.3000000000000007  24.8999999999999986  12.3000000000000007   9.5000000000000000  18.6000000000000014  13.0000000000000000  97.0000000000000000  86.5000000000000000  78.0000000000000000  91.0000000000000000  99.5000000000000000  61.5000000000000000  28.0000000000000000  24.0000000000000000  35.2000000000000028  36.7000000000000028  23.0000000000000000  15.0000000000000000  25.0000000000000000  63.0000000000000000   1.5700000000000000E+02
 1  35.5000000000000000  28.1999999999999993  31.0000000000000000  18.1999999999999993  26.1999999999999993  11.5000000000000000   9.0999999999999996  17.1999999999999993  12.4000000000000004   1.0330000000000000E+02  91.0000000000000000  70.5000000000000000  80.5000000000000000  91.5000000000000000  55.0000000000000000  26.8999999999999986  22.6999999999999993  33.0000000000000000  33.2999999999999972  19.8999999999999986  14.5000000000000000  21.0000000000000000  53.6000000000000014   1.5580000000000001E+02
 1  37.0000000000000000  28.0000000000000000  32.0000000000000000  15.0999999999999996  25.6999999999999993  12.5000000000000000  10.0000000000000000  17.1999999999999993  13.1999999999999993  93.5000000000000000  79.5000000000000000  66.5000000000000000  78.5000000000000000  94.0000000000000000  54.0000000000000000  26.5000000000000000  22.5000000000000000  34.0000000000000000  35.0000000000000000  23.0000000000000000  14.5000000000000000  23.0000000000000000  59.0000000000000000   1.7000000000000000E+02
 1  35.5000000000000000  26.5000000000000000  29.1999999999999993  15.4000000000000004  24.5000000000000000  12.3000000000000007   9.4000000000000004  17.1999999999999993  12.0000000000000000  93.2999999999999972  77.0000000000000000  58.0000000000000000  64.0000000000000000  85.5000000000000000  49.5000000000000000  24.1000000000000014  22.0000000000000000  32.5000000000000000  32.0000000000000000  19.0000000000000000  13.9000000000000004  26.0000000000000000  47.6000000000000014   1.5909999999999999E+02
 1  37.3999999999999986  30.1999999999999993  33.2000000000000028  18.8000000000000007  26.6000000000000014  13.3000000000000007  10.6999999999999993  19.8000000000000007  13.8000000000000007  94.5000000000000000  88.0000000000000000  74.5000000000000000  87.0000000000000000   1.0400000000000000E+02  64.0000000000000000  29.1999999999999993  26.1999999999999993  38.5000000000000000  38.0000000000000000  22.0000000000000000  16.8000000000000007  22.0000000000000000  69.7999999999999972   1.6600000000000000E+02
 1  37.7999999999999972  29.0000000000000000  32.6000000000000014  18.6000000000000014  25.0000000000000000  12.0999999999999996   9.8000000000000007  17.8000000000000007  12.6999999999999993  98.5999999999999943  85.0000000000000000  73.5000000000000000  92.0000000000000000   1.0409999999999999E+02  65.2999999999999972  29.0000000000000000  23.3999999999999986  35.2999999999999972  37.3999999999999986  21.6000000000000014  15.1999999999999993  28.0000000000000000  66.7999999999999972   1.7619999999999999E+02
 1  38.6000000000000014  28.8000000000000007  33.2000000000000028  19.6999999999999993  29.3999999999999986  13.4000000000000004  11.5000000000000000  20.8999999999999986  13.1999999999999993   1.1550000000000000E+02  98.7999999999999972  90.5000000000000000   1.0350000000000000E+02   1.0809999999999999E+02  61.1000000000000014  33.6000000000000014  26.6000000000000014  37.2000000000000028  35.7999999999999972  22.6000000000000014  16.3000000000000007  40.0000000000000000  75.2000000000000028   1.6019999999999999E+02
 1  37.6000000000000014  28.5000000000000000  32.2000000000000028  15.5000000000000000  24.3000000000000007  11.8000000000000007   8.5999999999999996  17.1000000000000014  11.9000000000000004  97.9000000000000057  79.0000000000000000  66.5000000000000000  74.0000000000000000  90.2999999999999972  52.0000000000000000  24.8000000000000007  21.0000000000000000  32.2000000000000028  32.5000000000000000  19.8999999999999986  13.8000000000000007  32.0000000000000000  55.2000000000000028   1.7250000000000000E+02
 1  36.0000000000000000  25.6000000000000014  31.5000000000000000  15.4000000000000004  25.5000000000000000  12.8000000000000007   9.6999999999999993  17.6000000000000014  13.1999999999999993  97.7000000000000028  77.5999999999999943  61.0000000000000000  71.7999999999999972  91.5999999999999943  53.0000000000000000  25.3999999999999986  22.6000000000000014  34.0000000000000000  34.5000000000000000  20.5000000000000000  15.3000000000000007  25.0000000000000000  54.2000000000000028   1.7090000000000001E+02
 1  39.5000000000000000  30.0000000000000000  31.6999999999999993  17.3000000000000007  27.3000000000000007  12.8000000000000007   9.1999999999999993  18.1000000000000014  12.4000000000000004   1.0050000000000000E+02  85.0000000000000000  69.5000000000000000  81.5000000000000000  94.4000000000000057  55.7999999999999972  25.8999999999999986  22.8999999999999986  36.1000000000000014  35.2999999999999972  20.8999999999999986  14.4000000000000004  25.0000000000000000  62.5000000000000000   1.7290000000000001E+02
 1  34.0000000000000000  25.0000000000000000  27.0000000000000000  16.8999999999999986  22.6000000000000014  10.5999999999999996   8.3000000000000007  15.9000000000000004  11.5999999999999996  88.7000000000000028  76.7000000000000028  62.0000000000000000  74.0999999999999943  80.9000000000000057  48.7999999999999972  24.0000000000000000  20.5000000000000000  30.8000000000000007  30.3999999999999986  17.8999999999999986  13.1999999999999993  29.0000000000000000  42.0000000000000000   1.5340000000000001E+02
 1  35.0000000000000000  26.5000000000000000  31.6000000000000014  18.3000000000000007  23.6999999999999993  11.5000000000000000   8.5999999999999996  16.8000000000000007  12.1999999999999993  96.5999999999999943  76.7000000000000028  63.3999999999999986  69.0000000000000000  87.7000000000000028  54.0000000000000000  25.6000000000000014  21.6000000000000014  34.3999999999999986  32.7999999999999972  19.1000000000000014  13.8000000000000007  22.0000000000000000  50.0000000000000000   1.6000000000000000E+02
 1  35.6000000000000014  25.8000000000000007  32.0000000000000000  16.1999999999999993  25.6999999999999993  11.5000000000000000   9.0000000000000000  17.1999999999999993  11.8000000000000007  92.0000000000000000  82.0000000000000000  71.0000000000000000  69.0000000000000000  88.5000000000000000  54.5000000000000000  26.0000000000000000  21.8000000000000007  33.5000000000000000  35.0000000000000000  21.0000000000000000  14.0000000000000000  25.0000000000000000  49.7999999999999972   1.4719999999999999E+02
 1  36.2000000000000028  27.3999999999999986  29.5000000000000000  14.5999999999999996  23.8999999999999986  11.1999999999999993   9.5999999999999996  16.6999999999999993  12.5999999999999996  90.0000000000000000  79.0000000000000000  59.0000000000000000  79.0000000000000000  88.5000000000000000  51.2000000000000028  23.5000000000000000  21.0000000000000000  32.5000000000000000  29.6000000000000014  18.5000000000000000  14.5000000000000000  23.0000000000000000  49.2000000000000028   1.6819999999999999E+02
 1  39.0000000000000000  28.3999999999999986  34.8999999999999986  19.6000000000000014  26.6999999999999993  13.4000000000000004  11.0000000000000000  18.8999999999999986  13.5999999999999996   1.0400000000000000E+02  89.5000000000000000  74.0000000000000000  92.0000000000000000   1.0100000000000000E+02  61.5000000000000000  31.0000000000000000  26.5000000000000000  38.6000000000000014  38.6000000000000014  23.8000000000000007  17.0000000000000000  37.0000000000000000  73.2000000000000028   1.7500000000000000E+02
 1  32.6000000000000014  25.6000000000000014  30.0000000000000000  15.3000000000000007  22.6000000000000014  10.3000000000000007   8.0999999999999996  16.1999999999999993  11.5999999999999996  90.0999999999999943  73.5000000000000000  60.5000000000000000  68.2999999999999972  88.5000000000000000  54.0000000000000000  24.6000000000000014  20.6000000000000014  29.0000000000000000  33.0000000000000000  19.0000000000000000  13.1999999999999993  19.0000000000000000  47.7999999999999972   1.5700000000000000E+02
 1  37.6000000000000014  30.0000000000000000  33.8999999999999986  19.1000000000000014  28.8000000000000007  13.4000000000000004  10.5000000000000000  19.1999999999999993  13.1999999999999993   1.0400000000000000E+02  90.0000000000000000  75.0000000000000000  80.5000000000000000  99.0000000000000000  59.0000000000000000  28.6999999999999993  24.8999999999999986  37.0000000000000000  36.5000000000000000  20.6000000000000014  15.9000000000000004  23.0000000000000000  68.7999999999999972   1.6759999999999999E+02
 1  36.2999999999999972  27.5000000000000000  31.0000000000000000  15.4000000000000004  24.0000000000000000  11.0999999999999996   9.4000000000000004  16.3999999999999986  12.3000000000000007  91.0000000000000000  80.0000000000000000  65.0000000000000000  78.2999999999999972  91.0000000000000000  53.5000000000000000  27.0000000000000000  23.0000000000000000  32.0000000000000000  31.5000000000000000  22.0000000000000000  13.8000000000000007  25.0000000000000000  50.6000000000000014   1.5950000000000000E+02
 1  38.0000000000000000  29.6000000000000014  32.7000000000000028  21.3000000000000007  28.6999999999999993  13.6999999999999993  10.5999999999999996  21.5000000000000000  14.4000000000000004   1.1140000000000001E+02  94.5000000000000000  82.2000000000000028  94.2000000000000028   1.1020000000000000E+02  69.0000000000000000  32.5000000000000000  26.8000000000000007  40.5000000000000000  38.6000000000000014  23.0000000000000000  16.6000000000000014  26.0000000000000000  82.5000000000000000   1.7500000000000000E+02
 1  37.0000000000000000  27.8999999999999986  30.8000000000000007  15.0999999999999996  26.8000000000000007  13.1999999999999993   8.9000000000000004  18.1000000000000014  12.3000000000000007  96.2000000000000028  83.7999999999999972  70.2000000000000028  82.5000000000000000  94.2000000000000028  54.1000000000000014  25.8999999999999986  23.1999999999999993  34.2999999999999972  30.8999999999999986  19.3999999999999986  14.5000000000000000  24.0000000000000000  57.2000000000000028   1.6680000000000001E+02
 1  42.6000000000000014  31.8000000000000007  34.7999999999999972  19.8999999999999986  30.3999999999999986  12.5000000000000000  11.0000000000000000  21.0000000000000000  14.1999999999999993   1.1709999999999999E+02  95.2000000000000028  85.0000000000000000  91.2000000000000028   1.1100000000000000E+02  68.0000000000000000  34.3999999999999986  28.3000000000000007  40.1000000000000014  40.0000000000000000  24.1999999999999993  17.6000000000000014  29.0000000000000000  87.7999999999999972   1.7650000000000000E+02
 1  37.5000000000000000  29.1999999999999993  35.1000000000000014  19.6000000000000014  27.5000000000000000  13.0999999999999996  10.1999999999999993  20.0000000000000000  13.0999999999999996   1.0150000000000000E+02  91.0000000000000000  75.0000000000000000  85.0000000000000000   1.0300000000000000E+02  62.0000000000000000  31.5000000000000000  26.5000000000000000  38.2000000000000028  40.0000000000000000  23.0000000000000000  16.0000000000000000  22.0000000000000000  72.7999999999999972   1.7019999999999999E+02
 1  36.1000000000000014  28.1999999999999993  32.2999999999999972  15.8000000000000007  25.0000000000000000  12.0000000000000000  10.1999999999999993  18.3999999999999986  12.9000000000000004  95.0999999999999943  80.0000000000000000  63.0000000000000000  76.5000000000000000  90.0000000000000000  51.1000000000000014  24.6000000000000014  22.3000000000000007  35.2000000000000028  33.7000000000000028  20.8999999999999986  15.1999999999999993  30.0000000000000000  54.5000000000000000   1.7400000000000000E+02
 1  39.1000000000000014  27.5000000000000000  34.0000000000000000  17.1999999999999993  25.6000000000000014  12.5999999999999996  10.0000000000000000  18.0000000000000000  12.6999999999999993  97.0999999999999943  81.7000000000000028  70.0000000000000000  81.5000000000000000  96.0000000000000000  57.8999999999999986  26.3000000000000007  22.6000000000000014  37.2000000000000028  36.0000000000000000  21.0000000000000000  15.0000000000000000  23.0000000000000000  59.7999999999999972   1.7300000000000000E+02
 1  39.6000000000000014  28.6000000000000014  31.1999999999999993  18.0000000000000000  27.1999999999999993  12.4000000000000004  10.0999999999999996  19.3000000000000007  13.8000000000000007   1.0140000000000001E+02  89.5999999999999943  72.5999999999999943  86.2999999999999972  93.7000000000000028  56.3999999999999986  27.3999999999999986  23.3999999999999986  37.0000000000000000  38.3999999999999986  21.3000000000000007  15.5999999999999996  38.0000000000000000  67.2999999999999972   1.7990000000000001E+02
 1  40.5000000000000000  29.6000000000000014  34.8999999999999986  17.3999999999999986  27.5000000000000000  12.5999999999999996  10.4000000000000004  18.8000000000000007  13.0999999999999996   1.0370000000000000E+02  90.9000000000000057  78.7000000000000028  83.5000000000000000   1.0150000000000000E+02  59.8999999999999986  29.5000000000000000  25.3000000000000007  35.3999999999999986  36.7000000000000028  21.3000000000000007  15.5999999999999996  23.0000000000000000  67.7999999999999972   1.7050000000000000E+02
 1  35.0000000000000000  26.0000000000000000  29.8000000000000007  16.1000000000000014  22.3000000000000007  12.4000000000000004   9.5000000000000000  17.1999999999999993  12.3000000000000007  89.2000000000000028  78.5000000000000000  61.0000000000000000  73.0000000000000000  82.5000000000000000  49.5000000000000000  24.5000000000000000  22.5000000000000000  32.5000000000000000  33.0000000000000000  20.5000000000000000  14.5000000000000000  19.0000000000000000  47.0000000000000000   1.6000000000000000E+02
 1  34.5000000000000000  26.3999999999999986  30.1000000000000014  18.6000000000000014  23.5000000000000000  11.3000000000000007   8.9000000000000004  17.1999999999999993  12.3000000000000007  86.0000000000000000  78.0000000000000000  64.2000000000000028  69.7999999999999972  89.0000000000000000  53.0000000000000000  23.1999999999999993  21.1999999999999993  33.0000000000000000  31.5000000000000000  20.5000000000000000  14.0000000000000000  46.0000000000000000  46.2000000000000028   1.5440000000000001E+02
 1  35.6000000000000014  27.8999999999999986  32.0000000000000000  15.5999999999999996  23.8999999999999986  11.9000000000000004   9.5999999999999996  18.1999999999999993  12.6999999999999993  98.0999999999999943  80.2000000000000028  63.1000000000000014  78.9000000000000057  93.9000000000000057  57.1000000000000014  26.3999999999999986  23.1000000000000014  35.0000000000000000  35.0000000000000000  20.1000000000000014  14.9000000000000004  20.0000000000000000  55.0000000000000000   1.6200000000000000E+02
 1  39.1000000000000014  29.6999999999999993  33.7000000000000028  20.1000000000000014  29.5000000000000000  13.1999999999999993  10.0000000000000000  20.3000000000000007  13.5999999999999996   1.1400000000000000E+02  99.0000000000000000  85.0000000000000000  92.5000000000000000   1.0640000000000001E+02  65.5999999999999943  31.6000000000000014  26.6000000000000014  39.6000000000000014  38.8999999999999986  23.3000000000000007  15.9000000000000004  22.0000000000000000  83.0000000000000000   1.7650000000000000E+02
 1  36.6000000000000014  28.1999999999999993  32.0000000000000000  14.3000000000000007  26.0000000000000000  11.8000000000000007   9.9000000000000004  18.0000000000000000  12.6999999999999993  95.0000000000000000  80.0000000000000000  66.0000000000000000  78.0000000000000000  92.0000000000000000  52.5000000000000000  25.0000000000000000  22.1999999999999993  33.0000000000000000  34.7999999999999972  20.5000000000000000  14.4000000000000004  25.0000000000000000  54.3999999999999986   1.6000000000000000E+02
 1  34.7999999999999972  26.3000000000000007  29.8999999999999986  16.0000000000000000  22.8999999999999986  11.3000000000000007   9.1999999999999993  16.5000000000000000  11.8000000000000007  87.0000000000000000  75.5000000000000000  65.0000000000000000  76.7000000000000028  86.0000000000000000  51.0000000000000000  24.5000000000000000  20.5000000000000000  31.5000000000000000  31.0000000000000000  20.0000000000000000  14.0000000000000000  21.0000000000000000  45.7999999999999972   1.5200000000000000E+02
 1  36.7000000000000028  22.1000000000000014  28.3000000000000007  16.6999999999999993  27.5000000000000000  12.3000000000000007  10.0999999999999996  16.8000000000000007  12.4000000000000004   1.0080000000000000E+02  82.5999999999999943  63.2000000000000028  70.5000000000000000  89.0999999999999943  55.7999999999999972  27.0000000000000000  23.6000000000000014  33.6000000000000014  33.3999999999999986  20.0000000000000000  15.5999999999999996  23.0000000000000000  53.6000000000000014   1.6209999999999999E+02
 1  39.7000000000000028  31.6000000000000014  34.5000000000000000  19.0000000000000000  24.8999999999999986  12.6999999999999993  10.4000000000000004  18.1999999999999993  13.0999999999999996   1.1220000000000000E+02  94.5000000000000000  83.5999999999999943  94.2000000000000028   1.0409999999999999E+02  61.5000000000000000  31.0000000000000000  25.3999999999999986  37.2000000000000028  35.2000000000000028  22.3000000000000007  16.1000000000000014  31.0000000000000000  73.2000000000000028   1.7000000000000000E+02
 1  35.5000000000000000  24.3000000000000007  29.5000000000000000  15.0000000000000000  26.0000000000000000  11.5000000000000000   9.4000000000000004  17.1999999999999993  12.0999999999999996  98.7000000000000028  83.9000000000000057  68.0000000000000000  76.0999999999999943  88.0000000000000000  52.2000000000000028  26.1999999999999993  23.1999999999999993  33.2000000000000028  35.2999999999999972  21.1999999999999993  14.5999999999999996  29.0000000000000000  52.1000000000000014   1.6019999999999999E+02
 1  36.0000000000000000  28.0000000000000000  30.8000000000000007  17.3000000000000007  25.8999999999999986  12.9000000000000004   9.8000000000000007  17.8000000000000007  13.8000000000000007   1.0009999999999999E+02  92.7999999999999972  75.7000000000000028  88.5999999999999943   1.0259999999999999E+02  64.2999999999999972  31.0000000000000000  24.8999999999999986  35.5000000000000000  38.0000000000000000  21.5000000000000000  15.3000000000000007  19.0000000000000000  67.9000000000000057   1.6130000000000001E+02
 1  35.7999999999999972  26.3999999999999986  32.2000000000000028  17.3000000000000007  24.8999999999999986  12.6999999999999993  10.4000000000000004  18.8999999999999986  14.0000000000000000   1.0030000000000000E+02  85.2999999999999972  65.5000000000000000  74.4000000000000057  95.9000000000000057  53.7000000000000028  27.8000000000000007  23.8999999999999986  35.6000000000000014  33.3999999999999986  21.8999999999999986  15.1999999999999993  21.0000000000000000  56.6000000000000014   1.6640000000000001E+02
 1  37.6000000000000014  27.3000000000000007  32.0000000000000000  18.0000000000000000  25.6000000000000014  12.4000000000000004   9.4000000000000004  18.8000000000000007  13.5999999999999996   1.0050000000000000E+02  84.4000000000000057  66.9000000000000057  79.7000000000000028  98.7999999999999972  59.2000000000000028  28.5000000000000000  23.6999999999999993  35.8999999999999986  34.6000000000000014  20.0000000000000000  15.0999999999999996  23.0000000000000000  62.2999999999999972   1.6890000000000001E+02
 1  37.6000000000000014  28.6999999999999993  30.8000000000000007  19.0000000000000000  25.1999999999999993  13.0999999999999996  11.5000000000000000  18.6000000000000014  13.5999999999999996   1.0120000000000000E+02  87.5999999999999943  67.9000000000000057  82.7000000000000028  93.5000000000000000  57.0000000000000000  29.6000000000000014  24.5000000000000000  37.1000000000000014  36.2999999999999972  20.6000000000000014  15.1999999999999993  24.0000000000000000  58.5000000000000000   1.6380000000000001E+02
 1  34.8999999999999986  28.0000000000000000  30.8000000000000007  15.5999999999999996  24.1999999999999993  11.1999999999999993   9.1999999999999993  17.8999999999999986  13.1999999999999993  96.0000000000000000  81.0000000000000000  67.7999999999999972  73.0000000000000000  92.9000000000000057  55.7999999999999972  26.3000000000000007  23.0000000000000000  32.2999999999999972  30.0000000000000000  18.8000000000000007  14.3000000000000007  20.0000000000000000  54.5000000000000000   1.6759999999999999E+02
 1  33.2999999999999972  24.8999999999999986  27.8000000000000007  17.3000000000000007  23.3000000000000007  12.8000000000000007   9.8000000000000007  17.3999999999999986  12.9000000000000004  92.7999999999999972  84.0999999999999943  63.2000000000000028  75.0000000000000000  86.9000000000000057  52.1000000000000014  26.5000000000000000  23.5000000000000000  32.2999999999999972  31.6000000000000014  18.8999999999999986  15.0000000000000000  19.0000000000000000  50.2000000000000028   1.6000000000000000E+02
 1  36.2000000000000028  27.1000000000000014  29.8999999999999986  16.0000000000000000  24.1999999999999993  11.8000000000000007   9.1999999999999993  17.3000000000000007  12.5999999999999996  95.5000000000000000  88.2000000000000028  73.0999999999999943  80.0000000000000000  94.9000000000000057  57.2000000000000028  27.0000000000000000  24.3000000000000007  34.8999999999999986  35.7000000000000028  22.0000000000000000  15.0999999999999996  20.0000000000000000  60.2999999999999972   1.6130000000000001E+02
 1  33.2999999999999972  29.1999999999999993  32.0000000000000000  14.8000000000000007  25.8999999999999986  12.5999999999999996  10.4000000000000004  18.3999999999999986  13.0000000000000000  98.7000000000000028  88.0999999999999943  65.2999999999999972  75.7999999999999972  95.2999999999999972  55.7000000000000028  27.6999999999999993  24.5000000000000000  33.1000000000000014  35.3999999999999986  21.1999999999999993  15.6999999999999993  19.0000000000000000  58.2999999999999972   1.6759999999999999E+02
 1  36.0000000000000000  25.1999999999999993  30.8000000000000007  16.5000000000000000  24.1999999999999993  12.5999999999999996   9.1999999999999993  17.6000000000000014  13.1999999999999993  96.9000000000000057  84.9000000000000057  65.5999999999999943  75.5000000000000000  93.2999999999999972  57.3999999999999986  27.6999999999999993  24.1999999999999993  35.1000000000000014  35.6000000000000014  21.0000000000000000  14.6999999999999993  20.0000000000000000  56.2000000000000028   1.6509999999999999E+02
 1  34.0000000000000000  27.3000000000000007  29.8999999999999986  17.0000000000000000  24.0000000000000000  12.0000000000000000   9.1999999999999993  16.8000000000000007  12.4000000000000004  91.0000000000000000  81.2000000000000028  62.7000000000000028  75.4000000000000057  90.0000000000000000  54.0000000000000000  25.3000000000000007  22.6999999999999993  32.6000000000000014  32.8999999999999986  19.8000000000000007  13.8000000000000007  19.0000000000000000  50.2000000000000028   1.6000000000000000E+02
 1  36.2000000000000028  28.6999999999999993  31.3000000000000007  19.1999999999999993  27.1000000000000014  12.8000000000000007  10.5000000000000000  18.0000000000000000  14.4000000000000004   1.0630000000000000E+02  91.5999999999999943  81.7999999999999972  96.5000000000000000  99.2999999999999972  60.7000000000000028  28.3000000000000007  25.1999999999999993  35.0000000000000000  36.2999999999999972  21.3999999999999986  15.3000000000000007  22.0000000000000000  72.9000000000000057   1.7000000000000000E+02
 1  34.8999999999999986  27.1000000000000014  31.5000000000000000  19.0000000000000000  24.8999999999999986  12.4000000000000004   9.8000000000000007  18.0000000000000000  13.8000000000000007  99.7999999999999972  88.4000000000000057  72.0999999999999943  87.2999999999999972  95.5999999999999943  59.2000000000000028  29.0000000000000000  24.8000000000000007  34.2999999999999972  37.1000000000000014  21.8999999999999986  14.3000000000000007  39.0000000000000000  59.7999999999999972   1.5750000000000000E+02
 1  37.3999999999999986  28.3000000000000007  31.3000000000000007  16.3000000000000007  25.6000000000000014  12.9000000000000004  11.0000000000000000  18.3999999999999986  14.3000000000000007   1.0500000000000000E+02  87.5999999999999943  68.5999999999999943  80.7000000000000028  95.7999999999999972  56.6000000000000014  28.5000000000000000  24.1000000000000014  35.6000000000000014  34.0000000000000000  20.6999999999999993  15.5000000000000000  18.0000000000000000  61.0000000000000000   1.6759999999999999E+02
 1  33.7999999999999972  28.6999999999999993  32.2000000000000028  18.6999999999999993  25.3999999999999986  12.0000000000000000   8.9000000000000004  17.3999999999999986  13.0000000000000000   1.0620000000000000E+02  91.2999999999999972  80.0000000000000000  97.9000000000000057   1.0459999999999999E+02  62.7000000000000028  30.0000000000000000  23.1000000000000014  36.2999999999999972  36.0000000000000000  21.0000000000000000  14.5999999999999996  19.0000000000000000  69.0999999999999943   1.6069999999999999E+02
 1  34.0000000000000000  27.3000000000000007  32.2000000000000028  19.0000000000000000  24.1999999999999993  12.9000000000000004  10.5999999999999996  17.8999999999999986  13.4000000000000004  97.7000000000000028  87.2000000000000028  64.9000000000000057  75.9000000000000057  92.2000000000000028  53.1000000000000014  28.0000000000000000  24.1999999999999993  34.0000000000000000  35.3999999999999986  20.6999999999999993  15.5000000000000000  26.0000000000000000  55.8999999999999986   1.6319999999999999E+02
 1  34.3999999999999986  23.5000000000000000  26.8000000000000007  16.5000000000000000  24.3999999999999986  11.6999999999999993   9.1999999999999993  16.8000000000000007  12.4000000000000004  97.4000000000000057  82.2000000000000028  61.7000000000000028  66.0000000000000000  80.7000000000000028  50.2999999999999972  23.6999999999999993  21.6000000000000014  30.5000000000000000  33.7999999999999972  20.6999999999999993  14.5999999999999996  20.0000000000000000  46.5000000000000000   1.5240000000000001E+02
 1  34.7000000000000028  27.8000000000000007  32.6000000000000014  16.5000000000000000  24.1999999999999993  12.5999999999999996   9.8000000000000007  17.6000000000000014  12.5999999999999996  96.2999999999999972  82.0999999999999943  64.0000000000000000  73.5999999999999943  98.0999999999999943  56.7999999999999972  25.8000000000000007  23.8999999999999986  33.7000000000000028  34.0000000000000000  20.3000000000000007  14.5999999999999996  20.0000000000000000  54.2999999999999972   1.5750000000000000E+02
 1  35.6000000000000014  26.3999999999999986  32.2000000000000028  15.0999999999999996  26.6000000000000014  13.0000000000000000  10.0000000000000000  17.6000000000000014  13.8000000000000007  98.0000000000000000  82.5999999999999943  58.6000000000000014  73.0000000000000000  89.5999999999999943  54.8999999999999986  27.1000000000000014  23.1000000000000014  33.2000000000000028  35.7999999999999972  20.6999999999999993  14.4000000000000004  26.0000000000000000  54.7999999999999972   1.6830000000000001E+02
 1  33.7999999999999972  29.6999999999999993  32.3999999999999986  17.3000000000000007  25.3999999999999986  13.4000000000000004   9.5999999999999996  18.3999999999999986  13.4000000000000004  94.5000000000000000  86.5000000000000000  68.2999999999999972  89.2000000000000028  94.0000000000000000  57.0000000000000000  26.0000000000000000  22.6000000000000014  35.8999999999999986  32.5000000000000000  19.6999999999999993  14.5999999999999996  21.0000000000000000  60.7000000000000028   1.8030000000000001E+02
 1  37.7999999999999972  26.6000000000000014  33.1000000000000014  16.5000000000000000  27.1000000000000014  12.4000000000000004   9.8000000000000007  18.3000000000000007  13.0000000000000000   1.0140000000000001E+02  85.2999999999999972  69.5000000000000000  74.9000000000000057  94.7000000000000028  55.7000000000000028  24.8999999999999986  22.8000000000000007  34.8999999999999986  37.1000000000000014  20.1000000000000014  14.9000000000000004  21.0000000000000000  60.0000000000000000   1.6550000000000000E+02
 1  38.2999999999999972  30.3999999999999986  32.2000000000000028  18.6999999999999993  26.3999999999999986  12.4000000000000004   9.4000000000000004  18.1000000000000014  12.6999999999999993  95.0999999999999943  84.7000000000000028  70.5000000000000000  86.0999999999999943  94.0999999999999943  54.6000000000000014  28.0000000000000000  23.0000000000000000  33.5000000000000000  33.5000000000000000  20.0000000000000000  14.5999999999999996  38.0000000000000000  62.0000000000000000   1.6500000000000000E+02
 1  40.2999999999999972  29.1999999999999993  32.8999999999999986  16.5000000000000000  26.3999999999999986  13.0000000000000000   9.4000000000000004  18.6000000000000014  12.9000000000000004   1.0109999999999999E+02  86.7999999999999972  69.7999999999999972  76.5000000000000000  93.7000000000000028  55.7000000000000028  25.3999999999999986  23.3999999999999986  35.8999999999999986  34.2000000000000028  21.5000000000000000  15.0999999999999996  23.0000000000000000  60.2999999999999972   1.6450000000000000E+02
 1  38.8999999999999986  27.5000000000000000  31.1000000000000014  15.5999999999999996  26.8000000000000007  12.4000000000000004  10.0000000000000000  18.3999999999999986  13.5999999999999996  97.4000000000000057  85.2000000000000028  69.0000000000000000  76.2999999999999972  86.7000000000000028  51.5000000000000000  26.6000000000000014  22.6999999999999993  31.6000000000000014  33.2999999999999972  19.6000000000000014  15.3000000000000007  37.0000000000000000  52.7000000000000028   1.5600000000000000E+02
 1  39.3999999999999986  29.1999999999999993  34.7000000000000028  18.0000000000000000  28.3000000000000007  13.4000000000000004  10.5000000000000000  19.8000000000000007  13.0999999999999996   1.0480000000000000E+02  93.9000000000000057  81.0000000000000000  93.2000000000000028   1.0590000000000001E+02  65.5000000000000000  31.3000000000000007  26.8000000000000007  38.1000000000000014  37.7000000000000028  21.6999999999999993  15.9000000000000004  19.0000000000000000  74.2999999999999972   1.6000000000000000E+02
 1  35.0000000000000000  27.0000000000000000  33.0000000000000000  19.3000000000000007  25.0000000000000000  11.5000000000000000   9.9000000000000004  17.1000000000000014  13.0000000000000000  94.5000000000000000  84.5000000000000000  71.0000000000000000  80.5000000000000000  97.5000000000000000  59.5000000000000000  28.0000000000000000  23.0000000000000000  34.0000000000000000  34.2000000000000028  20.6000000000000014  15.0000000000000000  25.0000000000000000  62.0000000000000000   1.6300000000000000E+02
 1  40.7000000000000028  29.0000000000000000  35.2999999999999972  17.6999999999999993  28.5000000000000000  13.8000000000000007  10.8000000000000007  19.8000000000000007  14.3000000000000007   1.0320000000000000E+02  90.7000000000000028  73.5999999999999943  79.7999999999999972   1.0530000000000000E+02  65.7999999999999972  29.5000000000000000  26.6000000000000014  38.7999999999999972  39.7000000000000028  24.3000000000000007  15.9000000000000004  20.0000000000000000  73.0999999999999943   1.6569999999999999E+02
 1  39.6000000000000014  30.3999999999999986  34.2000000000000028  21.3999999999999986  26.8000000000000007  14.1999999999999993  10.5999999999999996  20.6999999999999993  13.0999999999999996   1.1080000000000000E+02  97.4000000000000057  96.2999999999999972   1.0420000000000000E+02   1.0259999999999999E+02  57.5000000000000000  34.2999999999999972  26.5000000000000000  38.2999999999999972  41.1000000000000014  22.8999999999999986  16.3999999999999986  41.0000000000000000  80.0000000000000000   1.6100000000000000E+02
 1  36.8999999999999986  28.3000000000000007  32.0000000000000000  17.0000000000000000  25.6000000000000014  10.9000000000000004   9.4000000000000004  17.3000000000000007  12.5999999999999996  94.5999999999999943  83.2999999999999972  65.0000000000000000  68.2000000000000028  91.5999999999999943  55.2999999999999972  27.6999999999999993  23.1999999999999993  33.0000000000000000  31.5000000000000000  18.8999999999999986  14.0999999999999996  26.0000000000000000  54.7000000000000028   1.6200000000000000E+02
 1  35.6000000000000014  25.6999999999999993  29.1000000000000014  15.5000000000000000  26.0000000000000000  11.5000000000000000   9.5000000000000000  17.8000000000000007  12.0999999999999996  96.5999999999999943  82.0999999999999943  62.7999999999999972  70.5999999999999943  83.9000000000000057  51.5000000000000000  24.6000000000000014  21.3999999999999986  34.0000000000000000  34.7999999999999972  20.8999999999999986  14.3000000000000007  21.0000000000000000  53.2000000000000028   1.6600000000000000E+02
 1  38.2000000000000028  30.0000000000000000  35.5000000000000000  19.3999999999999986  26.6999999999999993  12.5999999999999996  10.8000000000000007  19.5000000000000000  13.5999999999999996   1.0280000000000000E+02  92.2000000000000028  83.0000000000000000   1.0140000000000001E+02   1.0809999999999999E+02  65.0000000000000000  29.8000000000000007  24.6000000000000014  38.1000000000000014  37.7999999999999972  20.6999999999999993  16.6000000000000014  47.0000000000000000  75.7000000000000028   1.7400000000000000E+02
 1  36.8999999999999986  29.0000000000000000  33.7000000000000028  15.5999999999999996  27.0000000000000000  11.5000000000000000  10.1999999999999993  18.3999999999999986  13.8000000000000007  96.9000000000000057  83.5999999999999943  67.5999999999999943  86.2000000000000028  99.0999999999999943  57.5000000000000000  26.3999999999999986  23.3000000000000007  38.5000000000000000  35.0000000000000000  22.1000000000000014  15.5999999999999996  19.0000000000000000  61.1000000000000014   1.7269999999999999E+02
 1  36.8999999999999986  26.8999999999999986  31.8999999999999986  16.1000000000000014  25.1999999999999993  13.4000000000000004  10.0000000000000000  18.8000000000000007  14.3000000000000007  95.5999999999999943  82.5999999999999943  65.4000000000000057  74.7999999999999972  89.2999999999999972  53.7000000000000028  26.3999999999999986  23.8000000000000007  34.0000000000000000  33.7000000000000028  19.1000000000000014  14.6999999999999993  44.0000000000000000  55.7000000000000028   1.6759999999999999E+02
 1  34.7999999999999972  26.3999999999999986  29.8000000000000007  14.9000000000000004  25.1999999999999993  12.1999999999999993   9.0999999999999996  18.0000000000000000  12.4000000000000004  92.4000000000000057  77.0000000000000000  61.6000000000000014  74.0000000000000000  89.9000000000000057  53.6000000000000014  26.3000000000000007  23.1000000000000014  33.2999999999999972  32.3999999999999986  19.0000000000000000  14.1999999999999993  35.0000000000000000  48.7000000000000028   1.5109999999999999E+02
 1  36.6000000000000014  27.5000000000000000  30.0000000000000000  17.6999999999999993  24.1000000000000014  12.0000000000000000   9.3000000000000007  17.6999999999999993  13.1999999999999993  93.7000000000000028  79.2999999999999972  63.2000000000000028  75.5000000000000000  85.7999999999999972  51.6000000000000014  24.1999999999999993  22.3999999999999986  32.5000000000000000  31.3000000000000007  18.3999999999999986  14.6999999999999993  32.0000000000000000  52.2999999999999972   1.6450000000000000E+02
 1  36.8999999999999986  27.3999999999999986  31.0000000000000000  18.1999999999999993  25.6999999999999993  12.8000000000000007  10.4000000000000004  17.8000000000000007  14.0999999999999996  96.0999999999999943  84.2999999999999972  59.3999999999999986  74.0000000000000000  85.7999999999999972  51.0000000000000000  26.8999999999999986  23.0000000000000000  32.7999999999999972  32.1000000000000014  19.6999999999999993  15.0000000000000000  46.0000000000000000  50.0000000000000000   1.6350000000000000E+02
 1  36.8999999999999986  26.3999999999999986  32.3999999999999986  16.6000000000000014  26.0000000000000000  12.5999999999999996  10.5000000000000000  18.8999999999999986  14.4000000000000004   1.0009999999999999E+02  85.5999999999999943  62.7000000000000028  74.0000000000000000  96.0000000000000000  61.5000000000000000  28.0000000000000000  23.6000000000000014  35.3999999999999986  38.5000000000000000  21.3000000000000007  15.4000000000000004  22.0000000000000000  59.2999999999999972   1.5200000000000000E+02
 1  36.8999999999999986  30.1999999999999993  34.6000000000000014  17.5000000000000000  26.1999999999999993  13.1999999999999993  10.4000000000000004  19.3999999999999986  14.3000000000000007  98.7999999999999972  85.0000000000000000  66.5999999999999943  82.0000000000000000  98.7000000000000028  60.2999999999999972  30.3999999999999986  25.1999999999999993  35.7000000000000028  38.2000000000000028  21.8000000000000007  15.9000000000000004  49.0000000000000000  62.5000000000000000   1.6900000000000000E+02
 1  36.0000000000000000  28.6000000000000014  32.0000000000000000  17.5000000000000000  24.1000000000000014  12.8000000000000007   9.8000000000000007  18.6999999999999993  13.8000000000000007  92.2000000000000028  79.0999999999999943  64.5999999999999943  82.5000000000000000  94.9000000000000057  54.0000000000000000  24.6999999999999993  21.6999999999999993  37.3999999999999986  35.5000000000000000  21.0000000000000000  15.0000000000000000  52.0000000000000000  55.7000000000000028   1.6400000000000000E+02
 1  36.2000000000000028  30.1999999999999993  31.1999999999999993  16.8000000000000007  27.6999999999999993  11.5000000000000000   9.4000000000000004  17.3999999999999986  13.0999999999999996  97.2999999999999972  85.0000000000000000  65.7000000000000028  77.7000000000000028  90.5000000000000000  56.1000000000000014  29.3999999999999986  23.1000000000000014  33.2000000000000028  34.3999999999999986  20.3000000000000007  14.4000000000000004  25.0000000000000000  54.7999999999999972   1.6119999999999999E+02
 1  35.1000000000000014  28.1000000000000014  30.0000000000000000  17.1000000000000014  25.1999999999999993  12.0000000000000000   9.5999999999999996  19.0000000000000000  14.1999999999999993  90.5000000000000000  79.0000000000000000  63.0000000000000000  79.2000000000000028  86.5999999999999943  48.5000000000000000  26.3999999999999986  22.5000000000000000  32.2000000000000028  30.3000000000000007  20.1999999999999993  15.0000000000000000  48.0000000000000000  45.8999999999999986   1.5500000000000000E+02
 1  38.7999999999999972  27.1999999999999993  33.3999999999999986  17.1999999999999993  31.6000000000000014  12.9000000000000004  11.0000000000000000  18.1999999999999993  13.4000000000000004   1.1050000000000000E+02  96.2000000000000028  78.5000000000000000  93.4000000000000057   1.0300000000000000E+02  59.6000000000000014  30.1999999999999993  25.8999999999999986  37.0000000000000000  35.2000000000000028  23.1999999999999993  16.1999999999999993  41.0000000000000000  70.5999999999999943   1.7000000000000000E+02
 1  36.3999999999999986  26.1999999999999993  32.2000000000000028  17.3000000000000007  25.8000000000000007  13.0999999999999996  10.0999999999999996  17.8999999999999986  12.5999999999999996   1.0300000000000000E+02  86.0000000000000000  68.2000000000000028  76.2000000000000028  97.9000000000000057  59.7999999999999972  29.8000000000000007  25.0000000000000000  36.7999999999999972  38.1000000000000014  21.8000000000000007  16.1999999999999993  18.0000000000000000  67.2000000000000028   1.7619999999999999E+02
 1  38.6000000000000014  24.1999999999999993  34.3999999999999986  15.3000000000000007  29.0000000000000000  13.0999999999999996  10.4000000000000004  22.1000000000000014  14.4000000000000004   1.0900000000000000E+02  89.7999999999999972  68.5000000000000000  80.2000000000000028  98.0999999999999943  62.0000000000000000  30.1000000000000014  26.1999999999999993  40.8999999999999986  40.3999999999999986  23.3000000000000007  16.3999999999999986  30.0000000000000000  69.4000000000000057   1.7000000000000000E+02
 1  36.5000000000000000  26.0000000000000000  30.6999999999999993  15.9000000000000004  26.8000000000000007  12.0999999999999996  10.3000000000000007  17.0000000000000000  12.4000000000000004   1.0480000000000000E+02  84.5000000000000000  68.7999999999999972  70.5999999999999943  94.7999999999999972  56.5000000000000000  27.0000000000000000  23.3999999999999986  34.3999999999999986  35.2000000000000028  21.6000000000000014  14.5999999999999996  20.0000000000000000  58.2000000000000028   1.6250000000000000E+02
 1  37.5000000000000000  27.3999999999999986  31.1999999999999993  18.8999999999999986  26.5000000000000000  14.0000000000000000  11.0000000000000000  19.1000000000000014  13.5000000000000000   1.0920000000000000E+02  88.2000000000000028  69.0000000000000000  77.5999999999999943  96.5000000000000000  57.6000000000000014  28.6000000000000014  25.1999999999999993  37.0000000000000000  35.0000000000000000  22.1999999999999993  16.1999999999999993  24.0000000000000000  64.7999999999999972   1.7030000000000001E+02
 1  39.8999999999999986  20.0000000000000000  32.3999999999999986  17.6000000000000014  31.8999999999999986  13.5999999999999996  10.4000000000000004  18.5000000000000000  13.4000000000000004   1.1700000000000000E+02  99.5000000000000000  78.0000000000000000  87.5000000000000000   1.0300000000000000E+02  64.7999999999999972  31.1000000000000014  26.6000000000000014  35.2000000000000028  36.7000000000000028  21.8000000000000007  16.1999999999999993  23.0000000000000000  71.5999999999999943   1.6409999999999999E+02
 1  34.3999999999999986  26.1000000000000014  30.5000000000000000  18.8000000000000007  25.1999999999999993  12.0000000000000000   9.9000000000000004  17.5000000000000000  12.6999999999999993  93.9000000000000057  76.0999999999999943  62.0000000000000000  70.7999999999999972  86.7999999999999972  52.6000000000000014  24.3000000000000007  22.3000000000000007  34.2000000000000028  34.7999999999999972  20.1999999999999993  14.4000000000000004  30.0000000000000000  52.7999999999999972   1.6950000000000000E+02
 1  38.7000000000000028  23.5000000000000000  33.0000000000000000  16.3999999999999986  27.6000000000000014  12.5999999999999996   9.9000000000000004  17.5000000000000000  12.5999999999999996   1.0550000000000000E+02  85.7999999999999972  65.7999999999999972  70.5000000000000000  89.2999999999999972  57.3999999999999986  27.0000000000000000  23.1999999999999993  36.7999999999999972  36.2000000000000028  22.1000000000000014  15.8000000000000007  23.0000000000000000  59.7999999999999972   1.6319999999999999E+02
 1  32.6000000000000014  24.6000000000000014  29.3999999999999986  15.8000000000000007  25.0000000000000000  11.3000000000000007   9.1999999999999993  16.8999999999999986  11.9000000000000004  99.4000000000000057  82.0000000000000000  65.0000000000000000  77.2000000000000028  89.5000000000000000  53.3999999999999986  26.0000000000000000  21.3999999999999986  34.0000000000000000  33.8999999999999986  21.3999999999999986  14.4000000000000004  45.0000000000000000  49.0000000000000000   1.5450000000000000E+02
 1  34.5000000000000000  25.6000000000000014  29.1999999999999993  18.0000000000000000  24.1999999999999993  10.0999999999999996   9.0000000000000000  16.3000000000000007  11.5000000000000000  89.5000000000000000  77.5000000000000000  64.9000000000000057  74.5000000000000000  88.4000000000000057  53.3999999999999986  25.6000000000000014  22.3999999999999986  30.8999999999999986  32.6000000000000014  19.1000000000000014  14.0000000000000000  20.0000000000000000  50.0000000000000000   1.5980000000000001E+02
 1  36.7000000000000028  28.1999999999999993  33.0000000000000000  17.5000000000000000  25.6000000000000014  12.1999999999999993  10.0999999999999996  17.8000000000000007  13.5000000000000000  98.5000000000000000  85.7000000000000028  71.5000000000000000  82.0000000000000000   1.0050000000000000E+02  60.3999999999999986  28.0000000000000000  24.1999999999999993  36.6000000000000014  36.3999999999999986  21.8000000000000007  15.5999999999999996  20.0000000000000000  69.2000000000000028   1.7319999999999999E+02
 1  36.5000000000000000  27.0000000000000000  31.6000000000000014  16.6000000000000014  24.3999999999999986  11.9000000000000004   9.6999999999999993  18.0000000000000000  12.5000000000000000  94.9000000000000057  78.7999999999999972  61.3999999999999986  78.7999999999999972  94.0000000000000000  56.3999999999999986  27.1000000000000014  22.8000000000000007  35.3999999999999986  34.7999999999999972  21.0000000000000000  15.0000000000000000  23.0000000000000000  55.8999999999999986   1.7000000000000000E+02
 1  34.2000000000000028  28.0000000000000000  31.0000000000000000  20.3999999999999986  25.6000000000000014  12.4000000000000004   9.6999999999999993  18.5000000000000000  13.0000000000000000  96.2999999999999972  88.0000000000000000  75.4000000000000057  90.0000000000000000   1.0130000000000000E+02  63.1000000000000014  28.3999999999999986  22.6000000000000014  37.6000000000000014  34.2999999999999972  21.6999999999999993  14.8000000000000007  21.0000000000000000  63.3999999999999986   1.6140000000000001E+02
 1  37.7999999999999972  28.6000000000000014  30.6999999999999993  17.3000000000000007  25.3999999999999986  11.8000000000000007  10.5999999999999996  18.8000000000000007  13.3000000000000007  96.7999999999999972  80.2000000000000028  67.2000000000000028  78.2999999999999972  95.5000000000000000  54.7000000000000028  27.0000000000000000  22.1999999999999993  36.0000000000000000  35.3999999999999986  22.1999999999999993  15.5999999999999996  28.0000000000000000  58.2000000000000028   1.6900000000000000E+02
 1  35.7000000000000028  25.5000000000000000  32.5000000000000000  16.0000000000000000  27.1999999999999993  11.9000000000000004  10.0000000000000000  18.6000000000000014  13.5999999999999996   1.0250000000000000E+02  85.5999999999999943  69.5000000000000000  75.5000000000000000  95.2999999999999972  57.6000000000000014  28.5000000000000000  24.3999999999999986  35.2000000000000028  35.3999999999999986  21.8000000000000007  15.4000000000000004  45.0000000000000000  58.6000000000000014   1.6619999999999999E+02
 1  33.8999999999999986  24.3000000000000007  29.5000000000000000  15.8000000000000007  26.0000000000000000  11.5999999999999996   9.4000000000000004  16.3000000000000007  11.1999999999999993  95.2000000000000028  81.2999999999999972  57.8999999999999986  66.4000000000000057  84.0999999999999943  49.0000000000000000  26.6000000000000014  22.1999999999999993  33.6000000000000014  33.0000000000000000  19.6000000000000014  14.0000000000000000  24.0000000000000000  45.7000000000000028   1.5940000000000001E+02
 1  35.2000000000000028  24.1000000000000014  26.8999999999999986  17.8999999999999986  23.6000000000000014  12.0000000000000000   9.5000000000000000  17.5000000000000000  11.5000000000000000   1.0300000000000000E+02  84.5999999999999943  64.4000000000000057  77.9000000000000057  91.0000000000000000  53.3999999999999986  26.6000000000000014  23.3000000000000007  32.7000000000000028  33.0000000000000000  19.3999999999999986  14.1999999999999993  25.0000000000000000  52.2000000000000028   1.6250000000000000E+02
 1  37.1000000000000014  24.3000000000000007  28.3999999999999986  16.1999999999999993  25.8000000000000007  12.0999999999999996   9.8000000000000007  16.8000000000000007  12.1999999999999993  99.0999999999999943  82.2000000000000028  62.2999999999999972  68.7000000000000028  83.9000000000000057  52.7999999999999972  24.3999999999999986  22.1000000000000014  32.3999999999999986  32.5000000000000000  21.0000000000000000  14.8000000000000007  19.0000000000000000  48.6000000000000014   1.5900000000000000E+02
 1  37.7000000000000028  26.1999999999999993  30.8000000000000007  17.8000000000000007  25.1999999999999993  12.4000000000000004  10.1999999999999993  17.1999999999999993  11.8000000000000007   1.0409999999999999E+02  84.9000000000000057  68.7000000000000028  78.5999999999999943  93.0999999999999943  55.2000000000000028  28.1999999999999993  23.8000000000000007  34.6000000000000014  34.2999999999999972  21.5000000000000000  15.0000000000000000  20.0000000000000000  57.7999999999999972   1.6280000000000001E+02
 1  37.7999999999999972  28.1000000000000014  30.0000000000000000  17.8999999999999986  24.8999999999999986  11.0999999999999996   9.5999999999999996  18.0000000000000000  13.1999999999999993  99.5000000000000000  81.5000000000000000  68.0000000000000000  84.5999999999999943  92.2999999999999972  55.3999999999999986  27.3999999999999986  23.0000000000000000  34.5000000000000000  35.2999999999999972  21.6000000000000014  15.5999999999999996  29.0000000000000000  55.6000000000000014   1.5900000000000000E+02
 1  39.2999999999999972  24.5000000000000000  32.2999999999999972  21.3999999999999986  29.5000000000000000  13.4000000000000004  10.9000000000000004  18.1999999999999993  13.0000000000000000   1.1020000000000000E+02  89.9000000000000057  66.0000000000000000  79.9000000000000057  97.0999999999999943  59.0000000000000000  27.0000000000000000  24.1999999999999993  37.2000000000000028  39.0000000000000000  23.1999999999999993  16.1999999999999993  24.0000000000000000  66.7999999999999972   1.7980000000000001E+02
 1  37.2000000000000028  24.3999999999999986  29.3999999999999986  18.1000000000000014  27.3000000000000007  12.3000000000000007   9.9000000000000004  17.1000000000000014  12.1999999999999993   1.0709999999999999E+02  89.7999999999999972  71.2000000000000028  85.7000000000000028  97.5000000000000000  58.2000000000000028  28.1999999999999993  25.1999999999999993  34.2000000000000028  34.0000000000000000  20.3999999999999986  15.4000000000000004  24.0000000000000000  59.3999999999999986   1.6290000000000001E+02
 1  36.1000000000000014  26.8000000000000007  31.0000000000000000  16.1999999999999993  24.0000000000000000  11.0000000000000000   8.9000000000000004  17.8000000000000007  12.1999999999999993  95.7000000000000028  80.7999999999999972  64.7999999999999972  79.7999999999999972  92.0000000000000000  57.3999999999999986  26.5000000000000000  22.6000000000000014  31.0000000000000000  35.2000000000000028  20.3999999999999986  14.4000000000000004  25.0000000000000000  53.6000000000000014   1.6100000000000000E+02
 1  35.2000000000000028  25.1000000000000014  33.0000000000000000  20.0000000000000000  26.6000000000000014  11.5999999999999996   9.0999999999999996  21.0000000000000000  12.5999999999999996   1.0340000000000001E+02  88.4000000000000057  78.0000000000000000  85.5999999999999943   1.1209999999999999E+02  75.7000000000000028  33.7999999999999972  24.6000000000000014  38.2000000000000028  39.7999999999999972  22.0000000000000000  14.4000000000000004  31.0000000000000000  73.2000000000000028   1.5109999999999999E+02
 1  35.7999999999999972  27.6999999999999993  28.8999999999999986  16.3999999999999986  25.6000000000000014  11.5000000000000000   9.0999999999999996  17.1000000000000014  12.3000000000000007  94.5999999999999943  80.2000000000000028  60.7000000000000028  77.0000000000000000  89.9000000000000057  53.2999999999999972  25.1999999999999993  22.3999999999999986  34.2000000000000028  32.2000000000000028  19.0000000000000000  14.5999999999999996  22.0000000000000000  53.3999999999999986   1.6819999999999999E+02
 1  35.0000000000000000  25.6000000000000014  32.5000000000000000  17.8999999999999986  27.0000000000000000  12.5999999999999996   9.8000000000000007  18.6000000000000014  12.9000000000000004   1.0450000000000000E+02  89.5000000000000000  75.0000000000000000  95.0000000000000000   1.0490000000000001E+02  63.2000000000000028  29.6000000000000014  23.8999999999999986  37.6000000000000014  36.6000000000000014  22.0000000000000000  15.0999999999999996  20.0000000000000000  69.0000000000000000   1.6890000000000001E+02
 1  37.7999999999999972  29.8999999999999986  31.1000000000000014  17.3000000000000007  25.8000000000000007  10.9000000000000004   9.4000000000000004  15.6999999999999993  11.5000000000000000  97.7000000000000028  83.7000000000000028  68.5999999999999943  83.0000000000000000  94.2000000000000028  58.0000000000000000  26.1999999999999993  22.1000000000000014  32.2000000000000028  35.8999999999999986  19.8999999999999986  14.5999999999999996  32.0000000000000000  58.3999999999999986   1.7319999999999999E+02
 1  35.7000000000000028  27.0000000000000000  29.8000000000000007  16.5000000000000000  26.1999999999999993  12.0999999999999996   9.5999999999999996  18.0000000000000000  13.5999999999999996  96.4000000000000057  82.5000000000000000  67.0999999999999943  75.0000000000000000  90.4000000000000057  53.2000000000000028  27.3000000000000007  23.6000000000000014  35.8999999999999986  36.6000000000000014  23.8000000000000007  15.3000000000000007  25.0000000000000000  56.2000000000000028   1.7180000000000001E+02
 1  39.5000000000000000  29.8000000000000007  31.5000000000000000  19.1999999999999993  25.3999999999999986  13.0000000000000000  10.5999999999999996  19.1000000000000014  13.4000000000000004   1.0300000000000000E+02  85.5000000000000000  68.0000000000000000  84.5000000000000000  99.5000000000000000  60.7999999999999972  26.5000000000000000  24.1999999999999993  40.5000000000000000  39.3999999999999986  23.1999999999999993  15.8000000000000007  19.0000000000000000  70.5999999999999943   1.7800000000000000E+02
 1  38.7999999999999972  26.3000000000000007  31.5000000000000000  19.0000000000000000  25.8999999999999986  11.5999999999999996   9.9000000000000004  18.8000000000000007  13.0999999999999996   1.0340000000000001E+02  88.2999999999999972  71.0000000000000000  87.0999999999999943  98.7000000000000028  59.2000000000000028  28.1999999999999993  23.6000000000000014  35.6000000000000014  35.7999999999999972  20.8000000000000007  15.5000000000000000  23.0000000000000000  59.7999999999999972   1.6430000000000001E+02
 1  37.8999999999999986  29.0000000000000000  32.8999999999999986  18.6000000000000014  27.0000000000000000  12.6999999999999993  10.5999999999999996  18.1999999999999993  12.0999999999999996   1.0950000000000000E+02  91.5000000000000000  76.0000000000000000  82.5000000000000000   1.0350000000000000E+02  64.7999999999999972  29.5000000000000000  25.1999999999999993  39.2000000000000028  37.0000000000000000  21.8000000000000007  15.8000000000000007  22.0000000000000000  72.0000000000000000   1.6300000000000000E+02
 1  37.7000000000000028  25.0000000000000000  30.3999999999999986  16.6000000000000014  29.3000000000000007  12.4000000000000004  10.1999999999999993  18.6000000000000014  12.6999999999999993   1.1070000000000000E+02  92.2000000000000028  70.2999999999999972  82.7999999999999972   1.0000000000000000E+02  59.6000000000000014  30.8000000000000007  25.3999999999999986  37.0000000000000000  37.0000000000000000  23.0000000000000000  16.0000000000000000  20.0000000000000000  65.2000000000000028   1.6850000000000000E+02
 1  38.2000000000000028  25.8999999999999986  30.1999999999999993  16.8999999999999986  24.8000000000000007  11.6999999999999993   9.4000000000000004  16.8999999999999986  11.6999999999999993   1.0220000000000000E+02  80.5000000000000000  69.5000000000000000  81.0000000000000000  95.2000000000000028  56.2000000000000028  27.3999999999999986  23.8000000000000007  35.3999999999999986  34.0000000000000000  21.3000000000000007  15.1999999999999993  27.0000000000000000  56.6000000000000014   1.6680000000000001E+02
 1  40.0000000000000000  31.0000000000000000  35.7999999999999972  21.3000000000000007  33.2000000000000028  14.0999999999999996  12.1999999999999993  24.3000000000000007  12.9000000000000004   1.2950000000000000E+02   1.0800000000000000E+02   1.0150000000000000E+02   1.0550000000000000E+02   1.1400000000000000E+02  70.0000000000000000  40.2999999999999972  30.8000000000000007  45.6000000000000014  45.0000000000000000  25.8000000000000007  18.1999999999999993  34.0000000000000000   1.0520000000000000E+02   1.7269999999999999E+02
 1  35.7000000000000028  28.3000000000000007  29.6000000000000014  17.3999999999999986  23.3000000000000007  10.6999999999999993   8.6999999999999993  16.8000000000000007  11.3000000000000007  99.2000000000000028  80.0000000000000000  67.2000000000000028  75.2000000000000028  91.2000000000000028  53.6000000000000014  27.1000000000000014  23.1999999999999993  34.6000000000000014  34.2000000000000028  20.3000000000000007  14.1999999999999993  25.0000000000000000  51.7999999999999972   1.6350000000000000E+02
 1  35.7000000000000028  25.8999999999999986  29.3000000000000007  14.6999999999999993  29.1000000000000014  13.1999999999999993  10.9000000000000004  18.1000000000000014  13.0999999999999996   1.0470000000000000E+02  89.5000000000000000  68.7000000000000028  81.0000000000000000  93.7999999999999972  58.0000000000000000  30.0000000000000000  24.3999999999999986  35.8999999999999986  37.3999999999999986  22.0000000000000000  16.0000000000000000  26.0000000000000000  63.3999999999999986   1.6940000000000001E+02
 1  36.0000000000000000  27.6000000000000014  29.0000000000000000  18.6000000000000014  25.0000000000000000  11.8000000000000007   9.1999999999999993  18.0000000000000000  11.4000000000000004  98.9000000000000057  84.9000000000000057  66.0000000000000000  81.0000000000000000  92.0000000000000000  56.2000000000000028  26.3999999999999986  22.6000000000000014  35.3999999999999986  35.6000000000000014  21.0000000000000000  14.5000000000000000  19.0000000000000000  59.0000000000000000   1.6780000000000001E+02
 1  35.0000000000000000  25.0000000000000000  27.1999999999999993  15.4000000000000004  23.3999999999999986  10.8000000000000007   8.6999999999999993  16.8000000000000007  12.1999999999999993  98.5000000000000000  80.7999999999999972  67.5000000000000000  75.4000000000000057  85.7999999999999972  53.7999999999999972  24.8000000000000007  21.5000000000000000  33.0000000000000000  33.0000000000000000  20.0000000000000000  14.0000000000000000  26.0000000000000000  47.6000000000000014   1.5950000000000000E+02
 1  37.0000000000000000  26.8999999999999986  32.3999999999999986  16.6000000000000014  25.3999999999999986  12.9000000000000004  10.0000000000000000  18.1000000000000014  13.0999999999999996   1.0220000000000000E+02  81.0000000000000000  65.2000000000000028  75.9000000000000057  95.4000000000000057  58.5000000000000000  27.1999999999999993  25.3000000000000007  37.5000000000000000  38.3999999999999986  23.1999999999999993  15.8000000000000007  25.0000000000000000  63.0000000000000000   1.6759999999999999E+02
 1  36.7000000000000028  23.5000000000000000  29.5000000000000000  17.1999999999999993  28.3000000000000007  11.5000000000000000   9.5000000000000000  16.1000000000000014   9.9000000000000004   1.0020000000000000E+02  88.7000000000000028  64.2000000000000028  76.7999999999999972  88.4000000000000057  56.0000000000000000  29.0000000000000000  23.8000000000000007  33.8999999999999986  33.2000000000000028  20.5000000000000000  15.0000000000000000  20.0000000000000000  55.2000000000000028   1.6119999999999999E+02
 1  32.7999999999999972  26.1999999999999993  26.3000000000000007  16.1000000000000014  23.6000000000000014  10.5999999999999996   9.1999999999999993  16.3999999999999986  11.6999999999999993  85.9000000000000057  74.5000000000000000  61.0000000000000000  65.2999999999999972  84.5000000000000000  51.5000000000000000  22.3999999999999986  19.6000000000000014  30.3999999999999986  28.3999999999999986  17.3999999999999986  13.1999999999999993  21.0000000000000000  45.0000000000000000   1.6000000000000000E+02
 1  34.7999999999999972  20.3000000000000007  31.0000000000000000  17.3000000000000007  26.8000000000000007  11.5999999999999996   9.8000000000000007  17.8999999999999986  12.4000000000000004  99.7999999999999972  81.9000000000000057  60.2000000000000028  64.2000000000000028  91.7000000000000028  53.2999999999999972  26.0000000000000000  23.1999999999999993  36.0000000000000000  35.7999999999999972  21.1999999999999993  15.1999999999999993  18.0000000000000000  54.0000000000000000   1.6319999999999999E+02
 1  35.0000000000000000  23.6999999999999993  29.0000000000000000  15.4000000000000004  23.6000000000000014  11.5000000000000000   9.5999999999999996  16.6000000000000014  11.5999999999999996  93.2999999999999972  75.7999999999999972  62.6000000000000014  72.9000000000000057  87.4000000000000057  54.0000000000000000  26.3999999999999986  21.8000000000000007  34.5000000000000000  33.0000000000000000  20.6999999999999993  14.4000000000000004  19.0000000000000000  50.2000000000000028   1.6219999999999999E+02
 1  38.7000000000000028  27.1000000000000014  31.3999999999999986  16.5000000000000000  27.5000000000000000  12.8000000000000007   9.1999999999999993  18.8000000000000007  12.5000000000000000   1.0730000000000000E+02  88.0000000000000000  72.7000000000000028  76.7000000000000028  95.9000000000000057  56.6000000000000014  29.5000000000000000  25.3000000000000007  36.7999999999999972  37.6000000000000014  22.3999999999999986  16.6000000000000014  27.0000000000000000  60.2000000000000028   1.6130000000000001E+02
 1  32.7999999999999972  20.8999999999999986  28.1999999999999993  17.1999999999999993  22.1999999999999993  11.3000000000000007   9.5000000000000000  16.0000000000000000  11.1999999999999993  90.0000000000000000  72.5999999999999943  58.5000000000000000  67.2000000000000028  84.2999999999999972  52.2000000000000028  25.0000000000000000  20.6999999999999993  31.6999999999999993  32.0000000000000000  20.1000000000000014  13.0999999999999996  26.0000000000000000  44.7999999999999972   1.4950000000000000E+02
 1  36.7000000000000028  23.0000000000000000  30.8000000000000007  17.0000000000000000  27.6000000000000014  13.0999999999999996  11.0000000000000000  17.0000000000000000  12.9000000000000004   1.0150000000000000E+02  88.0000000000000000  67.5000000000000000  79.5000000000000000  96.5000000000000000  56.2999999999999972  28.3999999999999986  24.6000000000000014  35.6000000000000014  33.5000000000000000  21.8000000000000007  16.0000000000000000  36.0000000000000000  58.7999999999999972   1.5750000000000000E+02
 1  38.7999999999999972  26.5000000000000000  29.8000000000000007  17.3999999999999986  28.1999999999999993  12.0000000000000000   9.4000000000000004  17.6999999999999993  12.5999999999999996   1.0509999999999999E+02  86.0000000000000000  66.0999999999999943  73.2000000000000028  91.7999999999999972  54.3999999999999986  27.3999999999999986  23.8000000000000007  35.0000000000000000  33.0000000000000000  20.1999999999999993  14.9000000000000004  20.0000000000000000  56.3999999999999986   1.6319999999999999E+02
 1  36.3999999999999986  24.8999999999999986  30.8000000000000007  16.5000000000000000  26.6999999999999993  12.4000000000000004  10.5000000000000000  18.3999999999999986  12.8000000000000007   1.0100000000000000E+02  85.5000000000000000  68.0000000000000000  86.0999999999999943   1.0100000000000000E+02  59.6000000000000014  28.0000000000000000  23.3000000000000007  36.1000000000000014  35.1000000000000014  21.6000000000000014  15.5999999999999996  28.0000000000000000  62.0000000000000000   1.7269999999999999E+02
 1  34.0000000000000000  27.8000000000000007  29.6000000000000014  16.5000000000000000  24.3999999999999986   9.9000000000000004   8.9000000000000004  17.0000000000000000  11.5000000000000000  91.9000000000000057  80.4000000000000057  64.0000000000000000  85.0000000000000000  92.5999999999999943  54.7999999999999972  25.6000000000000014  20.6999999999999993  32.7000000000000028  31.5000000000000000  18.8999999999999986  13.4000000000000004  32.0000000000000000  49.2000000000000028   1.5500000000000000E+02
 1  38.2000000000000028  27.5000000000000000  30.0000000000000000  20.3999999999999986  29.1999999999999993  11.8000000000000007   9.1999999999999993  17.8000000000000007  11.5000000000000000   1.1209999999999999E+02  98.0999999999999943  90.0999999999999943  90.0999999999999943  95.2000000000000028  53.7999999999999972  32.1000000000000014  25.8000000000000007  34.7000000000000028  37.2000000000000028  21.5000000000000000  15.8000000000000007  32.0000000000000000  67.2000000000000028   1.5650000000000000E+02
 1  35.1000000000000014  23.3999999999999986  30.6000000000000014  16.1999999999999993  26.8000000000000007  12.0999999999999996   9.4000000000000004  16.1000000000000014  12.1999999999999993  98.2000000000000028  82.0000000000000000  64.0999999999999943  74.0999999999999943  96.0000000000000000  53.7000000000000028  26.6000000000000014  23.1999999999999993  35.2000000000000028  35.0000000000000000  21.0000000000000000  14.8000000000000007  23.0000000000000000  53.7999999999999972   1.6400000000000000E+02
 1  36.0000000000000000  25.1999999999999993  28.3999999999999986  15.4000000000000004  26.8999999999999986  11.1999999999999993   9.9000000000000004  16.8000000000000007  12.0999999999999996   1.0250000000000000E+02  89.0000000000000000  72.4000000000000057  80.2999999999999972  89.9000000000000057  52.6000000000000014  27.6000000000000014  23.8000000000000007  33.2000000000000028  34.3999999999999986  21.3000000000000007  14.5999999999999996  20.0000000000000000  54.3999999999999986   1.6090000000000001E+02
 1  35.8999999999999986  25.1000000000000014  28.1999999999999993  18.1000000000000014  26.1000000000000014  11.5999999999999996   8.5000000000000000  16.8000000000000007  11.0000000000000000  98.4000000000000057  85.7999999999999972  71.0000000000000000  85.0000000000000000  92.7000000000000028  57.2999999999999972  28.3999999999999986  23.6000000000000014  34.2000000000000028  34.0000000000000000  19.8000000000000007  13.8000000000000007  20.0000000000000000  58.0000000000000000   1.6280000000000001E+02
 1  35.0000000000000000  27.1000000000000014  30.1000000000000014  19.5000000000000000  24.8999999999999986  12.4000000000000004   9.9000000000000004  18.1999999999999993  12.5000000000000000  96.7999999999999972  85.9000000000000057  69.0999999999999943  77.2000000000000028  94.0999999999999943  56.2000000000000028  28.8999999999999986  23.1000000000000014  35.0000000000000000  34.3999999999999986  20.0000000000000000  15.0000000000000000  20.0000000000000000  59.7999999999999972   1.6700000000000000E+02
 1  35.2000000000000028  24.3999999999999986  29.8000000000000007  15.0999999999999996  26.0000000000000000  13.0000000000000000   9.1999999999999993  17.3000000000000007  12.1999999999999993   1.0390000000000001E+02  82.5000000000000000  66.0999999999999943  74.9000000000000057  93.7999999999999972  54.2000000000000028  27.8000000000000007  24.0000000000000000  35.2999999999999972  33.7000000000000028  22.0000000000000000  14.5999999999999996  23.0000000000000000  54.7999999999999972   1.6000000000000000E+02
 1  34.8999999999999986  26.1999999999999993  28.5000000000000000  14.5999999999999996  23.5000000000000000  10.4000000000000004   8.6999999999999993  16.0000000000000000  11.0999999999999996  92.7000000000000028  74.5000000000000000  59.5000000000000000  65.5000000000000000  78.7999999999999972  46.2999999999999972  23.1999999999999993  20.8000000000000007  31.6000000000000014  29.6000000000000014  18.6000000000000014  13.8000000000000007  20.0000000000000000  43.2000000000000028   1.6000000000000000E+02
 1  36.0000000000000000  28.1000000000000014  31.0000000000000000  18.8000000000000007  27.3999999999999986  11.5000000000000000   9.6999999999999993  17.5000000000000000  12.8000000000000007   1.0500000000000000E+02  89.4000000000000057  71.5000000000000000  80.5999999999999943  96.0000000000000000  56.8999999999999986  26.8000000000000007  22.0000000000000000  33.7999999999999972  33.5000000000000000  21.1000000000000014  15.3000000000000007  28.0000000000000000  60.5000000000000000   1.6890000000000001E+02
 1  36.3999999999999986  27.6999999999999993  29.8000000000000007  17.0000000000000000  25.0000000000000000  11.1999999999999993   9.0000000000000000  16.8999999999999986  12.1999999999999993  94.0000000000000000  80.2999999999999972  65.0000000000000000  73.2999999999999972  84.9000000000000057  50.7999999999999972  25.0000000000000000  22.1999999999999993  31.6000000000000014  31.6000000000000014  18.8000000000000007  14.1999999999999993  23.0000000000000000  46.3999999999999986   1.5819999999999999E+02
 1  35.5000000000000000  27.6999999999999993  30.6999999999999993  20.6000000000000014  24.8999999999999986  11.5999999999999996   8.9000000000000004  17.8999999999999986  11.5000000000000000   1.0150000000000000E+02  85.5999999999999943  71.5000000000000000  82.0000000000000000  97.5000000000000000  63.0000000000000000  28.3999999999999986  23.5000000000000000  39.1000000000000014  38.2000000000000028  20.3999999999999986  14.4000000000000004  19.0000000000000000  64.4000000000000057   1.5600000000000000E+02
 1  34.1000000000000014  18.6999999999999993  27.1999999999999993  16.1000000000000014  24.6000000000000014  11.1999999999999993   9.5000000000000000  16.1000000000000014  11.9000000000000004  92.0000000000000000  83.0000000000000000  63.0000000000000000  72.0000000000000000  86.0000000000000000  53.0000000000000000  24.1000000000000014  22.0000000000000000  30.0000000000000000  31.1999999999999993  20.3999999999999986  14.4000000000000004  28.0000000000000000  48.7999999999999972   1.6000000000000000E+02
 1  37.1000000000000014  25.0000000000000000  29.3000000000000007  17.1000000000000014  28.1000000000000014  13.0000000000000000  10.9000000000000004  17.5000000000000000  13.0000000000000000   1.0850000000000000E+02  88.2000000000000028  70.0000000000000000  81.2000000000000028  96.7999999999999972  59.7999999999999972  30.1000000000000014  25.1999999999999993  35.7999999999999972  35.0000000000000000  21.6999999999999993  16.0000000000000000  19.0000000000000000  62.2000000000000028   1.6709999999999999E+02
 1  35.2000000000000028  26.0000000000000000  30.3999999999999986  17.3000000000000007  25.5000000000000000  11.0999999999999996   9.0000000000000000  17.1000000000000014  12.0000000000000000  93.7999999999999972  85.5000000000000000  70.4000000000000057  82.4000000000000057  93.5000000000000000  57.5000000000000000  28.3000000000000007  21.8999999999999986  33.1000000000000014  32.7999999999999972  19.0000000000000000  13.9000000000000004  29.0000000000000000  55.5000000000000000   1.5800000000000000E+02
 1  37.5000000000000000  26.0000000000000000  29.3999999999999986  17.6000000000000014  26.5000000000000000  12.3000000000000007  10.4000000000000004  18.3000000000000007  12.6999999999999993  99.7999999999999972  80.5999999999999943  64.2999999999999972  75.0000000000000000  93.0000000000000000  55.6000000000000014  28.1999999999999993  23.8000000000000007  35.6000000000000014  35.5000000000000000  22.0000000000000000  15.5000000000000000  32.0000000000000000  57.7999999999999972   1.6759999999999999E+02
 1  36.2999999999999972  24.8999999999999986  31.0000000000000000  16.6000000000000014  27.6999999999999993  12.5000000000000000  10.0000000000000000  18.1000000000000014  13.0000000000000000   1.0030000000000000E+02  81.0000000000000000  66.0000000000000000  73.2000000000000028  90.2000000000000028  54.7999999999999972  26.8000000000000007  23.8000000000000007  34.7000000000000028  34.5000000000000000  21.3999999999999986  15.1999999999999993  20.0000000000000000  54.6000000000000014   1.5600000000000000E+02
 1  37.2000000000000028  26.0000000000000000  28.5000000000000000  18.8000000000000007  25.0000000000000000  12.3000000000000007   9.6999999999999993  18.3999999999999986  13.0000000000000000   1.0150000000000000E+02  83.5999999999999943  70.5000000000000000  78.5000000000000000  91.9000000000000057  56.7999999999999972  30.5000000000000000  24.3000000000000007  35.7999999999999972  36.8999999999999986  20.3999999999999986  15.6999999999999993  28.0000000000000000  59.2000000000000028   1.6209999999999999E+02
 1  37.6000000000000014  27.6999999999999993  30.1999999999999993  17.3999999999999986  25.6999999999999993  12.0000000000000000   9.0999999999999996  17.5000000000000000  12.0999999999999996  94.7000000000000028  79.4000000000000057  62.0000000000000000  73.0000000000000000  88.5000000000000000  53.6000000000000014  24.6999999999999993  22.3999999999999986  33.5000000000000000  33.0000000000000000  19.3999999999999986  14.5000000000000000  36.0000000000000000  52.7000000000000028   1.7340000000000001E+02
 1  33.6000000000000014  24.3000000000000007  27.8999999999999986  18.1999999999999993  24.6999999999999993  11.0000000000000000   8.4000000000000004  16.6000000000000014  11.0999999999999996   1.0309999999999999E+02  82.9000000000000057  67.5999999999999943  73.9000000000000057  90.2000000000000028  56.3999999999999986  30.1999999999999993  24.1999999999999993  34.1000000000000014  33.7999999999999972  20.6000000000000014  14.8000000000000007  22.0000000000000000  53.2000000000000028   1.5980000000000001E+02
 1  34.5000000000000000  29.1999999999999993  31.8999999999999986  18.3000000000000007  23.6000000000000014  11.0000000000000000   9.3000000000000007  18.6999999999999993  12.4000000000000004  94.5000000000000000  83.2000000000000028  65.0000000000000000  80.9000000000000057  97.5999999999999943  62.2000000000000028  27.1999999999999993  22.8000000000000007  38.6000000000000014  37.3999999999999986  20.6000000000000014  14.8000000000000007  20.0000000000000000  64.5000000000000000   1.7050000000000000E+02
 1  36.0000000000000000  27.1000000000000014  31.3999999999999986  18.5000000000000000  24.6000000000000014  11.9000000000000004   9.4000000000000004  15.9000000000000004  11.9000000000000004  97.0999999999999943  78.0999999999999943  64.0000000000000000  75.9000000000000057  95.0000000000000000  55.8999999999999986  25.1999999999999993  23.0000000000000000  32.2999999999999972  34.7999999999999972  20.3000000000000007  13.4000000000000004  22.0000000000000000  51.7999999999999972   1.5919999999999999E+02
 1  35.3999999999999986  27.0000000000000000  29.0000000000000000  17.8000000000000007  25.0000000000000000  11.5999999999999996   9.1999999999999993  18.1999999999999993  12.0999999999999996  98.0000000000000000  82.4000000000000057  70.5000000000000000  81.5999999999999943  98.0000000000000000  61.3999999999999986  27.1999999999999993  23.1999999999999993  35.6000000000000014  30.5000000000000000  20.1000000000000014  14.5999999999999996  32.0000000000000000  56.0000000000000000   1.5750000000000000E+02
 1  35.7999999999999972  28.3000000000000007  30.1999999999999993  19.1999999999999993  24.8999999999999986  12.0000000000000000   9.1999999999999993  18.3999999999999986  14.1999999999999993   1.0240000000000001E+02  90.0000000000000000  79.2000000000000028  95.2000000000000028  97.4000000000000057  61.7000000000000028  27.8000000000000007  23.3999999999999986  36.0000000000000000  35.7000000000000028  23.8000000000000007  14.0999999999999996  40.0000000000000000  63.6000000000000014   1.6130000000000001E+02
 1  38.2999999999999972  28.3000000000000007  32.3999999999999986  18.6999999999999993  28.3000000000000007  13.9000000000000004  10.5999999999999996  18.8999999999999986  14.0000000000000000   1.0909999999999999E+02  92.4000000000000057  71.0999999999999943  91.5000000000000000  98.2000000000000028  55.2999999999999972  29.6000000000000014  24.6000000000000014  34.2999999999999972  36.6000000000000014  20.6999999999999993  15.5999999999999996  40.0000000000000000  63.2000000000000028   1.6259999999999999E+02
 1  33.7999999999999972  28.6999999999999993  32.8999999999999986  17.6999999999999993  23.5000000000000000  12.5999999999999996   9.4000000000000004  18.1999999999999993  13.1999999999999993  94.7000000000000028  86.7000000000000028  74.7000000000000028  90.7999999999999972   1.0000000000000000E+02  59.3999999999999986  31.0000000000000000  23.6999999999999993  35.7000000000000028  34.0000000000000000  20.8999999999999986  14.1999999999999993  42.0000000000000000  59.5000000000000000   1.6000000000000000E+02
 1  36.8999999999999986  31.1000000000000014  33.7999999999999972  16.8000000000000007  26.6000000000000014  13.0000000000000000   9.8000000000000007  18.3999999999999986  13.8000000000000007  98.2000000000000028  84.0000000000000000  62.8999999999999986  76.7999999999999972  95.5000000000000000  52.7999999999999972  26.3999999999999986  23.1000000000000014  34.6000000000000014  32.2999999999999972  20.3999999999999986  14.6999999999999993  40.0000000000000000  56.7999999999999972   1.6890000000000001E+02
 1  34.8999999999999986  28.0000000000000000  33.1000000000000014  18.0000000000000000  26.1000000000000014  12.5999999999999996   9.5999999999999996  18.8000000000000007  12.1999999999999993   1.0150000000000000E+02  86.0000000000000000  70.5999999999999943  91.9000000000000057   1.0190000000000001E+02  62.0000000000000000  29.1000000000000014  24.1999999999999993  37.2000000000000028  33.1000000000000014  19.8999999999999986  15.0000000000000000  44.0000000000000000  64.0999999999999943   1.6509999999999999E+02
 1  35.1000000000000014  28.3000000000000007  29.6999999999999993  18.1999999999999993  27.3000000000000007  13.0000000000000000   9.3000000000000007  17.6999999999999993  13.8000000000000007  96.5999999999999943  84.5000000000000000  61.6000000000000014  81.0000000000000000  87.5999999999999943  51.6000000000000014  27.3999999999999986  23.6999999999999993  32.3999999999999986  32.8999999999999986  20.3000000000000007  14.5999999999999996  30.0000000000000000  50.0000000000000000   1.6259999999999999E+02
 1  37.3999999999999986  30.1999999999999993  34.2000000000000028  21.6000000000000014  28.3000000000000007  13.1999999999999993  10.0000000000000000  19.6000000000000014  14.0999999999999996   1.0609999999999999E+02  91.2000000000000028  74.2000000000000028  98.2000000000000028   1.0259999999999999E+02  61.5000000000000000  31.3999999999999986  25.0000000000000000  37.6000000000000014  41.8999999999999986  24.3000000000000007  15.4000000000000004  28.0000000000000000  72.2999999999999972   1.6509999999999999E+02
 1  36.8999999999999986  27.5000000000000000  31.1000000000000014  16.3000000000000007  26.6000000000000014  12.8000000000000007   9.8000000000000007  18.0000000000000000  14.0000000000000000   1.0009999999999999E+02  81.0999999999999943  65.5000000000000000  82.2999999999999972  90.4000000000000057  53.2999999999999972  26.8000000000000007  22.3000000000000007  34.2000000000000028  33.3999999999999986  21.5000000000000000  14.5000000000000000  37.0000000000000000  55.0000000000000000   1.6640000000000001E+02
 1  36.0000000000000000  28.0000000000000000  30.3999999999999986  16.3000000000000007  26.3999999999999986  12.1999999999999993   9.1999999999999993  17.6000000000000014  12.8000000000000007   1.0530000000000000E+02  87.5999999999999943  67.7000000000000028  84.2000000000000028  92.0000000000000000  54.2999999999999972  28.1999999999999993  23.8000000000000007  33.0000000000000000  32.7000000000000028  18.8000000000000007  14.6999999999999993  40.0000000000000000  55.8999999999999986   1.6000000000000000E+02
 1  32.8999999999999986  26.6000000000000014  32.2000000000000028  18.5000000000000000  25.1999999999999993  12.0000000000000000   8.4000000000000004  19.3999999999999986  12.0000000000000000  99.7999999999999972  88.2000000000000028  72.9000000000000057  97.4000000000000057   1.0220000000000000E+02  60.1000000000000014  29.8999999999999986  24.1000000000000014  33.7999999999999972  33.5000000000000000  21.0000000000000000  15.0999999999999996  45.0000000000000000  60.3999999999999986   1.5240000000000001E+02
 1  38.2999999999999972  31.6999999999999993  37.3999999999999986  19.1999999999999993  28.5000000000000000  13.1999999999999993   9.3000000000000007  18.6000000000000014  13.8000000000000007   1.0390000000000001E+02  88.2000000000000028  72.0999999999999943  96.2999999999999972   1.0670000000000000E+02  62.0000000000000000  27.3000000000000007  23.1000000000000014  34.6000000000000014  35.6000000000000014  23.5000000000000000  14.6999999999999993  35.0000000000000000  69.0999999999999943   1.7019999999999999E+02
 1  37.6000000000000014  30.6999999999999993  35.6000000000000014  24.6999999999999993  32.2000000000000028  14.0000000000000000  10.5999999999999996  21.1999999999999993  14.5000000000000000   1.1100000000000000E+02   1.0420000000000000E+02  93.4000000000000057   1.1109999999999999E+02   1.0980000000000000E+02  67.7000000000000028  35.7000000000000028  28.6000000000000014  41.5000000000000000  38.6000000000000014  22.3000000000000007  17.3000000000000007  41.0000000000000000  84.5000000000000000   1.6259999999999999E+02
 1  36.7000000000000028  28.0000000000000000  31.6999999999999993  17.3000000000000007  27.3000000000000007  13.0999999999999996  10.5999999999999996  18.3999999999999986  13.4000000000000004  99.0000000000000000  84.7999999999999972  60.7000000000000028  78.0000000000000000  89.0999999999999943  52.6000000000000014  26.6000000000000014  22.8000000000000007  32.5000000000000000  34.6000000000000014  21.1999999999999993  14.0999999999999996  27.0000000000000000  55.8999999999999986   1.7019999999999999E+02
 1  38.8999999999999986  25.1999999999999993  31.5000000000000000  17.3000000000000007  24.1999999999999993  12.9000000000000004   9.8000000000000007  18.0000000000000000  12.8000000000000007   1.0250000000000000E+02  84.2999999999999972  69.2000000000000028  85.2999999999999972  93.0000000000000000  53.8999999999999986  27.8999999999999986  23.6999999999999993  35.5000000000000000  33.1000000000000014  21.8999999999999986  15.0999999999999996  20.0000000000000000  55.5000000000000000   1.5880000000000001E+02
 1  37.7999999999999972  28.0000000000000000  32.0000000000000000  16.8000000000000007  28.3000000000000007  12.6999999999999993   9.8000000000000007  18.1000000000000014  13.1999999999999993   1.0559999999999999E+02  91.0000000000000000  75.5000000000000000  90.7000000000000028  98.5999999999999943  62.7000000000000028  31.5000000000000000  24.8000000000000007  37.2000000000000028  35.3999999999999986  20.3000000000000007  14.5999999999999996  24.0000000000000000  69.5000000000000000   1.7269999999999999E+02
 1  38.0000000000000000  31.6999999999999993  32.8999999999999986  22.3000000000000007  25.1999999999999993  12.4000000000000004  10.0000000000000000  19.6000000000000014  13.8000000000000007  99.5000000000000000  90.5000000000000000  85.5999999999999943   1.1170000000000000E+02   1.1209999999999999E+02  64.2999999999999972  31.3000000000000007  25.0000000000000000  35.5000000000000000  38.0000000000000000  21.0000000000000000  14.5999999999999996  36.0000000000000000  76.4000000000000057   1.6759999999999999E+02
 1  38.7000000000000028  30.3999999999999986  31.3000000000000007  18.6999999999999993  26.8000000000000007  12.4000000000000004  10.0000000000000000  19.3999999999999986  13.5999999999999996   1.0650000000000000E+02  89.5999999999999943  71.5999999999999943  92.7000000000000028  95.0000000000000000  56.7999999999999972  27.1999999999999993  24.3000000000000007  36.2000000000000028  35.7999999999999972  20.1000000000000014  14.5999999999999996  27.0000000000000000  61.3999999999999986   1.6259999999999999E+02
 1  37.1000000000000014  27.1000000000000014  32.6000000000000014  17.3000000000000007  26.6000000000000014  13.1999999999999993  10.3000000000000007  19.0000000000000000  14.4000000000000004   1.0409999999999999E+02  89.2999999999999972  75.5000000000000000  98.9000000000000057   1.0020000000000000E+02  57.7999999999999972  30.3000000000000007  23.8000000000000007  37.2999999999999972  37.0000000000000000  22.5000000000000000  15.0999999999999996  32.0000000000000000  65.9000000000000057   1.6759999999999999E+02
 1  35.7999999999999972  30.1999999999999993  33.5000000000000000  20.6000000000000014  27.5000000000000000  12.4000000000000004   9.4000000000000004  18.3999999999999986  13.0000000000000000  99.7000000000000028  90.0000000000000000  73.7000000000000028  92.7000000000000028   1.0120000000000000E+02  57.3999999999999986  28.1000000000000014  23.3000000000000007  33.8999999999999986  33.2999999999999972  21.1999999999999993  14.9000000000000004  64.0000000000000000  58.6000000000000014   1.5619999999999999E+02
 1  38.5000000000000000  30.3999999999999986  35.1000000000000014  18.1999999999999993  27.3000000000000007  13.8000000000000007  10.6999999999999993  19.0000000000000000  14.4000000000000004   1.0659999999999999E+02  88.2000000000000028  67.9000000000000057  86.9000000000000057   1.0080000000000000E+02  60.2000000000000028  31.0000000000000000  26.6000000000000014  36.6000000000000014  38.5000000000000000  22.1999999999999993  16.0000000000000000  21.0000000000000000  66.7999999999999972   1.7519999999999999E+02
 1  38.5000000000000000  30.8000000000000007  35.1000000000000014  15.8000000000000007  27.3000000000000007  13.0999999999999996  10.5999999999999996  18.6000000000000014  14.1999999999999993  97.2000000000000028  83.5000000000000000  71.2000000000000028  83.0000000000000000  96.5000000000000000  52.3999999999999986  25.1999999999999993  21.6999999999999993  33.7000000000000028  32.1000000000000014  21.0000000000000000  15.0000000000000000  32.0000000000000000  56.6000000000000014   1.7209999999999999E+02
 1  36.0000000000000000  30.1999999999999993  32.8999999999999986  18.6999999999999993  27.8000000000000007  12.4000000000000004   9.5999999999999996  18.3999999999999986  14.1999999999999993   1.0080000000000000E+02  91.0000000000000000  69.2999999999999972  85.9000000000000057  93.2000000000000028  55.3999999999999986  29.6999999999999993  24.1000000000000014  34.7999999999999972  34.6000000000000014  21.5000000000000000  14.5999999999999996  35.0000000000000000  58.6000000000000014   1.6259999999999999E+02
 1  34.0000000000000000  26.3999999999999986  29.8999999999999986  19.1999999999999993  27.5000000000000000  11.8000000000000007   9.4000000000000004  17.3000000000000007  12.4000000000000004   1.0070000000000000E+02  88.2000000000000028  75.5999999999999943  94.7000000000000028  95.7999999999999972  58.5000000000000000  30.0000000000000000  22.1999999999999993  34.6000000000000014  32.6000000000000014  19.8999999999999986  13.6999999999999993  41.0000000000000000  55.8999999999999986   1.6000000000000000E+02
 1  38.2999999999999972  26.6000000000000014  33.2999999999999972  18.1999999999999993  26.3999999999999986  13.0999999999999996  10.8000000000000007  20.0000000000000000  13.8000000000000007  99.0999999999999943  82.2000000000000028  63.7999999999999972  81.7999999999999972  97.5999999999999943  59.0000000000000000  27.8000000000000007  23.6000000000000014  35.8999999999999986  35.5000000000000000  22.6000000000000014  15.4000000000000004  40.0000000000000000  59.1000000000000014   1.6509999999999999E+02
 1  38.7000000000000028  33.2999999999999972  33.7999999999999972  20.8999999999999986  30.1999999999999993  14.0000000000000000  10.5000000000000000  18.8999999999999986  14.8000000000000007   1.0890000000000001E+02  98.9000000000000057  83.5999999999999943   1.0859999999999999E+02   1.0830000000000000E+02  63.0000000000000000  31.8999999999999986  26.0000000000000000  38.1000000000000014  36.3999999999999986  24.5000000000000000  16.0000000000000000  29.0000000000000000  81.7999999999999972   1.8290000000000001E+02
 1  36.8999999999999986  29.0000000000000000  33.5000000000000000  20.8999999999999986  30.1999999999999993  12.6999999999999993   9.5999999999999996  18.6000000000000014  14.1999999999999993   1.0980000000000000E+02  97.9000000000000057  84.9000000000000057  98.0000000000000000   1.0240000000000001E+02  59.8999999999999986  32.0000000000000000  25.6999999999999993  37.6000000000000014  33.7000000000000028  21.6000000000000014  15.5000000000000000  40.0000000000000000  70.7000000000000028   1.6640000000000001E+02
 1  35.7999999999999972  26.6000000000000014  31.1000000000000014  18.5000000000000000  24.6999999999999993  12.4000000000000004   9.5999999999999996  17.8999999999999986  13.8000000000000007  99.5000000000000000  81.7000000000000028  66.0000000000000000  85.0000000000000000  94.2999999999999972  56.3999999999999986  28.0000000000000000  21.1000000000000014  32.1000000000000014  34.2999999999999972  21.0000000000000000  14.4000000000000004  24.0000000000000000  56.7999999999999972   1.6509999999999999E+02
 1  36.7000000000000028  29.0000000000000000  32.0000000000000000  19.6999999999999993  25.6000000000000014  12.4000000000000004  10.0000000000000000  18.6000000000000014  13.0000000000000000   1.0050000000000000E+02  86.0999999999999943  68.2999999999999972  85.2999999999999972  96.5000000000000000  55.1000000000000014  26.0000000000000000  22.6000000000000014  33.8999999999999986  33.7000000000000028  21.8000000000000007  15.0000000000000000  23.0000000000000000  60.0000000000000000   1.7780000000000001E+02
 1  36.7000000000000028  28.0000000000000000  31.1000000000000014  19.3999999999999986  27.5000000000000000  12.9000000000000004  10.0000000000000000  17.8999999999999986  14.0000000000000000  97.4000000000000057  87.0999999999999943  63.7999999999999972  88.2999999999999972  94.0000000000000000  56.1000000000000014  28.1000000000000014  24.0000000000000000  33.1000000000000014  35.2000000000000028  22.1000000000000014  16.0000000000000000  41.0000000000000000  58.2000000000000028   1.6509999999999999E+02
 1  37.6000000000000014  31.3000000000000007  33.5000000000000000  17.0000000000000000  25.3999999999999986  12.4000000000000004   9.4000000000000004  19.1999999999999993  11.5000000000000000   1.0500000000000000E+02  76.7999999999999972  73.5999999999999943   1.0630000000000000E+02   1.0620000000000000E+02  61.7000000000000028  31.3999999999999986  26.1999999999999993  39.6000000000000014  39.1000000000000014  24.8000000000000007  16.1999999999999993  44.0000000000000000  72.7000000000000028   1.7530000000000001E+02
 1  35.1000000000000014  23.6999999999999993  31.1000000000000014  18.5000000000000000  25.8999999999999986  12.8000000000000007  10.0000000000000000  17.6999999999999993  12.8000000000000007   1.0290000000000001E+02  87.9000000000000057  76.2999999999999972  93.7999999999999972  98.5999999999999943  55.5000000000000000  31.1999999999999993  23.0000000000000000  32.2999999999999972  31.3000000000000007  20.3000000000000007  15.0999999999999996  53.0000000000000000  54.1000000000000014   1.5490000000000001E+02
 1  35.2999999999999972  23.3000000000000007  28.3000000000000007  15.3000000000000007  24.6999999999999993  12.4000000000000004  10.1999999999999993  17.1000000000000014  13.4000000000000004  93.9000000000000057  81.5999999999999943  58.7999999999999972  77.4000000000000057  89.2999999999999972  51.6000000000000014  25.3999999999999986  22.3999999999999986  33.7999999999999972  32.3999999999999986  21.0000000000000000  14.8000000000000007  19.0000000000000000  49.1000000000000014   1.5880000000000001E+02
 1  38.5000000000000000  26.6000000000000014  34.0000000000000000  22.3000000000000007  26.6000000000000014  13.8000000000000007  10.6999999999999993  20.0000000000000000  15.5000000000000000   1.1420000000000000E+02  92.2999999999999972  78.0000000000000000   1.0090000000000001E+02   1.0690000000000001E+02  65.5000000000000000  31.6999999999999993  26.3000000000000007  38.5000000000000000  39.7000000000000028  22.8000000000000007  15.5999999999999996  24.0000000000000000  75.9000000000000057   1.7269999999999999E+02
 1  37.7999999999999972  29.3999999999999986  32.2000000000000028  15.8000000000000007  27.5000000000000000  11.8000000000000007   9.8000000000000007  18.1999999999999993  13.8000000000000007  95.9000000000000057  81.2999999999999972  64.5000000000000000  80.7999999999999972  91.9000000000000057  53.3999999999999986  25.1000000000000014  23.1000000000000014  34.6000000000000014  32.7000000000000028  21.3999999999999986  14.5999999999999996  25.0000000000000000  55.0000000000000000   1.6890000000000001E+02
 1  35.1000000000000014  25.6000000000000014  29.8999999999999986  16.8000000000000007  24.8999999999999986  12.5999999999999996   9.5999999999999996  18.1999999999999993  12.5000000000000000  98.7000000000000028  82.2000000000000028  65.7999999999999972  80.2000000000000028  89.0999999999999943  55.3999999999999986  28.3999999999999986  22.8999999999999986  33.6000000000000014  35.0000000000000000  19.6999999999999993  14.8000000000000007  20.0000000000000000  57.2999999999999972   1.6130000000000001E+02
 1  32.3999999999999986  30.1999999999999993  33.7999999999999972  15.3000000000000007  25.6000000000000014  12.1999999999999993  10.1999999999999993  17.8999999999999986  13.4000000000000004  91.2000000000000028  78.5999999999999943  62.5000000000000000  84.5000000000000000  95.5000000000000000  57.2999999999999972  27.3999999999999986  22.3999999999999986  35.1000000000000014  35.7000000000000028  20.3999999999999986  14.8000000000000007  34.0000000000000000  55.0000000000000000   1.6759999999999999E+02
 1  39.2000000000000028  31.3000000000000007  33.7999999999999972  17.6999999999999993  29.6999999999999993  13.1999999999999993   9.5999999999999996  17.8000000000000007  14.4000000000000004   1.0509999999999999E+02  94.2999999999999972  77.5000000000000000  93.9000000000000057   1.0109999999999999E+02  61.6000000000000014  28.3000000000000007  23.0000000000000000  36.5000000000000000  34.6000000000000014  21.8999999999999986  14.6999999999999993  32.0000000000000000  65.5000000000000000   1.6509999999999999E+02
 1  38.2999999999999972  30.8000000000000007  35.6000000000000014  17.0000000000000000  26.8000000000000007  13.5999999999999996  10.4000000000000004  19.0000000000000000  13.5999999999999996   1.0230000000000000E+02  89.5000000000000000  70.0000000000000000  89.5999999999999943  98.9000000000000057  55.0000000000000000  29.3000000000000007  25.0000000000000000  35.6000000000000014  36.6000000000000014  22.5000000000000000  16.3999999999999986  24.0000000000000000  65.5000000000000000   1.7530000000000001E+02
 1  32.8999999999999986  20.8999999999999986  28.5000000000000000  19.0000000000000000  23.0000000000000000  12.1999999999999993   9.0999999999999996  16.0000000000000000  12.6999999999999993  93.0999999999999943  81.0000000000000000  59.3999999999999986  73.7000000000000028  83.2999999999999972  50.2000000000000028  26.8999999999999986  22.5000000000000000  31.6999999999999993  30.6999999999999993  20.5000000000000000  15.1999999999999993  29.0000000000000000  48.6000000000000014   1.5750000000000000E+02
 1  38.0000000000000000  28.3000000000000007  31.1000000000000014  17.6999999999999993  26.1000000000000014  12.1999999999999993  10.1999999999999993  17.3000000000000007  13.0000000000000000   1.0170000000000000E+02  85.4000000000000057  68.2999999999999972  84.0000000000000000  94.0000000000000000  57.2999999999999972  29.8000000000000007  24.6999999999999993  32.7000000000000028  34.2999999999999972  21.6999999999999993  15.4000000000000004  31.0000000000000000  58.6000000000000014   1.6380000000000001E+02
 1  37.7999999999999972  32.0000000000000000  33.7999999999999972  16.8000000000000007  26.6000000000000014  13.4000000000000004  10.4000000000000004  18.8000000000000007  13.4000000000000004   1.0500000000000000E+02  86.2000000000000028  77.9000000000000057  96.0000000000000000   1.0009999999999999E+02  60.7000000000000028  28.3999999999999986  24.3000000000000007  34.7000000000000028  34.5000000000000000  20.8999999999999986  14.9000000000000004  34.0000000000000000  63.6000000000000014   1.6759999999999999E+02
 1  34.2000000000000028  29.1999999999999993  31.1000000000000014  18.0000000000000000  25.8999999999999986  12.8000000000000007   9.8000000000000007  17.6000000000000014  13.4000000000000004  96.4000000000000057  85.2999999999999972  68.2999999999999972  88.0000000000000000  93.7999999999999972  54.7000000000000028  27.6999999999999993  24.3999999999999986  32.7000000000000028  33.0000000000000000  19.6000000000000014  14.9000000000000004  36.0000000000000000  55.2000000000000028   1.6509999999999999E+02
 1  37.6000000000000014  31.3000000000000007  35.2999999999999972  20.1999999999999993  27.3000000000000007  11.3000000000000007   9.4000000000000004  18.8999999999999986  13.8000000000000007   1.0350000000000000E+02  86.0999999999999943  72.0000000000000000  91.9000000000000057   1.0390000000000001E+02  57.5000000000000000  27.3999999999999986  22.3999999999999986  36.2999999999999972  37.8999999999999986  23.3999999999999986  14.5000000000000000  32.0000000000000000  62.7000000000000028   1.6509999999999999E+02
 1  35.2999999999999972  25.3999999999999986  31.3000000000000007  17.3000000000000007  25.3999999999999986  12.4000000000000004  10.0000000000000000  17.5000000000000000  13.5999999999999996  99.7999999999999972  84.5000000000000000  62.7000000000000028  78.2999999999999972  93.5000000000000000  52.5000000000000000  24.1999999999999993  23.3000000000000007  32.7999999999999972  36.1000000000000014  22.0000000000000000  14.8000000000000007  39.0000000000000000  56.6000000000000014   1.6890000000000001E+02
 1  34.8999999999999986  27.3000000000000007  32.2000000000000028  17.6999999999999993  25.3999999999999986  12.5999999999999996   9.0000000000000000  17.3999999999999986  12.1999999999999993  87.0000000000000000  72.5999999999999943  58.0000000000000000  82.9000000000000057  90.2000000000000028  52.5000000000000000  23.1000000000000014  21.0000000000000000  35.5000000000000000  36.3999999999999986  20.3000000000000007  13.0000000000000000  37.0000000000000000  53.8999999999999986   1.6259999999999999E+02
 1  37.3999999999999986  32.0000000000000000  34.7000000000000028  19.6999999999999993  25.8999999999999986  13.0000000000000000  10.0000000000000000  18.3999999999999986  13.4000000000000004   1.0520000000000000E+02  90.0000000000000000  72.7000000000000028  97.2000000000000028   1.0020000000000000E+02  57.8999999999999986  30.5000000000000000  23.6999999999999993  36.2999999999999972  34.2999999999999972  20.5000000000000000  14.8000000000000007  52.0000000000000000  63.2000000000000028   1.6450000000000000E+02
 1  36.2000000000000028  31.1000000000000014  34.7000000000000028  21.1000000000000014  26.8000000000000007  12.9000000000000004  10.4000000000000004  18.6000000000000014  14.0000000000000000   1.0209999999999999E+02  95.7999999999999972  85.4000000000000057   1.0520000000000000E+02   1.0950000000000000E+02  68.2999999999999972  29.6999999999999993  24.5000000000000000  40.2999999999999972  37.0000000000000000  22.3999999999999986  15.3000000000000007  24.0000000000000000  73.5999999999999943   1.7650000000000000E+02
 1  38.8999999999999986  29.0000000000000000  33.1000000000000014  16.3000000000000007  25.8999999999999986  12.1999999999999993  10.1999999999999993  18.8000000000000007  13.8000000000000007   1.0130000000000000E+02  85.5000000000000000  67.2999999999999972  86.9000000000000057  97.5999999999999943  58.7999999999999972  27.1999999999999993  22.6000000000000014  38.2999999999999972  35.6000000000000014  21.0000000000000000  14.5999999999999996  33.0000000000000000  62.0000000000000000   1.6890000000000001E+02
 1  36.0000000000000000  30.3999999999999986  32.8999999999999986  18.1999999999999993  24.6999999999999993  13.4000000000000004  10.5000000000000000  19.5000000000000000  13.5999999999999996  99.5999999999999943  85.7000000000000028  70.7999999999999972  92.0999999999999943  96.9000000000000057  57.8999999999999986  29.3000000000000007  24.1999999999999993  36.5000000000000000  35.2999999999999972  20.3000000000000007  15.4000000000000004  42.0000000000000000  63.6000000000000014   1.7530000000000001E+02
 1  33.2999999999999972  25.8999999999999986  29.8999999999999986  18.0000000000000000  25.6000000000000014  12.0000000000000000   9.1999999999999993  17.6000000000000014  12.9000000000000004  99.4000000000000057  85.4000000000000057  67.4000000000000057  85.9000000000000057  90.2999999999999972  54.7000000000000028  26.8999999999999986  22.3000000000000007  32.7999999999999972  29.5000000000000000  18.6999999999999993  13.6999999999999993  34.0000000000000000  53.2000000000000028   1.5940000000000001E+02
 1  37.3999999999999986  29.3999999999999986  32.6000000000000014  19.8999999999999986  27.1000000000000014  13.4000000000000004  10.1999999999999993  18.3999999999999986  14.0999999999999996  99.4000000000000057  79.0999999999999943  66.0000000000000000  85.0000000000000000  94.7999999999999972  57.3999999999999986  26.8000000000000007  22.8999999999999986  32.2000000000000028  32.6000000000000014  19.1999999999999993  14.5999999999999996  37.0000000000000000  53.3999999999999986   1.6000000000000000E+02
 1  34.7000000000000028  29.3999999999999986  31.5000000000000000  17.6999999999999993  24.8999999999999986  13.4000000000000004   9.5999999999999996  18.3999999999999986  13.4000000000000004  99.0000000000000000  84.4000000000000057  63.6000000000000014  84.9000000000000057  92.7000000000000028  54.3999999999999986  26.6999999999999993  23.6999999999999993  33.5000000000000000  33.6000000000000014  20.1999999999999993  14.5999999999999996  39.0000000000000000  55.0000000000000000   1.7019999999999999E+02
 1  38.7000000000000028  28.0000000000000000  34.7000000000000028  16.3000000000000007  28.5000000000000000  13.5999999999999996  10.4000000000000004  20.3999999999999986  14.3000000000000007   1.0820000000000000E+02  90.0000000000000000  71.7000000000000028  95.7999999999999972   1.0840000000000001E+02  68.5000000000000000  28.6999999999999993  25.8999999999999986  40.5000000000000000  39.5000000000000000  23.3000000000000007  15.5999999999999996  41.0000000000000000  70.5000000000000000   1.6259999999999999E+02
 1  36.2000000000000028  28.3000000000000007  31.3000000000000007  16.3000000000000007  25.3999999999999986  12.1999999999999993   9.5999999999999996  16.8000000000000007  12.9000000000000004  96.4000000000000057  82.9000000000000057  73.5999999999999943  86.9000000000000057  94.7000000000000028  52.8999999999999986  25.0000000000000000  21.0000000000000000  31.6000000000000014  30.1999999999999993  19.3000000000000007  13.5999999999999996  36.0000000000000000  54.5000000000000000   1.6759999999999999E+02
 1  37.6000000000000014  27.8000000000000007  31.1000000000000014  19.8999999999999986  25.8999999999999986  12.9000000000000004   9.5999999999999996  17.1999999999999993  13.8000000000000007   1.0140000000000001E+02  87.2999999999999972  66.9000000000000057  83.2999999999999972  90.5999999999999943  54.3999999999999986  28.8999999999999986  23.8000000000000007  33.8999999999999986  33.8999999999999986  20.8000000000000007  15.5000000000000000  19.0000000000000000  54.5000000000000000   1.6259999999999999E+02
 1  34.8999999999999986  26.1000000000000014  29.0000000000000000  16.5000000000000000  25.6000000000000014  12.0000000000000000   9.1999999999999993  17.3000000000000007  13.1999999999999993  98.2000000000000028  85.2999999999999972  65.5000000000000000  76.7000000000000028  90.7999999999999972  56.3999999999999986  27.3000000000000007  24.3000000000000007  33.1000000000000014  35.0000000000000000  20.6999999999999993  14.1999999999999993  22.0000000000000000  55.8999999999999986   1.6069999999999999E+02
 1  34.7000000000000028  24.6999999999999993  32.0000000000000000  17.6999999999999993  25.1999999999999993  12.8000000000000007  10.4000000000000004  18.3999999999999986  13.8000000000000007   1.0059999999999999E+02  87.2999999999999972  70.4000000000000057  91.0999999999999943  96.7000000000000028  55.6000000000000014  29.8999999999999986  23.6999999999999993  35.2999999999999972  33.7999999999999972  23.0000000000000000  16.3000000000000007  23.0000000000000000  59.0000000000000000   1.6000000000000000E+02
 1  34.0000000000000000  26.8000000000000007  32.2000000000000028  17.3000000000000007  28.6999999999999993  11.1999999999999993   9.0999999999999996  17.3999999999999986  12.9000000000000004   1.0840000000000001E+02  93.2000000000000028  80.2999999999999972  98.0000000000000000   1.0120000000000000E+02  61.2000000000000028  31.0000000000000000  23.6000000000000014  34.6000000000000014  35.6000000000000014  20.0000000000000000  14.3000000000000007  36.0000000000000000  63.6000000000000014   1.5750000000000000E+02
 1  37.7999999999999972  28.5000000000000000  33.5000000000000000  18.0000000000000000  27.1000000000000014  12.9000000000000004  10.4000000000000004  18.6000000000000014  13.4000000000000004   1.0080000000000000E+02  84.7000000000000028  65.0000000000000000  84.5000000000000000  94.7000000000000028  54.7999999999999972  28.8999999999999986  24.3999999999999986  34.7000000000000028  34.7999999999999972  22.5000000000000000  15.3000000000000007  45.0000000000000000  54.5000000000000000   1.6259999999999999E+02
 1  35.1000000000000014  27.8000000000000007  30.6000000000000014  16.3000000000000007  26.8000000000000007  11.5999999999999996   9.5999999999999996  17.1999999999999993  12.0000000000000000  94.7999999999999972  78.0000000000000000  60.3999999999999986  79.2000000000000028  87.0000000000000000  49.5000000000000000  26.8000000000000007  22.6999999999999993  33.2000000000000028  31.5000000000000000  18.8000000000000007  14.6999999999999993  25.0000000000000000  47.2999999999999972   1.5240000000000001E+02
 1  39.2000000000000028  29.8999999999999986  34.8999999999999986  18.5000000000000000  26.3999999999999986  14.3000000000000007  10.8000000000000007  19.6000000000000014  14.4000000000000004   1.0820000000000000E+02  90.7000000000000028  75.2999999999999972  96.2999999999999972   1.0359999999999999E+02  59.8999999999999986  31.5000000000000000  25.3999999999999986  35.7000000000000028  35.7999999999999972  21.1000000000000014  16.3000000000000007  67.0000000000000000  67.7000000000000028   1.7019999999999999E+02
 1  35.1000000000000014  29.8999999999999986  35.2999999999999972  18.0000000000000000  28.5000000000000000  13.8000000000000007  10.5000000000000000  20.0000000000000000  14.3000000000000007   1.1070000000000000E+02  95.0000000000000000  83.4000000000000057   1.0050000000000000E+02   1.0750000000000000E+02  67.4000000000000057  34.2000000000000028  28.3000000000000007  40.8999999999999986  41.2000000000000028  23.3999999999999986  15.5999999999999996  26.0000000000000000  80.9000000000000057   1.6509999999999999E+02
 1  37.1000000000000014  29.1999999999999993  32.0000000000000000  18.0000000000000000  26.1000000000000014  13.1999999999999993  10.1999999999999993  19.1999999999999993  14.4000000000000004   1.0259999999999999E+02  88.7000000000000028  72.2000000000000028  87.7999999999999972  96.0999999999999943  61.1000000000000014  29.5000000000000000  24.6000000000000014  39.1000000000000014  38.7000000000000028  26.0000000000000000  15.5000000000000000  21.0000000000000000  70.5000000000000000   1.7269999999999999E+02
 1  35.7999999999999972  29.3999999999999986  30.8000000000000007  17.0000000000000000  26.6000000000000014  12.1999999999999993  10.8000000000000007  17.6000000000000014  13.4000000000000004  98.0999999999999943  86.5999999999999943  70.0999999999999943  86.2000000000000028  97.5999999999999943  55.6000000000000014  27.6000000000000014  23.6999999999999993  34.8999999999999986  32.0000000000000000  21.1000000000000014  15.3000000000000007  33.0000000000000000  60.8999999999999986   1.6509999999999999E+02
 1  35.2999999999999972  26.8000000000000007  31.6999999999999993  18.5000000000000000  23.3000000000000007  11.5000000000000000   9.1999999999999993  17.8000000000000007  12.5999999999999996  92.0000000000000000  82.5000000000000000  69.7999999999999972  86.4000000000000057   1.0020000000000000E+02  59.0000000000000000  26.6999999999999993  23.3000000000000007  33.5000000000000000  33.1000000000000014  19.6000000000000014  14.1999999999999993  25.0000000000000000  63.6000000000000014   1.7019999999999999E+02
 1  37.6000000000000014  26.8000000000000007  31.1000000000000014  16.5000000000000000  24.0000000000000000  11.8000000000000007  10.1999999999999993  18.3999999999999986  12.8000000000000007  98.5999999999999943  81.4000000000000057  66.4000000000000057  78.5000000000000000  91.5999999999999943  54.6000000000000014  24.1999999999999993  21.1999999999999993  33.0000000000000000  34.2999999999999972  20.1999999999999993  15.0000000000000000  24.0000000000000000  54.5000000000000000   1.7019999999999999E+02
 1  35.7999999999999972  29.0000000000000000  30.6000000000000014  18.0000000000000000  24.1999999999999993  12.4000000000000004  10.5000000000000000  17.8999999999999986  13.4000000000000004  96.0999999999999943  79.9000000000000057  61.7000000000000028  79.7000000000000028  94.7000000000000028  56.5000000000000000  25.5000000000000000  23.1999999999999993  36.7000000000000028  36.2000000000000028  22.0000000000000000  14.8000000000000007  21.0000000000000000  59.1000000000000014   1.7019999999999999E+02
 1  36.0000000000000000  29.1999999999999993  33.5000000000000000  17.5000000000000000  27.8000000000000007  11.5999999999999996  10.5000000000000000  18.6999999999999993  14.1999999999999993   1.0770000000000000E+02  91.0999999999999943  76.4000000000000057  98.2999999999999972   1.0700000000000000E+02  64.5000000000000000  32.7999999999999972  24.8000000000000007  36.5000000000000000  36.2000000000000028  23.8999999999999986  15.5000000000000000  35.0000000000000000  70.5000000000000000   1.6130000000000001E+02
 1  35.6000000000000014  28.3000000000000007  28.0000000000000000  14.4000000000000004  23.6999999999999993  11.6999999999999993   9.5999999999999996  16.3999999999999986  13.0000000000000000  95.4000000000000057  80.0999999999999943  63.7999999999999972  72.5000000000000000  86.2999999999999972  51.5000000000000000  24.3999999999999986  22.0000000000000000  32.0000000000000000  32.6000000000000014  21.0000000000000000  14.0000000000000000  27.0000000000000000  52.7000000000000028   1.6759999999999999E+02
 1  37.1000000000000014  27.8000000000000007  31.6999999999999993  20.6000000000000014  26.3999999999999986  12.4000000000000004  10.4000000000000004  18.1999999999999993  13.1999999999999993  99.2999999999999972  86.4000000000000057  70.2000000000000028  86.7000000000000028  97.7999999999999972  58.5000000000000000  28.3000000000000007  24.8999999999999986  35.5000000000000000  36.2999999999999972  21.3999999999999986  15.3000000000000007  27.0000000000000000  62.7000000000000028   1.6759999999999999E+02
 1  35.6000000000000014  30.1999999999999993  32.8999999999999986  21.8000000000000007  26.8000000000000007  13.0000000000000000  11.0000000000000000  20.6000000000000014  14.3000000000000007   1.1520000000000000E+02   1.0520000000000000E+02  88.2000000000000028   1.0650000000000000E+02   1.0790000000000001E+02  63.1000000000000014  30.3000000000000007  25.1999999999999993  39.2000000000000028  38.3999999999999986  23.1000000000000014  16.3999999999999986  26.0000000000000000  86.2999999999999972   1.6509999999999999E+02
 1  35.1000000000000014  29.3999999999999986  33.1000000000000014  17.6999999999999993  27.3000000000000007  12.8000000000000007  10.3000000000000007  18.6999999999999993  13.5999999999999996  96.7000000000000028  91.0999999999999943  75.7999999999999972  94.4000000000000057   1.0330000000000000E+02  60.5000000000000000  30.3999999999999986  24.8000000000000007  36.7999999999999972  35.8999999999999986  21.8000000000000007  15.5000000000000000  25.0000000000000000  66.4000000000000057   1.6259999999999999E+02
 1  35.7999999999999972  26.8000000000000007  30.3999999999999986  23.3000000000000007  25.6000000000000014  12.4000000000000004  10.3000000000000007  17.5000000000000000  13.0000000000000000   1.0900000000000000E+02  96.7000000000000028  81.5000000000000000  94.0999999999999943  94.9000000000000057  54.7999999999999972  31.1999999999999993  25.8000000000000007  34.3999999999999986  37.2999999999999972  21.8000000000000007  14.5999999999999996  44.0000000000000000  67.2999999999999972   1.5240000000000001E+02
 1  37.3999999999999986  29.3999999999999986  31.6999999999999993  16.5000000000000000  25.8999999999999986  12.1999999999999993  10.8000000000000007  19.3999999999999986  14.3000000000000007  95.0999999999999943  80.5000000000000000  67.4000000000000057  77.7000000000000028  95.0999999999999943  56.2999999999999972  27.0000000000000000  24.3000000000000007  36.2000000000000028  36.7000000000000028  23.6999999999999993  15.9000000000000004  29.0000000000000000  63.0000000000000000   1.6890000000000001E+02
 1  38.8999999999999986  28.5000000000000000  34.0000000000000000  19.1999999999999993  27.5000000000000000  13.3000000000000007  10.3000000000000007  19.1000000000000014  14.1999999999999993   1.0840000000000001E+02  90.4000000000000057  78.2999999999999972  95.4000000000000057   1.0490000000000001E+02  63.1000000000000014  32.7999999999999972  27.0000000000000000  39.3999999999999986  39.1000000000000014  23.0000000000000000  16.5000000000000000  26.0000000000000000  73.5999999999999943   1.7019999999999999E+02
 1  37.3999999999999986  29.0000000000000000  32.8999999999999986  17.6999999999999993  23.5000000000000000  12.6999999999999993  10.0000000000000000  18.1999999999999993  13.8000000000000007  98.2000000000000028  84.0999999999999943  65.9000000000000057  83.7000000000000028  96.2999999999999972  57.0000000000000000  26.6000000000000014  23.6999999999999993  35.6000000000000014  34.0000000000000000  21.6999999999999993  15.0999999999999996  23.0000000000000000  62.2999999999999972   1.7519999999999999E+02
 1  37.6000000000000014  28.3000000000000007  29.3999999999999986  16.8000000000000007  25.3999999999999986  13.1999999999999993  10.0000000000000000  17.8000000000000007  14.1999999999999993  99.7000000000000028  84.2000000000000028  62.3999999999999986  81.4000000000000057  90.4000000000000057  53.2000000000000028  25.8000000000000007  23.0000000000000000  34.5000000000000000  31.0000000000000000  19.1999999999999993  14.6999999999999993  32.0000000000000000  57.7000000000000028   1.7519999999999999E+02
 1  35.1000000000000014  26.6000000000000014  29.1999999999999993  17.0000000000000000  24.3999999999999986  11.8000000000000007   9.4000000000000004  17.0000000000000000  12.1999999999999993  94.4000000000000057  82.5000000000000000  65.5999999999999943  81.7999999999999972  92.7999999999999972  56.2000000000000028  28.8000000000000007  24.6999999999999993  33.0000000000000000  34.6000000000000014  21.6999999999999993  15.8000000000000007  32.0000000000000000  55.3999999999999986   1.6000000000000000E+02
 1  38.0000000000000000  33.2999999999999972  37.7999999999999972  20.6000000000000014  28.3000000000000007  15.0000000000000000  11.5000000000000000  22.6000000000000014  13.8000000000000007   1.2709999999999999E+02   1.0690000000000001E+02  96.2000000000000028   1.2109999999999999E+02   1.2830000000000001E+02  72.2999999999999972  35.8999999999999986  30.6000000000000014  49.0000000000000000  45.3999999999999986  24.1000000000000014  17.8000000000000007  43.0000000000000000   1.0409999999999999E+02   1.6509999999999999E+02
 1  36.7000000000000028  25.1999999999999993  29.1999999999999993  18.5000000000000000  24.1999999999999993  12.0000000000000000   9.0000000000000000  17.0000000000000000  11.8000000000000007  94.9000000000000057  79.9000000000000057  62.5000000000000000  74.0000000000000000  87.5999999999999943  51.6000000000000014  25.6999999999999993  21.8999999999999986  31.6999999999999993  34.7000000000000028  18.5000000000000000  13.9000000000000004  32.0000000000000000  55.5000000000000000   1.7400000000000000E+02
 1  35.6000000000000014  29.8999999999999986  33.5000000000000000  18.1999999999999993  24.8999999999999986  13.1999999999999993  11.0000000000000000  19.1999999999999993  13.8000000000000007  98.9000000000000057  93.0000000000000000  80.5000000000000000  98.7999999999999972   1.0720000000000000E+02  63.0000000000000000  34.1000000000000014  27.6000000000000014  38.7999999999999972  38.2000000000000028  22.1999999999999993  16.3000000000000007  41.0000000000000000  77.2999999999999972   1.7019999999999999E+02
 1  35.6000000000000014  30.8000000000000007  33.7999999999999972  26.8000000000000007  27.1000000000000014  12.4000000000000004  10.1999999999999993  18.1999999999999993  14.0000000000000000   1.0640000000000001E+02  96.2999999999999972  86.0999999999999943   1.0740000000000001E+02   1.1200000000000000E+02  69.4000000000000057  31.6999999999999993  25.5000000000000000  39.3999999999999986  38.7000000000000028  23.6999999999999993  16.3000000000000007  33.0000000000000000  80.5000000000000000   1.6000000000000000E+02
 1  35.6000000000000014  27.3000000000000007  31.6999999999999993  17.5000000000000000  27.3000000000000007  12.4000000000000004   9.8000000000000007  17.6000000000000014  12.6999999999999993   1.0220000000000000E+02  86.7999999999999972  71.2999999999999972  85.7000000000000028  94.0000000000000000  59.2000000000000028  31.1000000000000014  24.3999999999999986  35.8999999999999986  34.3999999999999986  21.1999999999999993  14.1999999999999993  28.0000000000000000  64.5000000000000000   1.6759999999999999E+02
 1  37.7999999999999972  29.0000000000000000  32.3999999999999986  20.6000000000000014  28.5000000000000000  12.6999999999999993   9.0999999999999996  18.1999999999999993  13.1999999999999993   1.1030000000000000E+02  95.2999999999999972  79.4000000000000057  90.9000000000000057   1.0270000000000000E+02  63.0000000000000000  29.8999999999999986  24.8999999999999986  38.7000000000000028  36.2999999999999972  21.3000000000000007  15.5000000000000000  28.0000000000000000  72.2999999999999972   1.6759999999999999E+02
 1  40.8999999999999986  28.6999999999999993  29.1999999999999993  18.1999999999999993  27.3000000000000007  12.9000000000000004   9.5999999999999996  16.8000000000000007  13.4000000000000004   1.0730000000000000E+02  93.0000000000000000  72.2999999999999972  89.0000000000000000  92.0000000000000000  54.7000000000000028  28.8000000000000007  23.1999999999999993  35.0000000000000000  34.2000000000000028  20.5000000000000000  14.8000000000000007  25.0000000000000000  61.3999999999999986   1.6759999999999999E+02
 1  34.0000000000000000  25.8999999999999986  29.3999999999999986  20.1999999999999993  24.1999999999999993  11.4000000000000004   9.5999999999999996  16.6000000000000014  12.5999999999999996  95.0000000000000000  86.4000000000000057  67.4000000000000057  86.7000000000000028  98.4000000000000057  59.1000000000000014  29.3000000000000007  23.1000000000000014  35.6000000000000014  37.3999999999999986  22.5000000000000000  14.4000000000000004  38.0000000000000000  58.2000000000000028   1.5490000000000001E+02
 1  34.8999999999999986  31.3000000000000007  31.6999999999999993  20.8999999999999986  31.5000000000000000  13.0000000000000000   9.5999999999999996  17.8000000000000007  13.6999999999999993   1.1559999999999999E+02   1.0900000000000000E+02  94.2000000000000028   1.1050000000000000E+02   1.0350000000000000E+02  57.7999999999999972  35.7000000000000028  25.6000000000000014  34.7999999999999972  35.5000000000000000  19.5000000000000000  15.0000000000000000  37.0000000000000000  81.7999999999999972   1.6259999999999999E+02
 1  35.7999999999999972  31.5000000000000000  32.6000000000000014  17.5000000000000000  25.1999999999999993  12.9000000000000004   9.8000000000000007  17.8999999999999986  13.4000000000000004  99.2999999999999972  86.2000000000000028  67.0000000000000000  85.2999999999999972  96.7000000000000028  56.2000000000000028  27.0000000000000000  22.3000000000000007  37.0000000000000000  33.0000000000000000  21.6000000000000014  15.0000000000000000  25.0000000000000000  63.6000000000000014   1.7530000000000001E+02
 1  36.5000000000000000  27.5000000000000000  30.8000000000000007  18.5000000000000000  24.5000000000000000  11.5999999999999996   9.5999999999999996  17.0000000000000000  11.6999999999999993  93.0999999999999943  85.2999999999999972  69.5000000000000000  86.2000000000000028  90.5999999999999943  51.7000000000000028  24.3999999999999986  22.1000000000000014  33.8999999999999986  30.8000000000000007  19.8999999999999986  14.0999999999999996  37.0000000000000000  53.3999999999999986   1.7140000000000001E+02
 1  32.8999999999999986  26.8000000000000007  28.6999999999999993  16.3000000000000007  24.3999999999999986  11.0000000000000000   8.5999999999999996  16.3999999999999986  12.5999999999999996  94.9000000000000057  84.2000000000000028  66.4000000000000057  79.2999999999999972  92.0000000000000000  53.3999999999999986  24.8999999999999986  22.3000000000000007  32.5000000000000000  31.6999999999999993  21.6999999999999993  13.4000000000000004  27.0000000000000000  54.5000000000000000   1.5750000000000000E+02
 1  36.8999999999999986  28.5000000000000000  31.5000000000000000  15.5999999999999996  27.8000000000000007  11.5999999999999996   9.8000000000000007  17.1999999999999993  12.9000000000000004   1.0000000000000000E+02  83.7000000000000028  67.5999999999999943  84.0999999999999943  90.4000000000000057  52.3999999999999986  25.6000000000000014  23.0000000000000000  34.5000000000000000  32.5000000000000000  21.6999999999999993  14.5999999999999996  27.0000000000000000  53.6000000000000014   1.6509999999999999E+02
 1  35.7999999999999972  29.3999999999999986  32.0000000000000000  18.0000000000000000  25.8999999999999986  11.8000000000000007   9.8000000000000007  18.0000000000000000  12.6999999999999993  98.5999999999999943  86.5000000000000000  66.5999999999999943  87.5000000000000000  96.7000000000000028  59.2999999999999972  27.3000000000000007  24.0000000000000000  36.0000000000000000  34.8999999999999986  21.3999999999999986  14.5999999999999996  20.0000000000000000  60.0000000000000000   1.6000000000000000E+02
 1  39.3999999999999986  28.3000000000000007  30.1999999999999993  21.6000000000000014  29.6999999999999993  12.8000000000000007  10.5000000000000000  19.5000000000000000  14.4000000000000004   1.0720000000000000E+02  98.2000000000000028  69.7000000000000028  86.0000000000000000  94.9000000000000057  59.1000000000000014  29.8999999999999986  25.0000000000000000  37.7000000000000028  37.7000000000000028  23.6999999999999993  16.1999999999999993  19.0000000000000000  73.5999999999999943   1.7400000000000000E+02
 1  36.5000000000000000  28.3000000000000007  29.6999999999999993  17.6999999999999993  26.3999999999999986  12.0000000000000000  10.0000000000000000  17.1000000000000014  12.8000000000000007  98.2999999999999972  88.0000000000000000  72.0000000000000000  86.0000000000000000  95.5000000000000000  57.2999999999999972  27.6000000000000014  23.3000000000000007  35.2000000000000028  31.8999999999999986  19.6000000000000014  15.4000000000000004  32.0000000000000000  61.3999999999999986   1.6259999999999999E+02
 1  35.7999999999999972  27.3000000000000007  28.5000000000000000  18.1999999999999993  23.5000000000000000  11.1999999999999993  10.1999999999999993  17.5000000000000000  12.9000000000000004  92.4000000000000057  80.4000000000000057  64.5000000000000000  81.7000000000000028  88.4000000000000057  52.3999999999999986  25.5000000000000000  23.0000000000000000  34.5000000000000000  32.7000000000000028  20.3000000000000007  14.9000000000000004  26.0000000000000000  55.5000000000000000   1.7400000000000000E+02
 1  34.3999999999999986  29.6999999999999993  31.6999999999999993  17.5000000000000000  24.6999999999999993  12.5999999999999996  10.1999999999999993  17.6999999999999993  12.4000000000000004  93.0000000000000000  86.0000000000000000  72.2999999999999972  91.7000000000000028  97.7999999999999972  59.1000000000000014  31.0000000000000000  26.3000000000000007  39.8999999999999986  39.7000000000000028  21.6000000000000014  15.4000000000000004  56.0000000000000000  63.6000000000000014   1.6259999999999999E+02
 1  36.5000000000000000  26.6000000000000014  30.8000000000000007  16.0000000000000000  24.8999999999999986  12.5999999999999996  10.6999999999999993  17.0000000000000000  13.0000000000000000  99.5000000000000000  86.4000000000000057  69.0999999999999943  87.7999999999999972  95.4000000000000057  59.5000000000000000  28.3000000000000007  24.6999999999999993  35.6000000000000014  34.6000000000000014  23.0000000000000000  16.6000000000000014  23.0000000000000000  60.8999999999999986   1.6130000000000001E+02
 1  38.5000000000000000  25.6000000000000014  31.6999999999999993  17.0000000000000000  25.6000000000000014  11.8000000000000007  10.1999999999999993  16.8000000000000007  12.9000000000000004  92.7999999999999972  87.5999999999999943  74.7000000000000028  77.0000000000000000  97.7000000000000028  57.0000000000000000  28.1000000000000014  23.1000000000000014  34.3999999999999986  32.7000000000000028  20.8999999999999986  15.1999999999999993  19.0000000000000000  60.0000000000000000   1.5619999999999999E+02
 1  35.2999999999999972  25.3999999999999986  28.5000000000000000  15.0999999999999996  24.8999999999999986  10.5999999999999996  10.4000000000000004  17.0000000000000000  12.5999999999999996  95.9000000000000057  80.9000000000000057  60.7999999999999972  77.4000000000000057  84.5999999999999943  51.0000000000000000  26.8000000000000007  22.8000000000000007  34.3999999999999986  33.1000000000000014  21.0000000000000000  15.4000000000000004  31.0000000000000000  46.7999999999999972   1.4990000000000001E+02
 1  36.2000000000000028  28.6999999999999993  27.8000000000000007  16.0000000000000000  23.6999999999999993  12.4000000000000004  10.1999999999999993  17.8999999999999986  13.1999999999999993  96.0999999999999943  82.0999999999999943  66.9000000000000057  82.4000000000000057  91.5999999999999943  53.3999999999999986  26.1999999999999993  22.6000000000000014  35.0000000000000000  35.2000000000000028  22.3999999999999986  15.1999999999999993  34.0000000000000000  57.2999999999999972   1.6950000000000000E+02
 1  34.8999999999999986  28.6999999999999993  32.8999999999999986  16.8000000000000007  26.8000000000000007  13.4000000000000004  10.8000000000000007  17.8999999999999986  12.9000000000000004  98.5000000000000000  89.2999999999999972  68.7999999999999972  90.7999999999999972   1.0330000000000000E+02  63.0000000000000000  29.6000000000000014  25.1000000000000014  34.3999999999999986  35.0000000000000000  21.0000000000000000  15.9000000000000004  34.0000000000000000  64.0999999999999943   1.6000000000000000E+02
 1  38.7000000000000028  29.6999999999999993  32.0000000000000000  15.8000000000000007  26.3999999999999986  12.8000000000000007  10.5000000000000000  18.3999999999999986  13.8000000000000007   1.0380000000000000E+02  85.2999999999999972  63.7000000000000028  85.2999999999999972  96.2999999999999972  55.5000000000000000  26.3999999999999986  23.0000000000000000  36.5000000000000000  34.1000000000000014  21.3000000000000007  15.0000000000000000  24.0000000000000000  63.6000000000000014   1.7530000000000001E+02
 1  37.6000000000000014  25.1999999999999993  29.0000000000000000  19.1999999999999993  27.1000000000000014  14.0000000000000000  11.0000000000000000  18.8999999999999986  13.1999999999999993   1.0500000000000000E+02  89.0000000000000000  71.2000000000000028  86.0999999999999943  93.5000000000000000  56.1000000000000014  30.1999999999999993  24.3999999999999986  37.0000000000000000  37.5000000000000000  22.6000000000000014  15.6999999999999993  22.0000000000000000  67.2999999999999972   1.6950000000000000E+02
 1  34.7000000000000028  29.3999999999999986  33.5000000000000000  17.6999999999999993  25.3999999999999986  12.4000000000000004  10.8000000000000007  20.1999999999999993  12.8000000000000007   1.0020000000000000E+02  94.0999999999999943  79.5999999999999943   1.0350000000000000E+02   1.0430000000000000E+02  66.5000000000000000  36.8999999999999986  29.0000000000000000  40.2999999999999972  37.8999999999999986  24.6000000000000014  16.3999999999999986  34.0000000000000000  75.5000000000000000   1.6000000000000000E+02
 1  37.7999999999999972  29.6999999999999993  31.3000000000000007  18.5000000000000000  26.6000000000000014  13.4000000000000004  11.1999999999999993  18.3999999999999986  14.1999999999999993  99.0999999999999943  90.7999999999999972  77.9000000000000057  90.5999999999999943  96.2999999999999972  56.2000000000000028  28.1000000000000014  24.3000000000000007  38.2000000000000028  36.6000000000000014  22.3000000000000007  15.4000000000000004  30.0000000000000000  68.2000000000000028   1.7269999999999999E+02
 1  39.7999999999999972  27.5000000000000000  31.5000000000000000  19.3999999999999986  29.0000000000000000  13.0999999999999996  10.4000000000000004  17.6000000000000014  13.8000000000000007   1.0759999999999999E+02  97.0000000000000000  69.5999999999999943  90.2000000000000028  98.2999999999999972  56.2999999999999972  32.0000000000000000  25.1000000000000014  32.2999999999999972  33.7999999999999972  20.8000000000000007  15.9000000000000004  32.0000000000000000  61.3999999999999986   1.6259999999999999E+02
 1  36.5000000000000000  29.6999999999999993  34.0000000000000000  20.1999999999999993  28.5000000000000000  13.3000000000000007   9.8000000000000007  18.8999999999999986  12.4000000000000004   1.0400000000000000E+02  95.4000000000000057  86.0000000000000000   1.0709999999999999E+02   1.1209999999999999E+02  64.4000000000000057  32.2999999999999972  26.3999999999999986  35.7000000000000028  37.0000000000000000  21.3999999999999986  15.8000000000000007  40.0000000000000000  76.7999999999999972   1.5750000000000000E+02
 1  38.0000000000000000  30.3999999999999986  32.8999999999999986  17.0000000000000000  27.1000000000000014  12.9000000000000004  10.4000000000000004  19.5000000000000000  14.4000000000000004   1.0840000000000001E+02  91.7999999999999972  69.9000000000000057  90.4000000000000057   1.0100000000000000E+02  60.6000000000000014  30.3000000000000007  25.3999999999999986  37.7000000000000028  37.8999999999999986  22.3999999999999986  15.4000000000000004  29.0000000000000000  71.7999999999999972   1.7650000000000000E+02
 1  35.2999999999999972  28.6999999999999993  30.3999999999999986  17.6999999999999993  25.6000000000000014  12.4000000000000004   9.8000000000000007  17.3000000000000007  13.5999999999999996  99.2999999999999972  87.2999999999999972  63.5000000000000000  79.2000000000000028  89.5000000000000000  55.2000000000000028  30.1000000000000014  23.6000000000000014  35.6000000000000014  33.2999999999999972  22.3999999999999986  15.1999999999999993  21.0000000000000000  55.5000000000000000   1.6440000000000001E+02
 1  34.7000000000000028  24.8999999999999986  24.6999999999999993  17.3000000000000007  24.1999999999999993  12.0000000000000000  10.1999999999999993  18.0000000000000000  13.5999999999999996  91.9000000000000057  78.0999999999999943  57.8999999999999986  75.0999999999999943  86.9000000000000057  51.7999999999999972  27.3999999999999986  24.0000000000000000  34.3999999999999986  34.1000000000000014  21.1999999999999993  15.5000000000000000  33.0000000000000000  48.6000000000000014   1.6069999999999999E+02
 1  38.5000000000000000  29.0000000000000000  32.8999999999999986  15.3000000000000007  25.6000000000000014  12.0000000000000000   9.8000000000000007  18.6000000000000014  13.3000000000000007   1.0709999999999999E+02  90.9000000000000057  72.2000000000000028  89.4000000000000057  98.5999999999999943  59.0000000000000000  30.6000000000000014  24.8999999999999986  38.3999999999999986  36.6000000000000014  22.0000000000000000  15.5000000000000000  33.0000000000000000  66.4000000000000057   1.7400000000000000E+02
 1  35.6000000000000014  29.0000000000000000  29.0000000000000000  20.3999999999999986  26.8000000000000007  13.4000000000000004  10.8000000000000007  18.6999999999999993  13.8000000000000007   1.0050000000000000E+02  97.0999999999999943  80.4000000000000057   1.0080000000000000E+02   1.0220000000000000E+02  57.3999999999999986  33.2000000000000028  25.5000000000000000  39.6000000000000014  35.8999999999999986  23.0000000000000000  16.3999999999999986  38.0000000000000000  67.2999999999999972   1.6380000000000001E+02
